ISO-10303-21;
HEADER;
FILE_DESCRIPTION (( 'STEP AP214' ),
    '1' );
FILE_NAME ('KLDX-0202-AC.STEP',
    '2026-06-25T08:50:15',
    ( '' ),
    ( '' ),
    'SwSTEP 2.0',
    'SolidWorks 2026',
    '' );
FILE_SCHEMA (( 'AUTOMOTIVE_DESIGN' ));
ENDSEC;

DATA;
#1 = ORIENTED_EDGE ( 'NONE', *, *, #2687, .T. ) ;
#2 = CARTESIAN_POINT ( 'NONE',  ( 1.374999998871931917, 3.650000001057898569, -9.200000000000001066 ) ) ;
#3 = MECHANICAL_DESIGN_GEOMETRIC_PRESENTATION_REPRESENTATION (  '', ( #1213 ), #1492 ) ;
#4 = EDGE_CURVE ( 'NONE', #2223, #867, #1333, .T. ) ;
#5 = CARTESIAN_POINT ( 'NONE',  ( 4.500000000000000000, 10.40000000000000036, -3.500000001250000103 ) ) ;
#6 = CARTESIAN_POINT ( 'NONE',  ( 3.803283115000000159, 7.500000000000000000, -12.00000000000000000 ) ) ;
#7 = CARTESIAN_POINT ( 'NONE',  ( 1.449999999999999734, -1.967911962682199700, -14.16770113301497069 ) ) ;
#8 = MECHANICAL_DESIGN_GEOMETRIC_PRESENTATION_REPRESENTATION (  '', ( #1297 ), #274 ) ;
#9 = CARTESIAN_POINT ( 'NONE',  ( -4.500000000000000000, 0.4000000002419725198, -12.00000000000000000 ) ) ;
#10 = CARTESIAN_POINT ( 'NONE',  ( 1.874516600054608961, 9.600000000384470766, 0.000000000000000000 ) ) ;
#11 = EDGE_CURVE ( 'NONE', #1935, #870, #1976, .T. ) ;
#12 = CARTESIAN_POINT ( 'NONE',  ( 4.307828159999998796, 0.04214273280700014251, -12.00000000000000178 ) ) ;
#13 = VERTEX_POINT ( 'NONE', #2539 ) ;
#14 = COLOUR_RGB ( '',0.7490196078431372584, 0.7490196078431372584, 0.7490196078431372584 ) ;
#15 = FILL_AREA_STYLE_COLOUR ( '', #1889 ) ;
#16 =( NAMED_UNIT ( * ) PLANE_ANGLE_UNIT ( ) SI_UNIT ( $, .RADIAN. ) );
#17 = CARTESIAN_POINT ( 'NONE',  ( -1.249999998153684899, -4.550987015412924386, -8.452027753377457486 ) ) ;
#18 = ORIENTED_EDGE ( 'NONE', *, *, #2750, .F. ) ;
#19 = CARTESIAN_POINT ( 'NONE',  ( 4.100000000000000533, 10.80000000000000071, -0.2500000000000000000 ) ) ;
#20 = EDGE_LOOP ( 'NONE', ( #3193, #3108, #240, #2593 ) ) ;
#21 = CARTESIAN_POINT ( 'NONE',  ( 1.649999998700000026, 0.2334459459999999875, -13.70000000000000107 ) ) ;
#22 = ORIENTED_EDGE ( 'NONE', *, *, #1660, .T. ) ;
#23 = UNCERTAINTY_MEASURE_WITH_UNIT (LENGTH_MEASURE( 1.000000000000000082E-05 ), #285, 'distance_accuracy_value', 'NONE');
#24 = CARTESIAN_POINT ( 'NONE',  ( -1.250000000000000000, -2.219897942999999874, -7.170956061000000048 ) ) ;
#25 = VERTEX_POINT ( 'NONE', #1909 ) ;
#26 = SURFACE_SIDE_STYLE ('',( #707 ) ) ;
#27 = CARTESIAN_POINT ( 'NONE',  ( 4.900000000000001243, -4.799999999076741908, -11.89999999901550432 ) ) ;
#28 = EDGE_CURVE ( 'NONE', #4039, #4059, #3959, .T. ) ;
#29 = CARTESIAN_POINT ( 'NONE',  ( 2.949999999999999734, 7.400000000000000355, -14.09999999999999964 ) ) ;
#30 = CARTESIAN_POINT ( 'NONE',  ( 4.004645795999998370, 7.301111654038999532, -12.00000000000000355 ) ) ;
#31 = CARTESIAN_POINT ( 'NONE',  ( -1.449999999999999734, -2.138126023089404359, -14.21601297411288201 ) ) ;
#32 = EDGE_CURVE ( 'NONE', #1827, #3677, #3756, .T. ) ;
#33 = CARTESIAN_POINT ( 'NONE',  ( -4.396446609475439082, 0.4000000000000000222, -2.629968950029663220E-11 ) ) ;
#34 = CARTESIAN_POINT ( 'NONE',  ( -0.8601000500000000049, 6.399999999961390351, -2.206587955999999906 ) ) ;
#35 = CARTESIAN_POINT ( 'NONE',  ( 4.100000001282039896, -3.433306879537430050E-16, -12.00000000000000000 ) ) ;
#36 = B_SPLINE_CURVE_WITH_KNOTS ( 'NONE', 1,
 ( #571, #2500 ),
 .UNSPECIFIED., .F., .F.,
 ( 2, 2 ),
 ( 0.000000000000000000, 1.000000000000000000 ),
 .UNSPECIFIED. ) ;
#37 = SURFACE_STYLE_USAGE ( .BOTH. , #1605 ) ;
#38 = CARTESIAN_POINT ( 'NONE',  ( 3.950000000333335315, 0.2334459454116664945, -12.00000000000000000 ) ) ;
#39 = FILL_AREA_STYLE_COLOUR ( '', #2494 ) ;
#40 = ORIENTED_EDGE ( 'NONE', *, *, #2264, .T. ) ;
#41 = CARTESIAN_POINT ( 'NONE',  ( 1.249999999705136089, -2.360039658616240210, -7.247972245411019365 ) ) ;
#42 = SURFACE_STYLE_USAGE ( .BOTH. , #2585 ) ;
#43 = CARTESIAN_POINT ( 'NONE',  ( 1.450000000324890070, -2.397910676523015372, -14.17663859326470011 ) ) ;
#44 = ORIENTED_EDGE ( 'NONE', *, *, #2461, .F. ) ;
#45 = CARTESIAN_POINT ( 'NONE',  ( -3.950000000000000178, 6.433445946185130104, -13.70000000000000107 ) ) ;
#46 = FACE_OUTER_BOUND ( 'NONE', #4012, .T. ) ;
#47 = EDGE_LOOP ( 'NONE', ( #3138, #1138, #1393, #816 ) ) ;
#48 =( BOUNDED_SURFACE ( )  B_SPLINE_SURFACE ( 1, 3, ( 
 ( #703, #84, #3858, #1652 ),
 ( #3527, #1294, #2942, #3919 ) ),
 .UNSPECIFIED., .F., .F., .T. ) 
 B_SPLINE_SURFACE_WITH_KNOTS ( ( 2, 2 ),
 ( 4, 4 ),
 ( 0.000000000000000000, 1.000000000000000000 ),
 ( 0.000000000000000000, 1.000000000000000000 ),
 .UNSPECIFIED. ) 
 GEOMETRIC_REPRESENTATION_ITEM ( )  RATIONAL_B_SPLINE_SURFACE ( (
 ( 1.000000000000000000, 0.9936365183840910609, 0.9936365183840910609, 1.000000000000000000),
 ( 1.000000000000000000, 0.9936365183840910609, 0.9936365183840910609, 1.000000000000000000) ) ) 
 REPRESENTATION_ITEM ( '' )  SURFACE ( )  );
#49 = CARTESIAN_POINT ( 'NONE',  ( 2.455000000236164936, 7.400000000395420052, -13.70000000020266029 ) ) ;
#50 = ADVANCED_FACE ( 'NONE', ( #3507 ), #3991, .F. ) ;
#51 = CARTESIAN_POINT ( 'NONE',  ( 3.114308558999999921, 9.096360519231996733, -11.99999999999999822 ) ) ;
#52 = CARTESIAN_POINT ( 'NONE',  ( 1.250000000000000000, -1.979975502756305072, -6.805336374020139800 ) ) ;
#53 = CARTESIAN_POINT ( 'NONE',  ( -3.200000000768939312, 8.274516599398278771, -10.00000000000000000 ) ) ;
#54 = CARTESIAN_POINT ( 'NONE',  ( 3.199999998850648009, 3.199997558600564673E-09, -10.00000000000000000 ) ) ;
#55 = CARTESIAN_POINT ( 'NONE',  ( 4.900000000000001243, -3.025667543810999227, -9.628611253599995479 ) ) ;
#56 = SURFACE_STYLE_FILL_AREA ( #3543 ) ;
#57 = COLOUR_RGB ( '',0.7490196078431372584, 0.7490196078431372584, 0.7490196078431372584 ) ;
#58 = VERTEX_POINT ( 'NONE', #3186 ) ;
#59 = CARTESIAN_POINT ( 'NONE',  ( 1.450000000324890070, -2.397910676523015372, -14.17663859326470011 ) ) ;
#60 = CARTESIAN_POINT ( 'NONE',  ( 1.250000000000000000, -1.644796055751970076, -6.882167492273819853 ) ) ;
#61 = UNCERTAINTY_MEASURE_WITH_UNIT (LENGTH_MEASURE( 1.000000000000000082E-05 ), #3231, 'distance_accuracy_value', 'NONE');
#62 = CARTESIAN_POINT ( 'NONE',  ( -4.049999999986302335, 6.799999999605714329, -3.500000000000000000 ) ) ;
#63 = SURFACE_STYLE_USAGE ( .BOTH. , #2909 ) ;
#64 = VERTEX_POINT ( 'NONE', #3439 ) ;
#65 = COLOUR_RGB ( '',0.7490196078431372584, 0.7490196078431372584, 0.7490196078431372584 ) ;
#66 = CARTESIAN_POINT ( 'NONE',  ( 1.250000000000000000, -1.644796055751970076, -6.882167492273819853 ) ) ;
#67 = PRESENTATION_LAYER_ASSIGNMENT (  '', '', ( #134 ) ) ;
#68 =( BOUNDED_SURFACE ( )  B_SPLINE_SURFACE ( 1, 3, ( 
 ( #157, #3343, #437, #193 ),
 ( #1475, #1101, #3018, #2411 ) ),
 .UNSPECIFIED., .F., .F., .T. ) 
 B_SPLINE_SURFACE_WITH_KNOTS ( ( 2, 2 ),
 ( 4, 4 ),
 ( 0.000000000000000000, 1.000000000000000000 ),
 ( 0.000000000000000000, 1.000000000000000000 ),
 .UNSPECIFIED. ) 
 GEOMETRIC_REPRESENTATION_ITEM ( )  RATIONAL_B_SPLINE_SURFACE ( (
 ( 1.000000000000000000, 0.8047378540760217192, 0.8047378540760217192, 1.000000000000000000),
 ( 1.000000000000000000, 0.8047378540760217192, 0.8047378540760217192, 1.000000000000000000) ) ) 
 REPRESENTATION_ITEM ( '' )  SURFACE ( )  );
#69 = EDGE_CURVE ( 'NONE', #2037, #3696, #2819, .T. ) ;
#70 = SURFACE_STYLE_USAGE ( .BOTH. , #2281 ) ;
#71 =( LENGTH_UNIT ( ) NAMED_UNIT ( * ) SI_UNIT ( .MILLI., .METRE. ) );
#72 = CARTESIAN_POINT ( 'NONE',  ( 3.950000000000000178, 0.2334459459999999875, -14.50000000000000000 ) ) ;
#73 = COLOUR_RGB ( '',0.7490196078431372584, 0.7490196078431372584, 0.7490196078431372584 ) ;
#74 = CARTESIAN_POINT ( 'NONE',  ( 1.649999999999999911, 3.833445946000000326, -14.50000000000000000 ) ) ;
#75 = EDGE_CURVE ( 'NONE', #3790, #2024, #697, .T. ) ;
#76 = CARTESIAN_POINT ( 'NONE',  ( 1.450000000050205795, 4.846576362344830358, -13.70000000000000107 ) ) ;
#77 = CARTESIAN_POINT ( 'NONE',  ( 0.1475508043208858810, 8.542212707656201331, -13.70000000000000284 ) ) ;
#78 = B_SPLINE_CURVE_WITH_KNOTS ( 'NONE', 3,
 ( #1368, #2000, #2609, #1689 ),
 .UNSPECIFIED., .F., .F.,
 ( 4, 4 ),
 ( 0.000000000000000000, 0.5445954764782959812 ),
 .UNSPECIFIED. ) ;
#79 = COLOUR_RGB ( '',0.7490196078431372584, 0.7490196078431372584, 0.7490196078431372584 ) ;
#80 = ORIENTED_EDGE ( 'NONE', *, *, #2887, .F. ) ;
#81 = CARTESIAN_POINT ( 'NONE',  ( 0.000000000000000000, 0.000000000000000000, 0.000000000000000000 ) ) ;
#82 = CARTESIAN_POINT ( 'NONE',  ( -1.250000000000000000, -1.829495766732934792, -7.126070968479984558 ) ) ;
#83 = EDGE_CURVE ( 'NONE', #4019, #741, #1633, .T. ) ;
#84 = CARTESIAN_POINT ( 'NONE',  ( 1.449999999999999734, -0.3727279339606194286, -13.71494019619188798 ) ) ;
#85 = PRESENTATION_LAYER_ASSIGNMENT (  '', '', ( #3579 ) ) ;
#86 = CARTESIAN_POINT ( 'NONE',  ( 2.949999999999999734, 5.400000000000000355, -12.05999999999999872 ) ) ;
#87 = B_SPLINE_CURVE_WITH_KNOTS ( 'NONE', 3,
 ( #789, #485, #3354, #2759, #2737, #4021, #1147, #2422, #3049, #1430, #1184, #166, #2442, #2065, #3988, #504, #1728, #3637 ),
 .UNSPECIFIED., .F., .F.,
 ( 4, 2, 2, 2, 2, 2, 2, 2, 4 ),
 ( 0.09026125009625980689, 0.4603950192709196920, 0.8305287884455789804, 1.200662557620238324, 1.570796326794897668, 1.940930095969556790, 2.311063865144216134, 2.681197634318875256, 3.051331403493534822 ),
 .UNSPECIFIED. ) ;
#88 = SURFACE_STYLE_FILL_AREA ( #2300 ) ;
#89 = CARTESIAN_POINT ( 'NONE',  ( 2.455000000236164936, 7.400000000395420052, -13.70000000020266029 ) ) ;
#90 = EDGE_LOOP ( 'NONE', ( #2095, #3369, #4120, #1611 ) ) ;
#91 = FILL_AREA_STYLE_COLOUR ( '', #471 ) ;
#92 = CARTESIAN_POINT ( 'NONE',  ( -1.250000000000000000, -1.979975502999999915, -6.805336373999999466 ) ) ;
#93 =( BOUNDED_CURVE ( )  B_SPLINE_CURVE ( 3, ( #1481, #804, #1165, #3083 ),
 .UNSPECIFIED., .F., .F. ) 
 B_SPLINE_CURVE_WITH_KNOTS ( ( 4, 4 ),
 ( 3.141592653589795336, 6.283185307179590673 ),
 .UNSPECIFIED. ) 
 CURVE ( )  GEOMETRIC_REPRESENTATION_ITEM ( )  RATIONAL_B_SPLINE_CURVE ( ( 1.000000000000000000, 0.3333333333333329818, 0.3333333333333329818, 1.000000000000000000 ) ) 
 REPRESENTATION_ITEM ( '' )  );
#94 = B_SPLINE_CURVE_WITH_KNOTS ( 'NONE', 1,
 ( #1040, #417 ),
 .UNSPECIFIED., .F., .F.,
 ( 2, 2 ),
 ( 0.000000000000000000, 1.000000000000000000 ),
 .UNSPECIFIED. ) ;
#95 = CARTESIAN_POINT ( 'NONE',  ( 1.034550929449671752, 8.281635178808434361, -13.70000000000000284 ) ) ;
#96 = VERTEX_POINT ( 'NONE', #1686 ) ;
#97 = B_SPLINE_CURVE_WITH_KNOTS ( 'NONE', 1,
 ( #1400, #2937 ),
 .UNSPECIFIED., .F., .F.,
 ( 2, 2 ),
 ( 0.000000000000000000, 1.000000000000000000 ),
 .UNSPECIFIED. ) ;
#98 = CARTESIAN_POINT ( 'NONE',  ( -1.250000000000000000, -1.761305987665356065, -7.159066095654953443 ) ) ;
#99 = EDGE_CURVE ( 'NONE', #3551, #3606, #1970, .T. ) ;
#100 = CARTESIAN_POINT ( 'NONE',  ( 4.049999999770111714, 6.800000001994376930, -11.99999999999999822 ) ) ;
#101 = CARTESIAN_POINT ( 'NONE',  ( 4.100000001305985187, 10.80000000000000071, -3.500000000000000000 ) ) ;
#102 = CARTESIAN_POINT ( 'NONE',  ( 0.6212648889999999868, 7.021264889000000231, -2.000000000000000000 ) ) ;
#103 = B_SPLINE_CURVE_WITH_KNOTS ( 'NONE', 1,
 ( #852, #2084 ),
 .UNSPECIFIED., .F., .F.,
 ( 2, 2 ),
 ( 0.000000000000000000, 1.000000000000000000 ),
 .UNSPECIFIED. ) ;
#104 = ORIENTED_EDGE ( 'NONE', *, *, #910, .F. ) ;
#105 =( LENGTH_UNIT ( ) NAMED_UNIT ( * ) SI_UNIT ( .MILLI., .METRE. ) );
#106 = UNCERTAINTY_MEASURE_WITH_UNIT (LENGTH_MEASURE( 1.000000000000000082E-05 ), #2629, 'distance_accuracy_value', 'NONE');
#107 = CARTESIAN_POINT ( 'NONE',  ( -4.004645795999998370, 7.301111654038997756, -11.99999999999999822 ) ) ;
#108 = ORIENTED_EDGE ( 'NONE', *, *, #1009, .T. ) ;
#109 = SURFACE_SIDE_STYLE ('',( #2996 ) ) ;
#110 = SURFACE_STYLE_USAGE ( .BOTH. , #1378 ) ;
#111 = CARTESIAN_POINT ( 'NONE',  ( 0.6138981111185289885, 6.400000000000000355, -2.000000000000000000 ) ) ;
#112 = CARTESIAN_POINT ( 'NONE',  ( -3.950000000000000178, 3.833445943844799864, -13.70000000000000107 ) ) ;
#113 =( BOUNDED_CURVE ( )  B_SPLINE_CURVE ( 3, ( #3624, #3646, #776, #1717 ),
 .UNSPECIFIED., .F., .T. ) 
 B_SPLINE_CURVE_WITH_KNOTS ( ( 4, 4 ),
 ( -0.4506621906981140291, 0.000000000000000000 ),
 .UNSPECIFIED. ) 
 CURVE ( )  GEOMETRIC_REPRESENTATION_ITEM ( )  RATIONAL_B_SPLINE_CURVE ( ( 1.000000000000000000, 0.9831467894181622480, 0.9831467894181622480, 1.000000000000000000 ) ) 
 REPRESENTATION_ITEM ( '' )  );
#114 = ORIENTED_EDGE ( 'NONE', *, *, #594, .T. ) ;
#115 = B_SPLINE_CURVE_WITH_KNOTS ( 'NONE', 3,
 ( #1355, #3888, #3826, #2327, #391, #350, #4136, #644, #2599, #1038, #2259, #2306, #2893, #1059, #2952, #1377, #1923, #3539 ),
 .UNSPECIFIED., .F., .F.,
 ( 4, 2, 2, 2, 2, 2, 2, 2, 4 ),
 ( 0.2734072438702569996, 0.6319304200851992848, 0.9904535963001415144, 1.348976772515084077, 1.707499948730026418, 2.066023124944968536, 2.424546301159911099, 2.783069477374853218, 3.141592653589795336 ),
 .UNSPECIFIED. ) ;
#116 = EDGE_CURVE ( 'NONE', #879, #1523, #3660, .T. ) ;
#117 = CARTESIAN_POINT ( 'NONE',  ( -1.449999999999999956, -1.858694062455174878, -14.55250166619295982 ) ) ;
#118 = FACE_OUTER_BOUND ( 'NONE', #178, .T. ) ;
#119 = CARTESIAN_POINT ( 'NONE',  ( 4.250000000000000000, 0.4000000000000000222, 0.000000000000000000 ) ) ;
#120 = CARTESIAN_POINT ( 'NONE',  ( -3.950000000000000178, 0.2334459459999999875, -12.00000000000000000 ) ) ;
#121 = CARTESIAN_POINT ( 'NONE',  ( -0.8601000500000000049, 6.400000000000000355, -2.206587955999999906 ) ) ;
#122 = STYLED_ITEM ( 'NONE', ( #3795 ), #516 ) ;
#123 = ORIENTED_EDGE ( 'NONE', *, *, #339, .T. ) ;
#124 = EDGE_CURVE ( 'NONE', #3089, #3020, #2317, .T. ) ;
#125 = CARTESIAN_POINT ( 'NONE',  ( 1.250000000000000000, -1.761305987863900135, -7.159066095794660356 ) ) ;
#126 = SURFACE_STYLE_USAGE ( .BOTH. , #3969 ) ;
#127 = B_SPLINE_CURVE_WITH_KNOTS ( 'NONE', 1,
 ( #3544, #38 ),
 .UNSPECIFIED., .F., .F.,
 ( 2, 2 ),
 ( 0.000000000000000000, 1.000000000000000000 ),
 .UNSPECIFIED. ) ;
#128 = CARTESIAN_POINT ( 'NONE',  ( 1.250000000000000222, -0.2257530489000399987, -7.549999999968924236 ) ) ;
#129 = EDGE_LOOP ( 'NONE', ( #2290, #170, #3767, #2693 ) ) ;
#130 = CARTESIAN_POINT ( 'NONE',  ( -3.199999999470934942, 6.399999999124890593, -10.00000000000000000 ) ) ;
#131 = CARTESIAN_POINT ( 'NONE',  ( 1.250000000000000222, -1.863386443031016304, -6.805336373999999466 ) ) ;
#132 = PRESENTATION_LAYER_ASSIGNMENT (  '', '', ( #1558 ) ) ;
#133 = B_SPLINE_CURVE_WITH_KNOTS ( 'NONE', 1,
 ( #1070, #21 ),
 .UNSPECIFIED., .F., .F.,
 ( 2, 2 ),
 ( 0.000000000000000000, 1.000000000000000000 ),
 .UNSPECIFIED. ) ;
#134 = STYLED_ITEM ( 'NONE', ( #3400 ), #1429 ) ;
#135 = B_SPLINE_SURFACE_WITH_KNOTS ( 'NONE', 1, 1, ( 
 ( #600, #3176 ),
 ( #2164, #3540 ) ),
 .UNSPECIFIED., .F., .F., .F.,
 ( 2, 2 ),
 ( 2, 2 ),
 ( 0.000000000000000000, 1.000000000000000000 ),
 ( 0.000000000000000000, 1.000000000000000000 ),
 .UNSPECIFIED. ) ;
#136 = ORIENTED_EDGE ( 'NONE', *, *, #175, .F. ) ;
#137 = APPLICATION_PROTOCOL_DEFINITION ( 'draft international standard', 'automotive_design', 1998, #3948 ) ;
#138 = COLOUR_RGB ( '',0.7490196078431372584, 0.7490196078431372584, 0.7490196078431372584 ) ;
#139 = CARTESIAN_POINT ( 'NONE',  ( 1.339434574749336582, 6.040632967000673759, -9.200000000000001066 ) ) ;
#140 = CARTESIAN_POINT ( 'NONE',  ( -4.100000000000000533, 0.000000000000000000, -12.00000000000000000 ) ) ;
#141 = STYLED_ITEM ( 'NONE', ( #1265 ), #2170 ) ;
#142 = CARTESIAN_POINT ( 'NONE',  ( -0.1805675707733329916, 5.024999997747200631, -10.00000000000000000 ) ) ;
#143 = CARTESIAN_POINT ( 'NONE',  ( 4.334314574934992059, -9.013763221670033224E-11, -0.2500000000000000000 ) ) ;
#144 = FACE_OUTER_BOUND ( 'NONE', #3102, .T. ) ;
#145 = EDGE_LOOP ( 'NONE', ( #1883, #3859, #231, #3015 ) ) ;
#146 =( GEOMETRIC_REPRESENTATION_CONTEXT ( 3 ) GLOBAL_UNCERTAINTY_ASSIGNED_CONTEXT ( ( #23 ) ) GLOBAL_UNIT_ASSIGNED_CONTEXT ( ( #285, #2813, #2495 ) ) REPRESENTATION_CONTEXT ( 'NONE', 'WORKASPACE' ) );
#147 = FACE_OUTER_BOUND ( 'NONE', #2786, .T. ) ;
#148 = ORIENTED_EDGE ( 'NONE', *, *, #2600, .F. ) ;
#149 = UNCERTAINTY_MEASURE_WITH_UNIT (LENGTH_MEASURE( 1.000000000000000082E-05 ), #487, 'distance_accuracy_value', 'NONE');
#150 = COLOUR_RGB ( '',0.7490196078431372584, 0.7490196078431372584, 0.7490196078431372584 ) ;
#151 = EDGE_CURVE ( 'NONE', #2702, #2179, #3665, .T. ) ;
#152 = ORIENTED_EDGE ( 'NONE', *, *, #1033, .T. ) ;
#153 = SURFACE_STYLE_FILL_AREA ( #1769 ) ;
#154 = FILL_AREA_STYLE_COLOUR ( '', #3874 ) ;
#155 = CARTESIAN_POINT ( 'NONE',  ( 4.396446609327990807, 0.4000000000000000222, 6.007336440589761291E-11 ) ) ;
#156 = EDGE_CURVE ( 'NONE', #3965, #3184, #1904, .T. ) ;
#157 = CARTESIAN_POINT ( 'NONE',  ( 4.600000000061531757, 4.000000000000000000, -9.500000000000000000 ) ) ;
#158 =( NAMED_UNIT ( * ) SI_UNIT ( $, .STERADIAN. ) SOLID_ANGLE_UNIT ( ) );
#159 = ORIENTED_EDGE ( 'NONE', *, *, #2007, .F. ) ;
#160 = CARTESIAN_POINT ( 'NONE',  ( -0.1805675744840047059, 5.025000000682000589, -9.199999999999999289 ) ) ;
#161 = CARTESIAN_POINT ( 'NONE',  ( 1.875000000523904919, 5.400000000508909714, -14.09999999999999964 ) ) ;
#162 = CARTESIAN_POINT ( 'NONE',  ( -1.375000000000000222, 7.205456351867982612, -9.199999999999999289 ) ) ;
#163 = CARTESIAN_POINT ( 'NONE',  ( -3.200000000000000178, 6.399999998687338376, 0.000000000000000000 ) ) ;
#164 = FILL_AREA_STYLE_COLOUR ( '', #3239 ) ;
#165 = ORIENTED_EDGE ( 'NONE', *, *, #3855, .T. ) ;
#166 = CARTESIAN_POINT ( 'NONE',  ( -1.940121252000002627, 10.04259561199999951, -3.499999999999999556 ) ) ;
#167 = VERTEX_POINT ( 'NONE', #3597 ) ;
#168 = CARTESIAN_POINT ( 'NONE',  ( 2.512720779387815018, 5.400000000000001243, -13.69999999997972040 ) ) ;
#169 = CARTESIAN_POINT ( 'NONE',  ( -3.950000000333335315, 6.433445945948889744, -12.00000000000000000 ) ) ;
#170 = ORIENTED_EDGE ( 'NONE', *, *, #2690, .F. ) ;
#171 = B_SPLINE_CURVE_WITH_KNOTS ( 'NONE', 1,
 ( #3204, #1706 ),
 .UNSPECIFIED., .F., .F.,
 ( 2, 2 ),
 ( 0.000000000000000000, 1.000000000000000000 ),
 .UNSPECIFIED. ) ;
#172 = ADVANCED_FACE ( 'NONE', ( #1024 ), #1284, .T. ) ;
#173 = CARTESIAN_POINT ( 'NONE',  ( 1.250000000000000222, -2.236431428237390051, -6.837724519726875450 ) ) ;
#174 = CARTESIAN_POINT ( 'NONE',  ( 1.249999998933331913, 0.000000000000000000, -7.550000000879180995 ) ) ;
#175 = EDGE_CURVE ( 'NONE', #741, #636, #2510, .T. ) ;
#176 = SURFACE_STYLE_USAGE ( .BOTH. , #2691 ) ;
#177 = CARTESIAN_POINT ( 'NONE',  ( -4.500000000000001776, 10.39999999983591827, -3.500000000000000000 ) ) ;
#178 = EDGE_LOOP ( 'NONE', ( #3188, #2795, #2984, #2039 ) ) ;
#179 = CARTESIAN_POINT ( 'NONE',  ( 0.3593670329993333135, 5.060565421540001552, -9.199999999999999289 ) ) ;
#180 = PRESENTATION_STYLE_ASSIGNMENT (( #2697 ) ) ;
#181 = CARTESIAN_POINT ( 'NONE',  ( 1.875000000024714897, 5.400000000046340176, -13.70000000025334153 ) ) ;
#182 = ORIENTED_EDGE ( 'NONE', *, *, #3410, .F. ) ;
#183 = CARTESIAN_POINT ( 'NONE',  ( -4.500000000000002665, 0.4000000000000000777, -0.1035533909999999669 ) ) ;
#184 = B_SPLINE_CURVE_WITH_KNOTS ( 'NONE', 1,
 ( #2931, #49 ),
 .UNSPECIFIED., .F., .F.,
 ( 2, 2 ),
 ( 0.000000000000000000, 1.000000000000000000 ),
 .UNSPECIFIED. ) ;
#185 = ORIENTED_EDGE ( 'NONE', *, *, #1525, .T. ) ;
#186 = SURFACE_SIDE_STYLE ('',( #209 ) ) ;
#187 = CARTESIAN_POINT ( 'NONE',  ( -1.249999998933331913, 0.000000000000000000, -7.550000000879180995 ) ) ;
#188 = ORIENTED_EDGE ( 'NONE', *, *, #2072, .T. ) ;
#189 = PRESENTATION_STYLE_ASSIGNMENT (( #4046 ) ) ;
#190 = FILL_AREA_STYLE ('',( #154 ) ) ;
#191 = CARTESIAN_POINT ( 'NONE',  ( 2.460000000112164908, 5.400000000462570782, -14.09999999999999964 ) ) ;
#192 = B_SPLINE_CURVE_WITH_KNOTS ( 'NONE', 1,
 ( #2928, #3314 ),
 .UNSPECIFIED., .F., .F.,
 ( 2, 2 ),
 ( -1.000000000000000000, 0.000000000000000000 ),
 .UNSPECIFIED. ) ;
#193 = CARTESIAN_POINT ( 'NONE',  ( 4.899999999999999467, 3.699999999876937284, -9.500000000000000000 ) ) ;
#194 = B_SPLINE_CURVE_WITH_KNOTS ( 'NONE', 3,
 ( #494, #812, #3663, #795, #3036, #1770 ),
 .UNSPECIFIED., .F., .F.,
 ( 4, 2, 4 ),
 ( 0.000000000000000000, 0.7853981633974475018, 1.570796326794895004 ),
 .UNSPECIFIED. ) ;
#195 = CARTESIAN_POINT ( 'NONE',  ( -4.500000000096116892, 10.63431457492478671, -3.500000000000000444 ) ) ;
#196 = VERTEX_POINT ( 'NONE', #1002 ) ;
#197 = EDGE_CURVE ( 'NONE', #3956, #2223, #407, .T. ) ;
#198 = PRESENTATION_LAYER_ASSIGNMENT (  '', '', ( #3627 ) ) ;
#199 =( BOUNDED_SURFACE ( )  B_SPLINE_SURFACE ( 1, 3, ( 
 ( #3157, #286, #1585, #3411 ),
 ( #2856, #2560, #861, #4055 ) ),
 .UNSPECIFIED., .F., .F., .T. ) 
 B_SPLINE_SURFACE_WITH_KNOTS ( ( 2, 2 ),
 ( 4, 4 ),
 ( 2.689878970903889716E-12, 1.000000000000000000 ),
 ( 0.000000000000000000, 1.000000000000000000 ),
 .UNSPECIFIED. ) 
 GEOMETRIC_REPRESENTATION_ITEM ( )  RATIONAL_B_SPLINE_SURFACE ( (
 ( 1.000000000000000000, 0.9687682312047879440, 0.9687682312047879440, 1.000000000000000000),
 ( 1.000000000000000000, 0.9687682312047879440, 0.9687682312047879440, 1.000000000000000000) ) ) 
 REPRESENTATION_ITEM ( '' )  SURFACE ( )  );
#200 = CARTESIAN_POINT ( 'NONE',  ( 1.209515693157651617, 8.647783076091878129, -14.09999999999999787 ) ) ;
#201 = CARTESIAN_POINT ( 'NONE',  ( 1.375000000000000444, 6.399999999435966203, -9.199999999999999289 ) ) ;
#202 = CARTESIAN_POINT ( 'NONE',  ( -1.250000000000000000, -0.1569835840084929934, -7.849999999999999645 ) ) ;
#203 = CARTESIAN_POINT ( 'NONE',  ( 1.449999999999999734, -0.2283808418420851805, -14.10000000001282139 ) ) ;
#204 = ADVANCED_FACE ( 'NONE', ( #3230 ), #135, .T. ) ;
#205 = ORIENTED_EDGE ( 'NONE', *, *, #1332, .T. ) ;
#206 = B_SPLINE_SURFACE_WITH_KNOTS ( 'NONE', 1, 1, ( 
 ( #2347, #450 ),
 ( #3622, #3016 ) ),
 .UNSPECIFIED., .F., .F., .F.,
 ( 2, 2 ),
 ( 2, 2 ),
 ( 0.000000000000000000, 1.000000000000000000 ),
 ( 0.000000000000000000, 1.000000000000000000 ),
 .UNSPECIFIED. ) ;
#207 = VERTEX_POINT ( 'NONE', #672 ) ;
#208 = MECHANICAL_DESIGN_GEOMETRIC_PRESENTATION_REPRESENTATION (  '', ( #1962 ), #3495 ) ;
#209 = SURFACE_STYLE_FILL_AREA ( #4024 ) ;
#210 = CARTESIAN_POINT ( 'NONE',  ( -1.649999999999999911, 0.2334459459999999875, -14.50000000000000000 ) ) ;
#211 = ORIENTED_EDGE ( 'NONE', *, *, #3472, .F. ) ;
#212 = MECHANICAL_DESIGN_GEOMETRIC_PRESENTATION_REPRESENTATION (  '', ( #422 ), #2837 ) ;
#213 = COLOUR_RGB ( '',0.7490196078431372584, 0.7490196078431372584, 0.7490196078431372584 ) ;
#214 = CARTESIAN_POINT ( 'NONE',  ( 1.449999999999999956, -1.858694062455174878, -14.55250166619295982 ) ) ;
#215 = PRESENTATION_STYLE_ASSIGNMENT (( #234 ) ) ;
#216 = CARTESIAN_POINT ( 'NONE',  ( 2.898375148866667139, 5.399999999999999467, -13.86458949643999716 ) ) ;
#217 =( GEOMETRIC_REPRESENTATION_CONTEXT ( 3 ) GLOBAL_UNCERTAINTY_ASSIGNED_CONTEXT ( ( #2624 ) ) GLOBAL_UNIT_ASSIGNED_CONTEXT ( ( #4102, #3394, #2780 ) ) REPRESENTATION_CONTEXT ( 'NONE', 'WORKASPACE' ) );
#218 = CARTESIAN_POINT ( 'NONE',  ( 1.450000000324890070, -2.397910676523015372, -14.17663859326470011 ) ) ;
#219 = CARTESIAN_POINT ( 'NONE',  ( 1.464729109999999945, -3.775052371999999767, -13.69728864799999890 ) ) ;
#220 = CARTESIAN_POINT ( 'NONE',  ( -1.250000000000000000, -2.145717554016997042, -7.130189538166860963 ) ) ;
#221 = FACE_OUTER_BOUND ( 'NONE', #2322, .T. ) ;
#222 = ORIENTED_EDGE ( 'NONE', *, *, #3310, .T. ) ;
#223 = SURFACE_STYLE_FILL_AREA ( #1542 ) ;
#224 = ORIENTED_EDGE ( 'NONE', *, *, #1917, .T. ) ;
#225 =( BOUNDED_SURFACE ( )  B_SPLINE_SURFACE ( 1, 3, ( 
 ( #3293, #3634, #767, #2380 ),
 ( #2455, #143, #2418, #3730 ) ),
 .UNSPECIFIED., .F., .F., .T. ) 
 B_SPLINE_SURFACE_WITH_KNOTS ( ( 2, 2 ),
 ( 4, 4 ),
 ( 0.000000000000000000, 1.000000000000000000 ),
 ( 0.000000000000000000, 1.000000000000000000 ),
 .UNSPECIFIED. ) 
 GEOMETRIC_REPRESENTATION_ITEM ( )  RATIONAL_B_SPLINE_SURFACE ( (
 ( 1.000000000000000000, 0.8047378540760217192, 0.8047378540760217192, 1.000000000000000000),
 ( 1.000000000000000000, 0.8047378540760217192, 0.8047378540760217192, 1.000000000000000000) ) ) 
 REPRESENTATION_ITEM ( '' )  SURFACE ( )  );
#226 = EDGE_LOOP ( 'NONE', ( #555, #2655, #4147, #928 ) ) ;
#227 = CARTESIAN_POINT ( 'NONE',  ( -1.374999999318000432, 6.580567574483997539, -9.200000000000001066 ) ) ;
#228 = EDGE_CURVE ( 'NONE', #1250, #3374, #3402, .T. ) ;
#229 = CARTESIAN_POINT ( 'NONE',  ( -1.449999999999999956, -1.967911962528825054, -14.16770113286352029 ) ) ;
#230 = CARTESIAN_POINT ( 'NONE',  ( -4.500000000000000000, 6.800000001522329640, -12.00000000000000000 ) ) ;
#231 = ORIENTED_EDGE ( 'NONE', *, *, #3796, .T. ) ;
#232 = CARTESIAN_POINT ( 'NONE',  ( 1.375000000000000000, 6.399999999435966203, -9.199999999999999289 ) ) ;
#233 = CARTESIAN_POINT ( 'NONE',  ( 4.500000000000000000, -2.399999999999999911, -11.90000000000000036 ) ) ;
#234 = SURFACE_STYLE_USAGE ( .BOTH. , #3403 ) ;
#235 = B_SPLINE_CURVE_WITH_KNOTS ( 'NONE', 1,
 ( #871, #560 ),
 .UNSPECIFIED., .F., .F.,
 ( 2, 2 ),
 ( 0.000000000000000000, 1.000000000000000000 ),
 .UNSPECIFIED. ) ;
#236 = CARTESIAN_POINT ( 'NONE',  ( 3.466804358393018148, 8.384805179812904186, -13.70000000000000462 ) ) ;
#237 = CARTESIAN_POINT ( 'NONE',  ( -1.464729109999999945, -3.775052371999999767, -13.69728864799999890 ) ) ;
#238 = CARTESIAN_POINT ( 'NONE',  ( 1.649999999999999911, 3.833445946396565329, -13.70000000000000107 ) ) ;
#239 =( LENGTH_UNIT ( ) NAMED_UNIT ( * ) SI_UNIT ( .MILLI., .METRE. ) );
#240 = ORIENTED_EDGE ( 'NONE', *, *, #1332, .F. ) ;
#241 = CARTESIAN_POINT ( 'NONE',  ( -1.449999999999999956, -0.3677808539073370575, -14.12933590664532169 ) ) ;
#242 = VERTEX_POINT ( 'NONE', #4094 ) ;
#243 = B_SPLINE_CURVE_WITH_KNOTS ( 'NONE', 1,
 ( #202, #1425 ),
 .UNSPECIFIED., .F., .F.,
 ( 2, 2 ),
 ( -1.000000000000000000, 0.000000000000000000 ),
 .UNSPECIFIED. ) ;
#244 = CARTESIAN_POINT ( 'NONE',  ( -4.334314574999996950, 10.79999999999999893, -0.1035533909999999391 ) ) ;
#245 = ORIENTED_EDGE ( 'NONE', *, *, #75, .T. ) ;
#246 = CARTESIAN_POINT ( 'NONE',  ( -4.457857259999998156, 0.1921718386069998785, -11.99999999999999822 ) ) ;
#247 = CARTESIAN_POINT ( 'NONE',  ( -1.374999999772665848, 6.399999999917690197, -9.199999999999999289 ) ) ;
#248 = CARTESIAN_POINT ( 'NONE',  ( 3.950000000000000178, 0.2334459459999999875, -14.50000000000000000 ) ) ;
#249 =( BOUNDED_SURFACE ( )  B_SPLINE_SURFACE ( 3, 3, ( 
 ( #1329, #2642, #3277, #409 ),
 ( #3604, #3587, #1035, #2048 ),
 ( #3619, #2932, #1695, #3298 ),
 ( #2992, #2302, #2972, #3944 ) ),
 .UNSPECIFIED., .F., .F., .F. ) 
 B_SPLINE_SURFACE_WITH_KNOTS ( ( 4, 4 ),
 ( 4, 4 ),
 ( 0.000000000000000000, 1.000000000000000000 ),
 ( 0.000000000000000000, 1.000000000000000000 ),
 .UNSPECIFIED. ) 
 GEOMETRIC_REPRESENTATION_ITEM ( )  RATIONAL_B_SPLINE_SURFACE ( (
 ( 1.000000000000000000, 0.3333333333333329818, 0.3333333333333329818, 1.000000000000000000),
 ( 0.8440296287459840840, 0.2813432095819949907, 0.2813432095819949907, 0.8440296287459840840),
 ( 0.8440296287459840840, 0.2813432095819949907, 0.2813432095819949907, 0.8440296287459840840),
 ( 1.000000000000000000, 0.3333333333333329818, 0.3333333333333329818, 1.000000000000000000) ) ) 
 REPRESENTATION_ITEM ( '' )  SURFACE ( )  );
#250 = VERTEX_POINT ( 'NONE', #1944 ) ;
#251 = EDGE_CURVE ( 'NONE', #3020, #386, #997, .T. ) ;
#252 = CARTESIAN_POINT ( 'NONE',  ( -1.374999999506136383, 3.650000001375000025, -9.200000000000001066 ) ) ;
#253 = MECHANICAL_DESIGN_GEOMETRIC_PRESENTATION_REPRESENTATION (  '', ( #2946 ), #3739 ) ;
#254 = CARTESIAN_POINT ( 'NONE',  ( 4.500000000000000000, 0.4000000002727220338, -12.00000000000000000 ) ) ;
#255 = CARTESIAN_POINT ( 'NONE',  ( 2.449999999333334788, 7.500000000281000112, -12.00000000000000000 ) ) ;
#256 = CARTESIAN_POINT ( 'NONE',  ( 1.330746270328231562, 10.18253245918353223, -13.70000000000000284 ) ) ;
#257 = CARTESIAN_POINT ( 'NONE',  ( -3.950000000000000178, 10.44434594600000210, -13.70000000000000107 ) ) ;
#258 = CARTESIAN_POINT ( 'NONE',  ( 1.449999999955115859, -0.1569835848586045024, -14.09999999989426200 ) ) ;
#259 = EDGE_CURVE ( 'NONE', #167, #3987, #606, .T. ) ;
#260 = CARTESIAN_POINT ( 'NONE',  ( -1.250000000000000000, -0.9152106830371706803, -7.568467952474362548 ) ) ;
#261 = CARTESIAN_POINT ( 'NONE',  ( -1.000000000000000000, 6.399999999910209958, -3.000000000000000000 ) ) ;
#262 = FACE_OUTER_BOUND ( 'NONE', #2853, .T. ) ;
#263 = ORIENTED_EDGE ( 'NONE', *, *, #3360, .T. ) ;
#264 = SURFACE_SIDE_STYLE ('',( #1564 ) ) ;
#265 = ORIENTED_EDGE ( 'NONE', *, *, #1565, .T. ) ;
#266 = FACE_OUTER_BOUND ( 'NONE', #2174, .T. ) ;
#267 = ORIENTED_EDGE ( 'NONE', *, *, #3958, .T. ) ;
#268 = CARTESIAN_POINT ( 'NONE',  ( 4.187867966000001552, 10.54999999999999716, 0.000000000000000000 ) ) ;
#269 = ORIENTED_EDGE ( 'NONE', *, *, #4080, .F. ) ;
#270 = STYLED_ITEM ( 'NONE', ( #708 ), #1657 ) ;
#271 = CARTESIAN_POINT ( 'NONE',  ( 1.349999999999998979, 6.400000000000006573, -14.27573593100000870 ) ) ;
#272 =( LENGTH_UNIT ( ) NAMED_UNIT ( * ) SI_UNIT ( .MILLI., .METRE. ) );
#273 = EDGE_LOOP ( 'NONE', ( #528, #2961, #774, #3000 ) ) ;
#274 =( GEOMETRIC_REPRESENTATION_CONTEXT ( 3 ) GLOBAL_UNCERTAINTY_ASSIGNED_CONTEXT ( ( #2250 ) ) GLOBAL_UNIT_ASSIGNED_CONTEXT ( ( #3466, #851, #4088 ) ) REPRESENTATION_CONTEXT ( 'NONE', 'WORKASPACE' ) );
#275 = CARTESIAN_POINT ( 'NONE',  ( 0.5213896129456654371, 5.507176045270331777, -9.199999999999997513 ) ) ;
#276 =( NAMED_UNIT ( * ) SI_UNIT ( $, .STERADIAN. ) SOLID_ANGLE_UNIT ( ) );
#277 = CARTESIAN_POINT ( 'NONE',  ( 2.450000000216039808, 7.500000000282499357, -13.70000000000000107 ) ) ;
#278 = COLOUR_RGB ( '',0.7490196078431372584, 0.7490196078431372584, 0.7490196078431372584 ) ;
#279 = CARTESIAN_POINT ( 'NONE',  ( -1.460704252344866116, 10.13383490719420266, -13.70000000000000462 ) ) ;
#280 = ADVANCED_FACE ( 'NONE', ( #2915 ), #3218, .T. ) ;
#281 = CARTESIAN_POINT ( 'NONE',  ( 3.238399999999999945, 9.638400000000000745, -10.00000000000000000 ) ) ;
#282 =( NAMED_UNIT ( * ) PLANE_ANGLE_UNIT ( ) SI_UNIT ( $, .RADIAN. ) );
#283 = STYLED_ITEM ( 'NONE', ( #1602 ), #3867 ) ;
#284 = B_SPLINE_CURVE_WITH_KNOTS ( 'NONE', 3,
 ( #3585, #1984, #2970, #2363, #665, #1348, #406, #1011, #2616, #2641 ),
 .UNSPECIFIED., .F., .F.,
 ( 4, 2, 2, 2, 4 ),
 ( 0.000000000000000000, 0.7853981633974488341, 1.570796326794897668, 2.356194490192346613, 3.141592653589795336 ),
 .UNSPECIFIED. ) ;
#285 =( LENGTH_UNIT ( ) NAMED_UNIT ( * ) SI_UNIT ( .MILLI., .METRE. ) );
#286 = CARTESIAN_POINT ( 'NONE',  ( 1.449999999999999734, -2.109008857484418797, -14.62354849134247381 ) ) ;
#287 = CARTESIAN_POINT ( 'NONE',  ( 1.874516600054608961, 9.600000000384470766, -10.00000000000000000 ) ) ;
#288 = ORIENTED_EDGE ( 'NONE', *, *, #558, .T. ) ;
#289 = CARTESIAN_POINT ( 'NONE',  ( -1.250000000000000000, -1.644796055751970076, -6.882167492273819853 ) ) ;
#290 = ORIENTED_EDGE ( 'NONE', *, *, #419, .T. ) ;
#291 = SURFACE_SIDE_STYLE ('',( #2198 ) ) ;
#292 = ORIENTED_EDGE ( 'NONE', *, *, #390, .F. ) ;
#293 = CARTESIAN_POINT ( 'NONE',  ( -1.374999999772665848, 6.399999999917690197, -9.199999999999999289 ) ) ;
#294 = ORIENTED_EDGE ( 'NONE', *, *, #3603, .T. ) ;
#295 = B_SPLINE_CURVE_WITH_KNOTS ( 'NONE', 1,
 ( #1906, #4077 ),
 .UNSPECIFIED., .F., .F.,
 ( 2, 2 ),
 ( -1.000000000000000000, 0.000000000000000000 ),
 .UNSPECIFIED. ) ;
#296 =( NAMED_UNIT ( * ) PLANE_ANGLE_UNIT ( ) SI_UNIT ( $, .RADIAN. ) );
#297 = CARTESIAN_POINT ( 'NONE',  ( 4.500000000000000000, 0.3999999999820414986, -9.500000002624998885 ) ) ;
#298 = ORIENTED_EDGE ( 'NONE', *, *, #2081, .F. ) ;
#299 = CARTESIAN_POINT ( 'NONE',  ( 1.000000000003332001, 6.399999999726531108, -9.199999999999999289 ) ) ;
#300 = SURFACE_STYLE_FILL_AREA ( #3491 ) ;
#301 = CARTESIAN_POINT ( 'NONE',  ( -1.649999998700000026, 0.2334459459999999875, -14.50000000000000000 ) ) ;
#302 = CARTESIAN_POINT ( 'NONE',  ( 2.459999999811501858, 7.400000000000000355, -14.09999999999999964 ) ) ;
#303 = ADVANCED_FACE ( 'NONE', ( #3496 ), #1687, .F. ) ;
#304 = CARTESIAN_POINT ( 'NONE',  ( 1.250000000000000000, -2.408201878388031680, -7.160334351235795758 ) ) ;
#305 =( NAMED_UNIT ( * ) PLANE_ANGLE_UNIT ( ) SI_UNIT ( $, .RADIAN. ) );
#306 = EDGE_LOOP ( 'NONE', ( #1712, #1289, #2774, #2245 ) ) ;
#307 = CARTESIAN_POINT ( 'NONE',  ( -1.249999999999999778, -2.109556040081523420, -6.805336374060408033 ) ) ;
#308 = CARTESIAN_POINT ( 'NONE',  ( -1.449999999999999956, -2.078345257589584882, -14.61484524325880052 ) ) ;
#309 = CARTESIAN_POINT ( 'NONE',  ( 2.550000000000000266, 7.400000000000000355, -12.05999999999999872 ) ) ;
#310 = ORIENTED_EDGE ( 'NONE', *, *, #649, .F. ) ;
#311 = CARTESIAN_POINT ( 'NONE',  ( -2.483779053967641204, 5.811528607125793222, -14.10000000000000142 ) ) ;
#312 = CARTESIAN_POINT ( 'NONE',  ( -4.099999999500000492, 10.54999999996582005, 0.000000000000000000 ) ) ;
#313 = ORIENTED_EDGE ( 'NONE', *, *, #2369, .T. ) ;
#314 = UNCERTAINTY_MEASURE_WITH_UNIT (LENGTH_MEASURE( 1.000000000000000082E-05 ), #1307, 'distance_accuracy_value', 'NONE');
#315 = CARTESIAN_POINT ( 'NONE',  ( -0.6930124055726658572, 7.601234138059999701, -9.200000000000001066 ) ) ;
#316 = ORIENTED_EDGE ( 'NONE', *, *, #3558, .F. ) ;
#317 = CARTESIAN_POINT ( 'NONE',  ( 1.350000000000000977, 3.700000000000001954, -14.27573593100000160 ) ) ;
#318 = CARTESIAN_POINT ( 'NONE',  ( 1.349999999999998979, 6.400000000000006573, -14.27573593100000870 ) ) ;
#319 = ORIENTED_EDGE ( 'NONE', *, *, #1434, .T. ) ;
#320 = CARTESIAN_POINT ( 'NONE',  ( -1.250000000000000000, -1.749296890690645423, -6.831602460124234888 ) ) ;
#321 = ADVANCED_FACE ( 'NONE', ( #2238, #3827 ), #1780, .T. ) ;
#322 = CARTESIAN_POINT ( 'NONE',  ( 0.9999999991795871512, 4.400000000769380470, -3.000000000000000000 ) ) ;
#323 = SURFACE_STYLE_FILL_AREA ( #3172 ) ;
#324 = B_SPLINE_CURVE_WITH_KNOTS ( 'NONE', 1,
 ( #3628, #759 ),
 .UNSPECIFIED., .F., .F.,
 ( 2, 2 ),
 ( -1.000000000000000000, 0.000000000000000000 ),
 .UNSPECIFIED. ) ;
#325 = PRESENTATION_STYLE_ASSIGNMENT (( #2552 ) ) ;
#326 =( LENGTH_UNIT ( ) NAMED_UNIT ( * ) SI_UNIT ( .MILLI., .METRE. ) );
#327 = CARTESIAN_POINT ( 'NONE',  ( 4.500000000000000000, 4.000000000000000000, -9.500000001749999257 ) ) ;
#328 = CARTESIAN_POINT ( 'NONE',  ( -1.449999999999999956, -0.4769987529999999976, -13.74453537299999972 ) ) ;
#329 = ORIENTED_EDGE ( 'NONE', *, *, #2186, .T. ) ;
#330 = CARTESIAN_POINT ( 'NONE',  ( 2.142682943427677067, 13.42162447369155487, -13.70000000000000107 ) ) ;
#331 = FILL_AREA_STYLE ('',( #4122 ) ) ;
#332 = VERTEX_POINT ( 'NONE', #9 ) ;
#333 = CARTESIAN_POINT ( 'NONE',  ( 2.449999999333334788, 5.299999998649330024, -12.00000000000000000 ) ) ;
#334 = CARTESIAN_POINT ( 'NONE',  ( -4.049999999999999822, 6.799999999999999822, -12.00000000000000000 ) ) ;
#335 = B_SPLINE_SURFACE_WITH_KNOTS ( 'NONE', 1, 1, ( 
 ( #3046, #2377 ),
 ( #1480, #2075 ) ),
 .UNSPECIFIED., .F., .F., .F.,
 ( 2, 2 ),
 ( 2, 2 ),
 ( 0.000000000000000000, 1.000000000000000000 ),
 ( 0.000000000000000000, 1.000000000000000000 ),
 .UNSPECIFIED. ) ;
#336 = ORIENTED_EDGE ( 'NONE', *, *, #848, .F. ) ;
#337 =( NAMED_UNIT ( * ) PLANE_ANGLE_UNIT ( ) SI_UNIT ( $, .RADIAN. ) );
#338 = ORIENTED_EDGE ( 'NONE', *, *, #933, .F. ) ;
#339 = EDGE_CURVE ( 'NONE', #3780, #1597, #1623, .T. ) ;
#340 = CARTESIAN_POINT ( 'NONE',  ( 4.500000000000003553, 0.4000000000000000777, -0.1035533909999999530 ) ) ;
#341 =( GEOMETRIC_REPRESENTATION_CONTEXT ( 3 ) GLOBAL_UNCERTAINTY_ASSIGNED_CONTEXT ( ( #3638 ) ) GLOBAL_UNIT_ASSIGNED_CONTEXT ( ( #2592, #3582, #3555 ) ) REPRESENTATION_CONTEXT ( 'NONE', 'WORKASPACE' ) );
#342 = ORIENTED_EDGE ( 'NONE', *, *, #910, .T. ) ;
#343 = B_SPLINE_CURVE_WITH_KNOTS ( 'NONE', 3,
 ( #2954, #2648, #3265, #374, #3889, #2622 ),
 .UNSPECIFIED., .F., .F.,
 ( 4, 2, 4 ),
 ( 0.000000000000000000, 0.7853981633974475018, 1.570796326794895004 ),
 .UNSPECIFIED. ) ;
#344 =( GEOMETRIC_REPRESENTATION_CONTEXT ( 3 ) GLOBAL_UNCERTAINTY_ASSIGNED_CONTEXT ( ( #2424 ) ) GLOBAL_UNIT_ASSIGNED_CONTEXT ( ( #2549, #2509, #669 ) ) REPRESENTATION_CONTEXT ( 'NONE', 'WORKASPACE' ) );
#345 = SURFACE_SIDE_STYLE ('',( #1328 ) ) ;
#346 = CARTESIAN_POINT ( 'NONE',  ( 1.940121251999998631, 10.04259561199299711, -11.99999999999999822 ) ) ;
#347 = CARTESIAN_POINT ( 'NONE',  ( 2.949999999999999289, 7.400000000000000355, -13.61000000008800015 ) ) ;
#348 = PRESENTATION_LAYER_ASSIGNMENT (  '', '', ( #2966 ) ) ;
#349 = PRESENTATION_LAYER_ASSIGNMENT (  '', '', ( #2769 ) ) ;
#350 = CARTESIAN_POINT ( 'NONE',  ( 1.769998139999998443, 9.996259706201998441, -12.00000000000000533 ) ) ;
#351 = CARTESIAN_POINT ( 'NONE',  ( 1.449999999999999956, -2.255396131953084637, -14.21075888506874740 ) ) ;
#352 = CARTESIAN_POINT ( 'NONE',  ( -1.449999999999999956, -1.361722993818512029, -14.41144641316399877 ) ) ;
#353 = B_SPLINE_CURVE_WITH_KNOTS ( 'NONE', 3,
 ( #4025, #1113, #3422, #3088, #2118, #3030 ),
 .UNSPECIFIED., .F., .F.,
 ( 4, 2, 4 ),
 ( 0.000000000000000000, 0.7853981633974475018, 1.570796326794895004 ),
 .UNSPECIFIED. ) ;
#354 = FACE_OUTER_BOUND ( 'NONE', #1961, .T. ) ;
#355 = B_SPLINE_CURVE_WITH_KNOTS ( 'NONE', 1,
 ( #86, #2275 ),
 .UNSPECIFIED., .F., .F.,
 ( 2, 2 ),
 ( 0.000000000000000000, 1.000000000000000000 ),
 .UNSPECIFIED. ) ;
#356 = CARTESIAN_POINT ( 'NONE',  ( 1.349999999646215976, 6.399999999982130205, -14.09999999999999964 ) ) ;
#357 = CARTESIAN_POINT ( 'NONE',  ( -1.249999998707128857, -4.695473677868008622, -8.189114070177108573 ) ) ;
#358 = ORIENTED_EDGE ( 'NONE', *, *, #957, .F. ) ;
#359 = CARTESIAN_POINT ( 'NONE',  ( -4.500000000000000000, 10.39999999994530100, -3.500000001250000103 ) ) ;
#360 = ADVANCED_FACE ( 'NONE', ( #3151 ), #3120, .T. ) ;
#361 = ORIENTED_EDGE ( 'NONE', *, *, #788, .F. ) ;
#362 = UNCERTAINTY_MEASURE_WITH_UNIT (LENGTH_MEASURE( 1.000000000000000082E-05 ), #430, 'distance_accuracy_value', 'NONE');
#363 = VERTEX_POINT ( 'NONE', #451 ) ;
#364 = CARTESIAN_POINT ( 'NONE',  ( 4.500000000000002665, 0.1656854249999999973, -0.2500000000000003331 ) ) ;
#365 = CARTESIAN_POINT ( 'NONE',  ( 4.500000000000000000, -2.400000000215503526, -9.500000000000000000 ) ) ;
#366 = EDGE_LOOP ( 'NONE', ( #503, #1114, #4101, #637 ) ) ;
#367 = ADVANCED_FACE ( 'NONE', ( #715 ), #2248, .F. ) ;
#368 = CARTESIAN_POINT ( 'NONE',  ( 4.499999999999999112, 10.63431457508886524, -3.500000000000000444 ) ) ;
#369 = CARTESIAN_POINT ( 'NONE',  ( -4.099999999500000492, 0.2499999999850344989, 0.000000000000000000 ) ) ;
#370 = CARTESIAN_POINT ( 'NONE',  ( 1.250000000000000000, -0.3677808535192689798, -7.500079437255710246 ) ) ;
#371 =( BOUNDED_CURVE ( )  B_SPLINE_CURVE ( 3, ( #2988, #2660, #3881, #2251 ),
 .UNSPECIFIED., .F., .T. ) 
 B_SPLINE_CURVE_WITH_KNOTS ( ( 4, 4 ),
 ( -0.2765566330668194905, 0.000000000000000000 ),
 .UNSPECIFIED. ) 
 CURVE ( )  GEOMETRIC_REPRESENTATION_ITEM ( )  RATIONAL_B_SPLINE_CURVE ( ( 1.000000000000000000, 0.9936365183840909499, 0.9936365183840909499, 1.000000000000000000 ) ) 
 REPRESENTATION_ITEM ( '' )  );
#372 = CARTESIAN_POINT ( 'NONE',  ( 0.8601000500000000049, 6.399999999647181248, -2.206587955999999906 ) ) ;
#373 =( LENGTH_UNIT ( ) NAMED_UNIT ( * ) SI_UNIT ( .MILLI., .METRE. ) );
#374 = CARTESIAN_POINT ( 'NONE',  ( 4.457857259999999933, 10.60782816266666551, -3.499999999999999556 ) ) ;
#375 =( NAMED_UNIT ( * ) SI_UNIT ( $, .STERADIAN. ) SOLID_ANGLE_UNIT ( ) );
#376 = B_SPLINE_SURFACE_WITH_KNOTS ( 'NONE', 1, 1, ( 
 ( #1055, #29 ),
 ( #1677, #2950 ) ),
 .UNSPECIFIED., .F., .F., .F.,
 ( 2, 2 ),
 ( 2, 2 ),
 ( 0.000000000000000000, 1.000000000000000000 ),
 ( 0.000000000000000000, 1.000000000000000000 ),
 .UNSPECIFIED. ) ;
#377 = FACE_OUTER_BOUND ( 'NONE', #2879, .T. ) ;
#378 = CARTESIAN_POINT ( 'NONE',  ( 1.250000000000000000, -1.761305987863900135, -7.159066095794660356 ) ) ;
#379 = CARTESIAN_POINT ( 'NONE',  ( -3.199999999333335232, 6.400000000358230245, 0.000000000000000000 ) ) ;
#380 = ORIENTED_EDGE ( 'NONE', *, *, #151, .T. ) ;
#381 =( NAMED_UNIT ( * ) PLANE_ANGLE_UNIT ( ) SI_UNIT ( $, .RADIAN. ) );
#382 = CARTESIAN_POINT ( 'NONE',  ( 1.449999999999999956, -2.426384470839232588, -14.16982150558723141 ) ) ;
#383 =( NAMED_UNIT ( * ) SI_UNIT ( $, .STERADIAN. ) SOLID_ANGLE_UNIT ( ) );
#384 = CARTESIAN_POINT ( 'NONE',  ( -4.100000000000000533, 10.79999999996996252, -0.1035533905181812708 ) ) ;
#385 = CARTESIAN_POINT ( 'NONE',  ( 1.649999998700000026, 0.2334459459999999875, -13.70000000000000107 ) ) ;
#386 = VERTEX_POINT ( 'NONE', #1436 ) ;
#387 = CARTESIAN_POINT ( 'NONE',  ( -1.464729109999999945, -2.614563276000000158, -14.52925285299999913 ) ) ;
#388 = CARTESIAN_POINT ( 'NONE',  ( 3.419577531000001169, 8.690993570713999361, -12.00000000000000178 ) ) ;
#389 = FILL_AREA_STYLE_COLOUR ( '', #73 ) ;
#390 = EDGE_CURVE ( 'NONE', #3184, #3712, #1025, .T. ) ;
#391 = CARTESIAN_POINT ( 'NONE',  ( 2.561655492000002088, 9.477202928129997872, -12.00000000000000355 ) ) ;
#392 = CARTESIAN_POINT ( 'NONE',  ( 4.500000000000000000, 4.000000000000000000, -9.500000000000000000 ) ) ;
#393 = CARTESIAN_POINT ( 'NONE',  ( 1.649999999999999911, 3.833445946000000326, -14.50000000000000000 ) ) ;
#394 = CARTESIAN_POINT ( 'NONE',  ( 4.900000000000000355, -3.471388753071271704, -11.32566753679999927 ) ) ;
#395 = EDGE_CURVE ( 'NONE', #931, #2520, #2384, .T. ) ;
#396 =( BOUNDED_SURFACE ( )  B_SPLINE_SURFACE ( 1, 3, ( 
 ( #232, #2, #252, #2575 ),
 ( #3843, #2206, #595, #2825 ) ),
 .UNSPECIFIED., .F., .F., .T. ) 
 B_SPLINE_SURFACE_WITH_KNOTS ( ( 2, 2 ),
 ( 4, 4 ),
 ( 0.000000000000000000, 1.000000000000000000 ),
 ( 0.000000000000000000, 1.000000000000000000 ),
 .UNSPECIFIED. ) 
 GEOMETRIC_REPRESENTATION_ITEM ( )  RATIONAL_B_SPLINE_SURFACE ( (
 ( 1.000000000000000000, 0.3333333335299311084, 0.3333333335299311084, 1.000000000000000000),
 ( 1.000000000000000000, 0.3333333335299311084, 0.3333333335299311084, 1.000000000000000000) ) ) 
 REPRESENTATION_ITEM ( '' )  SURFACE ( )  );
#397 = CARTESIAN_POINT ( 'NONE',  ( -4.334314575056957608, 9.013763214523010493E-11, -12.00000000000000000 ) ) ;
#398 = CARTESIAN_POINT ( 'NONE',  ( -3.950000000000000178, 6.433445944379682757, -12.00000000000000000 ) ) ;
#399 = ORIENTED_EDGE ( 'NONE', *, *, #1504, .F. ) ;
#400 =( NAMED_UNIT ( * ) SI_UNIT ( $, .STERADIAN. ) SOLID_ANGLE_UNIT ( ) );
#401 = UNCERTAINTY_MEASURE_WITH_UNIT (LENGTH_MEASURE( 1.000000000000000082E-05 ), #3001, 'distance_accuracy_value', 'NONE');
#402 =( NAMED_UNIT ( * ) SI_UNIT ( $, .STERADIAN. ) SOLID_ANGLE_UNIT ( ) );
#403 = CARTESIAN_POINT ( 'NONE',  ( -4.100000000000000533, 10.69644660932799241, 6.007509912937358971E-11 ) ) ;
#404 = B_SPLINE_CURVE_WITH_KNOTS ( 'NONE', 1,
 ( #1249, #1549 ),
 .UNSPECIFIED., .F., .F.,
 ( 2, 2 ),
 ( 0.000000000000000000, 1.000000000000000000 ),
 .UNSPECIFIED. ) ;
#405 = ORIENTED_EDGE ( 'NONE', *, *, #3012, .T. ) ;
#406 = CARTESIAN_POINT ( 'NONE',  ( 0.5213896055243295580, 7.292823947308336940, -9.199999999999999289 ) ) ;
#407 = B_SPLINE_CURVE_WITH_KNOTS ( 'NONE', 1,
 ( #680, #1952 ),
 .UNSPECIFIED., .F., .F.,
 ( 2, 2 ),
 ( 0.000000000000000000, 1.000000000000000000 ),
 .UNSPECIFIED. ) ;
#408 = COLOUR_RGB ( '',0.7490196078431372584, 0.7490196078431372584, 0.7490196078431372584 ) ;
#409 = CARTESIAN_POINT ( 'NONE',  ( 0.6138981110000000241, 6.400000000000000355, -2.000000000000000000 ) ) ;
#410 = B_SPLINE_SURFACE_WITH_KNOTS ( 'NONE', 1, 1, ( 
 ( #24, #3921 ),
 ( #1320, #2590 ) ),
 .UNSPECIFIED., .F., .F., .F.,
 ( 2, 2 ),
 ( 2, 2 ),
 ( 0.000000000000000000, 1.000000000000000000 ),
 ( 0.000000000000000000, 1.000000000000000000 ),
 .UNSPECIFIED. ) ;
#411 = CARTESIAN_POINT ( 'NONE',  ( 1.250000000000000000, -0.1499999996548333769, -7.549999999879180024 ) ) ;
#412 = ORIENTED_EDGE ( 'NONE', *, *, #615, .T. ) ;
#413 = ADVANCED_FACE ( 'NONE', ( #694 ), #1228, .F. ) ;
#414 = FACE_OUTER_BOUND ( 'NONE', #2588, .T. ) ;
#415 = CARTESIAN_POINT ( 'NONE',  ( 3.200000000000001066, 8.274516600710938974, -10.00000000000000000 ) ) ;
#416 = MECHANICAL_DESIGN_GEOMETRIC_PRESENTATION_REPRESENTATION (  '', ( #3356 ), #1750 ) ;
#417 = CARTESIAN_POINT ( 'NONE',  ( -4.100000000038470205, 1.761828530288945198E-16, -0.2500000000240429898 ) ) ;
#418 = STYLED_ITEM ( 'NONE', ( #2595 ), #2710 ) ;
#419 = EDGE_CURVE ( 'NONE', #987, #2523, #2682, .T. ) ;
#420 = FACE_OUTER_BOUND ( 'NONE', #2027, .T. ) ;
#421 = SURFACE_STYLE_USAGE ( .BOTH. , #2351 ) ;
#422 = STYLED_ITEM ( 'NONE', ( #2038 ), #3060 ) ;
#423 = ORIENTED_EDGE ( 'NONE', *, *, #2562, .F. ) ;
#424 = PRESENTATION_STYLE_ASSIGNMENT (( #42 ) ) ;
#425 = SURFACE_STYLE_FILL_AREA ( #656 ) ;
#426 = CARTESIAN_POINT ( 'NONE',  ( 4.500000000000000000, -2.400000000492247487, -11.89999999999999858 ) ) ;
#427 = CARTESIAN_POINT ( 'NONE',  ( 1.350000000000001421, 9.099999999999999645, -14.10000000000001563 ) ) ;
#428 = ORIENTED_EDGE ( 'NONE', *, *, #1361, .T. ) ;
#429 = PRESENTATION_LAYER_ASSIGNMENT (  '', '', ( #4030 ) ) ;
#430 =( LENGTH_UNIT ( ) NAMED_UNIT ( * ) SI_UNIT ( .MILLI., .METRE. ) );
#431 = EDGE_CURVE ( 'NONE', #2401, #3324, #3857, .T. ) ;
#432 = CARTESIAN_POINT ( 'NONE',  ( -1.001950464000000540, 10.40662188685700151, -11.99999999999999822 ) ) ;
#433 = ORIENTED_EDGE ( 'NONE', *, *, #2671, .T. ) ;
#434 = B_SPLINE_CURVE_WITH_KNOTS ( 'NONE', 1,
 ( #2921, #2880 ),
 .UNSPECIFIED., .F., .F.,
 ( 2, 2 ),
 ( 0.000000000000000000, 1.000000000000000000 ),
 .UNSPECIFIED. ) ;
#435 = FACE_OUTER_BOUND ( 'NONE', #475, .T. ) ;
#436 = FILL_AREA_STYLE_COLOUR ( '', #57 ) ;
#437 = CARTESIAN_POINT ( 'NONE',  ( 4.900000000072090245, 3.875735931193587724, -9.500000000000001776 ) ) ;
#438 = B_SPLINE_CURVE_WITH_KNOTS ( 'NONE', 1,
 ( #1039, #327 ),
 .UNSPECIFIED., .F., .F.,
 ( 2, 2 ),
 ( 0.000000000000000000, 1.000000000000000000 ),
 .UNSPECIFIED. ) ;
#439 = VERTEX_POINT ( 'NONE', #1809 ) ;
#440 = EDGE_CURVE ( 'NONE', #3712, #3324, #103, .T. ) ;
#441 = CARTESIAN_POINT ( 'NONE',  ( -4.099999999500000492, 0.2499999999850344989, 0.000000000000000000 ) ) ;
#442 = CARTESIAN_POINT ( 'NONE',  ( 4.500000000000000000, 0.3999999999820414986, -11.90000000174999961 ) ) ;
#443 = CARTESIAN_POINT ( 'NONE',  ( 4.500000000000000000, 6.800000001522329640, -12.00000000000000000 ) ) ;
#444 = FILL_AREA_STYLE ('',( #2968 ) ) ;
#445 = ORIENTED_EDGE ( 'NONE', *, *, #3310, .F. ) ;
#446 = CARTESIAN_POINT ( 'NONE',  ( -1.250000000000000000, -1.219124321450067772, -7.088138140690235289 ) ) ;
#447 = CARTESIAN_POINT ( 'NONE',  ( -4.500000000000000000, 10.39999999994530100, -3.500000001250000103 ) ) ;
#448 = CARTESIAN_POINT ( 'NONE',  ( 1.250000000000000000, -0.1500000002051034009, -7.549999999999999822 ) ) ;
#449 = ORIENTED_EDGE ( 'NONE', *, *, #3717, .F. ) ;
#450 = CARTESIAN_POINT ( 'NONE',  ( 4.500000000000000000, 6.799999999999999822, -3.500000000000000000 ) ) ;
#451 = CARTESIAN_POINT ( 'NONE',  ( 2.449999999333334788, 7.500000000281000112, -12.00000000000000000 ) ) ;
#452 = SURFACE_SIDE_STYLE ('',( #3322 ) ) ;
#453 = FILL_AREA_STYLE ('',( #2105 ) ) ;
#454 = EDGE_LOOP ( 'NONE', ( #3048, #1856 ) ) ;
#455 = CARTESIAN_POINT ( 'NONE',  ( 1.449999999999999956, -0.4769987545385329653, -13.74453537345265985 ) ) ;
#456 = CARTESIAN_POINT ( 'NONE',  ( 0.9999999991795872623, 4.400000000769379582, -2.999999999999782840 ) ) ;
#457 = EDGE_CURVE ( 'NONE', #3861, #636, #194, .T. ) ;
#458 = CARTESIAN_POINT ( 'NONE',  ( 1.375000000000000444, 6.399999999435966203, -10.00000000000000000 ) ) ;
#459 = CARTESIAN_POINT ( 'NONE',  ( 3.803283113855995268, 7.500000000413399981, -13.70000000000000107 ) ) ;
#460 = FACE_OUTER_BOUND ( 'NONE', #1203, .T. ) ;
#461 = ORIENTED_EDGE ( 'NONE', *, *, #3438, .F. ) ;
#462 = CARTESIAN_POINT ( 'NONE',  ( -4.500000000000002665, 0.1656854249999999973, -0.2500000000000003331 ) ) ;
#463 = ADVANCED_FACE ( 'NONE', ( #2726 ), #1159, .F. ) ;
#464 = CARTESIAN_POINT ( 'NONE',  ( -4.500000000000000000, 10.50608659733333461, -3.500000000000000000 ) ) ;
#465 = CARTESIAN_POINT ( 'NONE',  ( -1.000000000003332001, 6.399999999940139794, -9.199999999999999289 ) ) ;
#466 = ORIENTED_EDGE ( 'NONE', *, *, #3311, .T. ) ;
#467 = CARTESIAN_POINT ( 'NONE',  ( 4.049999999923370453, 6.800000000664789823, -3.500000000000000000 ) ) ;
#468 = CARTESIAN_POINT ( 'NONE',  ( -4.250000000014964918, 0.4000000007000000246, 0.000000000000000000 ) ) ;
#469 = CARTESIAN_POINT ( 'NONE',  ( 4.249999999897448255, 10.40000000000000036, 0.000000000000000000 ) ) ;
#470 = COLOUR_RGB ( '',0.7490196078431372584, 0.7490196078431372584, 0.7490196078431372584 ) ;
#471 = COLOUR_RGB ( '',0.7490196078431372584, 0.7490196078431372584, 0.7490196078431372584 ) ;
#472 =( BOUNDED_CURVE ( )  B_SPLINE_CURVE ( 3, ( #1876, #860, #1195, #2855 ),
 .UNSPECIFIED., .F., .F. ) 
 B_SPLINE_CURVE_WITH_KNOTS ( ( 4, 4 ),
 ( 0.000000000000000000, 3.141592653589795336 ),
 .UNSPECIFIED. ) 
 CURVE ( )  GEOMETRIC_REPRESENTATION_ITEM ( )  RATIONAL_B_SPLINE_CURVE ( ( 1.000000000000000000, 0.3333333333333329818, 0.3333333333333329818, 1.000000000000000000 ) ) 
 REPRESENTATION_ITEM ( '' )  );
#473 = CARTESIAN_POINT ( 'NONE',  ( 4.100000000000000533, -5.633647482706618663E-11, -0.1035533906656303099 ) ) ;
#474 = B_SPLINE_SURFACE_WITH_KNOTS ( 'NONE', 1, 1, ( 
 ( #210, #3676 ),
 ( #553, #831 ) ),
 .UNSPECIFIED., .F., .F., .F.,
 ( 2, 2 ),
 ( 2, 2 ),
 ( 0.000000000000000000, 1.000000000000000000 ),
 ( 0.000000000000000000, 1.000000000000000000 ),
 .UNSPECIFIED. ) ;
#475 = EDGE_LOOP ( 'NONE', ( #3086, #3401, #2948, #336 ) ) ;
#476 =( GEOMETRIC_REPRESENTATION_CONTEXT ( 3 ) GLOBAL_UNCERTAINTY_ASSIGNED_CONTEXT ( ( #2635 ) ) GLOBAL_UNIT_ASSIGNED_CONTEXT ( ( #2561, #2169, #1877 ) ) REPRESENTATION_CONTEXT ( 'NONE', 'WORKASPACE' ) );
#477 = CARTESIAN_POINT ( 'NONE',  ( 1.250000000000000222, -1.903333792305063277, -7.109145533000001294 ) ) ;
#478 = B_SPLINE_CURVE_WITH_KNOTS ( 'NONE', 1,
 ( #60, #3598 ),
 .UNSPECIFIED., .F., .F.,
 ( 2, 2 ),
 ( 0.000000000000000000, 1.000000000000000000 ),
 .UNSPECIFIED. ) ;
#479 = CARTESIAN_POINT ( 'NONE',  ( -1.294275596186296617, 8.085371081132166182, -14.09999999999999964 ) ) ;
#480 =( GEOMETRIC_REPRESENTATION_CONTEXT ( 3 ) GLOBAL_UNCERTAINTY_ASSIGNED_CONTEXT ( ( #362 ) ) GLOBAL_UNIT_ASSIGNED_CONTEXT ( ( #430, #2991, #1639 ) ) REPRESENTATION_CONTEXT ( 'NONE', 'WORKASPACE' ) );
#481 = CARTESIAN_POINT ( 'NONE',  ( 1.250000000000000000, -2.219897943239924842, -7.170956061292850237 ) ) ;
#482 = CARTESIAN_POINT ( 'NONE',  ( -0.8601000500000002269, 6.903834944374160898, -2.206587955999999906 ) ) ;
#483 = ORIENTED_EDGE ( 'NONE', *, *, #2364, .T. ) ;
#484 = COLOUR_RGB ( '',0.7490196078431372584, 0.7490196078431372584, 0.7490196078431372584 ) ;
#485 = CARTESIAN_POINT ( 'NONE',  ( 4.004645795999998370, 7.301111653333330231, -3.499999999999999112 ) ) ;
#486 = ORIENTED_EDGE ( 'NONE', *, *, #2957, .T. ) ;
#487 =( LENGTH_UNIT ( ) NAMED_UNIT ( * ) SI_UNIT ( .MILLI., .METRE. ) );
#488 = MECHANICAL_DESIGN_GEOMETRIC_PRESENTATION_REPRESENTATION (  '', ( #973 ), #2091 ) ;
#489 =( NAMED_UNIT ( * ) PLANE_ANGLE_UNIT ( ) SI_UNIT ( $, .RADIAN. ) );
#490 = ORIENTED_EDGE ( 'NONE', *, *, #3181, .T. ) ;
#491 = B_SPLINE_CURVE_WITH_KNOTS ( 'NONE', 1,
 ( #3009, #2782 ),
 .UNSPECIFIED., .F., .F.,
 ( 2, 2 ),
 ( 0.000000000000000000, 1.000000000000000000 ),
 .UNSPECIFIED. ) ;
#492 = EDGE_CURVE ( 'NONE', #2520, #2493, #666, .T. ) ;
#493 = CARTESIAN_POINT ( 'NONE',  ( -1.349999999999998979, 6.400000000000006573, -14.27573593100000870 ) ) ;
#494 = CARTESIAN_POINT ( 'NONE',  ( 2.949999999999999734, 7.400000000000000355, -13.61000000032266044 ) ) ;
#495 = SURFACE_SIDE_STYLE ('',( #3094 ) ) ;
#496 = EDGE_CURVE ( 'NONE', #1569, #1875, #3453, .T. ) ;
#497 = B_SPLINE_CURVE_WITH_KNOTS ( 'NONE', 3,
 ( #4138, #3779, #304, #925 ),
 .UNSPECIFIED., .F., .F.,
 ( 4, 4 ),
 ( 0.000000000000000000, 1.000000000000000000 ),
 .UNSPECIFIED. ) ;
#498 = ORIENTED_EDGE ( 'NONE', *, *, #3694, .F. ) ;
#499 =( BOUNDED_SURFACE ( )  B_SPLINE_SURFACE ( 1, 3, ( 
 ( #2839, #2521, #203, #1588 ),
 ( #241, #2172, #3731, #929 ) ),
 .UNSPECIFIED., .F., .F., .F. ) 
 B_SPLINE_SURFACE_WITH_KNOTS ( ( 2, 2 ),
 ( 4, 4 ),
 ( 0.000000000000000000, 1.000000000000000000 ),
 ( 0.000000000000000000, 1.000000000000000000 ),
 .UNSPECIFIED. ) 
 GEOMETRIC_REPRESENTATION_ITEM ( )  RATIONAL_B_SPLINE_SURFACE ( (
 ( 1.000000000000000000, 0.9936365183840910609, 0.9936365183840910609, 1.000000000000000000),
 ( 1.000000000000000000, 0.9936365183840910609, 0.9936365183840910609, 1.000000000000000000) ) ) 
 REPRESENTATION_ITEM ( '' )  SURFACE ( )  );
#500 = CARTESIAN_POINT ( 'NONE',  ( 4.100000000000000533, 0.000000000000000000, -0.2500000000000000000 ) ) ;
#501 = CARTESIAN_POINT ( 'NONE',  ( 1.621193640000000213, 5.006372293307609134, -13.70000000000000107 ) ) ;
#502 = CARTESIAN_POINT ( 'NONE',  ( 2.449999999999999734, 5.299999999999999822, -12.00000000000000000 ) ) ;
#503 = ORIENTED_EDGE ( 'NONE', *, *, #1691, .F. ) ;
#504 = CARTESIAN_POINT ( 'NONE',  ( -3.866687450999998443, 7.789454754666664371, -3.499999999999998224 ) ) ;
#505 = ORIENTED_EDGE ( 'NONE', *, *, #2324, .F. ) ;
#506 = B_SPLINE_CURVE_WITH_KNOTS ( 'NONE', 3,
 ( #447, #464, #2117, #3054, #2066, #2764 ),
 .UNSPECIFIED., .F., .F.,
 ( 4, 2, 4 ),
 ( 0.000000000000000000, 0.7853981633974475018, 1.570796326794895004 ),
 .UNSPECIFIED. ) ;
#507 = CARTESIAN_POINT ( 'NONE',  ( -1.649999998700000026, 0.2334459459999999875, -14.50000000000000000 ) ) ;
#508 = B_SPLINE_SURFACE_WITH_KNOTS ( 'NONE', 1, 1, ( 
 ( #3450, #2916 ),
 ( #1356, #393 ) ),
 .UNSPECIFIED., .F., .F., .F.,
 ( 2, 2 ),
 ( 2, 2 ),
 ( 0.000000000000000000, 1.000000000000000000 ),
 ( 0.000000000000000000, 1.000000000000000000 ),
 .UNSPECIFIED. ) ;
#509 = CARTESIAN_POINT ( 'NONE',  ( 4.899999999999999467, 3.699999999958980101, -9.500000000000000000 ) ) ;
#510 = ORIENTED_EDGE ( 'NONE', *, *, #731, .T. ) ;
#511 = B_SPLINE_SURFACE_WITH_KNOTS ( 'NONE', 1, 1, ( 
 ( #3029, #3675 ),
 ( #790, #2385 ) ),
 .UNSPECIFIED., .F., .F., .F.,
 ( 2, 2 ),
 ( 2, 2 ),
 ( 0.000000000000000000, 1.000000000000000000 ),
 ( 0.000000000000000000, 1.000000000000000000 ),
 .UNSPECIFIED. ) ;
#512 = CARTESIAN_POINT ( 'NONE',  ( 1.649999998700000026, 0.2334459459999999875, -14.50000000000000000 ) ) ;
#513 = ADVANCED_FACE ( 'NONE', ( #2827 ), #605, .F. ) ;
#514 = CARTESIAN_POINT ( 'NONE',  ( 3.950000000000000178, 3.833445945275035349, -14.50000000000000000 ) ) ;
#515 = CARTESIAN_POINT ( 'NONE',  ( 1.000000000240294007, 6.985786437311962693, -3.000000000000000000 ) ) ;
#516 = ADVANCED_FACE ( 'NONE', ( #1302 ), #2892, .T. ) ;
#517 = CARTESIAN_POINT ( 'NONE',  ( -4.500000000096116892, 10.63431457492478671, -0.2500000000000000000 ) ) ;
#518 = ORIENTED_EDGE ( 'NONE', *, *, #1510, .T. ) ;
#519 = SURFACE_STYLE_FILL_AREA ( #1479 ) ;
#520 = CARTESIAN_POINT ( 'NONE',  ( 0.8054563521499994438, 7.774999999834798281, -10.00000000000000000 ) ) ;
#521 = EDGE_CURVE ( 'NONE', #2077, #2444, #1754, .T. ) ;
#522 = CARTESIAN_POINT ( 'NONE',  ( -3.950000000000000178, 6.433445945999999971, -14.50000000000000000 ) ) ;
#523 = PRESENTATION_STYLE_ASSIGNMENT (( #4079 ) ) ;
#524 = ORIENTED_EDGE ( 'NONE', *, *, #2690, .T. ) ;
#525 = B_SPLINE_CURVE_WITH_KNOTS ( 'NONE', 1,
 ( #2679, #3351 ),
 .UNSPECIFIED., .F., .F.,
 ( 2, 2 ),
 ( 0.000000000000000000, 1.000000000000000000 ),
 .UNSPECIFIED. ) ;
#526 =( BOUNDED_CURVE ( )  B_SPLINE_CURVE ( 3, ( #2177, #592, #937, #1596 ),
 .UNSPECIFIED., .F., .T. ) 
 B_SPLINE_CURVE_WITH_KNOTS ( ( 4, 4 ),
 ( -0.4506621906981140291, 0.000000000000000000 ),
 .UNSPECIFIED. ) 
 CURVE ( )  GEOMETRIC_REPRESENTATION_ITEM ( )  RATIONAL_B_SPLINE_CURVE ( ( 1.000000000000000000, 0.9831467894181622480, 0.9831467894181622480, 1.000000000000000000 ) ) 
 REPRESENTATION_ITEM ( '' )  );
#527 = CARTESIAN_POINT ( 'NONE',  ( -4.187867966000002440, 0.2500000000000003331, 0.000000000000000000 ) ) ;
#528 = ORIENTED_EDGE ( 'NONE', *, *, #827, .T. ) ;
#529 = PRESENTATION_LAYER_ASSIGNMENT (  '', '', ( #2129 ) ) ;
#530 = ORIENTED_EDGE ( 'NONE', *, *, #431, .T. ) ;
#531 = B_SPLINE_CURVE_WITH_KNOTS ( 'NONE', 3,
 ( #1141, #2453, #2109, #1444 ),
 .UNSPECIFIED., .F., .F.,
 ( 4, 4 ),
 ( 0.000000000000000000, 1.000000000000000000 ),
 .UNSPECIFIED. ) ;
#532 = CARTESIAN_POINT ( 'NONE',  ( -1.250000000000000000, -2.350600058604220166, -6.900466952988525193 ) ) ;
#533 = FILL_AREA_STYLE ('',( #2162 ) ) ;
#534 = EDGE_CURVE ( 'NONE', #2889, #4065, #3357, .T. ) ;
#535 = CARTESIAN_POINT ( 'NONE',  ( 2.561655490883011588, 9.477202908064802145, -13.70000000000000462 ) ) ;
#536 = CARTESIAN_POINT ( 'NONE',  ( 3.238399999999999945, 3.161599999999999966, -10.00000000000000000 ) ) ;
#537 = COLOUR_RGB ( '',0.7490196078431372584, 0.7490196078431372584, 0.7490196078431372584 ) ;
#538 = CARTESIAN_POINT ( 'NONE',  ( 0.6930124077653341264, 5.198765862007466154, -10.00000000000000000 ) ) ;
#539 = ORIENTED_EDGE ( 'NONE', *, *, #3477, .F. ) ;
#540 = ADVANCED_FACE ( 'NONE', ( #4115 ), #2587, .T. ) ;
#541 = MECHANICAL_DESIGN_GEOMETRIC_PRESENTATION_REPRESENTATION (  '', ( #3568 ), #3953 ) ;
#542 = CARTESIAN_POINT ( 'NONE',  ( 1.250000000000000222, -0.3872143542741550148, -7.823950611185588322 ) ) ;
#543 = CARTESIAN_POINT ( 'NONE',  ( 0.8054563521499994438, 7.774999999834798281, -9.199999999999999289 ) ) ;
#544 =( GEOMETRIC_REPRESENTATION_CONTEXT ( 3 ) GLOBAL_UNCERTAINTY_ASSIGNED_CONTEXT ( ( #1296 ) ) GLOBAL_UNIT_ASSIGNED_CONTEXT ( ( #2725, #794, #3339 ) ) REPRESENTATION_CONTEXT ( 'NONE', 'WORKASPACE' ) );
#545 = ORIENTED_EDGE ( 'NONE', *, *, #1354, .T. ) ;
#546 = CARTESIAN_POINT ( 'NONE',  ( 4.099999999979490717, 10.80000000000000071, -0.2499999999871810041 ) ) ;
#547 = ORIENTED_EDGE ( 'NONE', *, *, #1734, .T. ) ;
#548 =( LENGTH_UNIT ( ) NAMED_UNIT ( * ) SI_UNIT ( .MILLI., .METRE. ) );
#549 = ORIENTED_EDGE ( 'NONE', *, *, #3053, .F. ) ;
#550 = MECHANICAL_DESIGN_GEOMETRIC_PRESENTATION_REPRESENTATION (  '', ( #2706 ), #3032 ) ;
#551 = B_SPLINE_CURVE_WITH_KNOTS ( 'NONE', 1,
 ( #2945, #686 ),
 .UNSPECIFIED., .F., .F.,
 ( 2, 2 ),
 ( 0.000000000000000000, 1.000000000000000000 ),
 .UNSPECIFIED. ) ;
#552 = CARTESIAN_POINT ( 'NONE',  ( 1.350000000000001421, 3.700000000000000178, -14.10000000000001563 ) ) ;
#553 = CARTESIAN_POINT ( 'NONE',  ( -3.950000000000000178, 0.2334459459999999875, -14.50000000000000000 ) ) ;
#554 =( BOUNDED_CURVE ( )  B_SPLINE_CURVE ( 3, ( #1960, #1675, #3939, #3257 ),
 .UNSPECIFIED., .F., .T. ) 
 B_SPLINE_CURVE_WITH_KNOTS ( ( 4, 4 ),
 ( -5.793227980925860443, -5.463365496996360093 ),
 .UNSPECIFIED. ) 
 CURVE ( )  GEOMETRIC_REPRESENTATION_ITEM ( )  RATIONAL_B_SPLINE_CURVE ( ( 1.000000000000000000, 0.9909530977842575528, 0.9909530977842575528, 1.000000000000000000 ) ) 
 REPRESENTATION_ITEM ( '' )  );
#555 = ORIENTED_EDGE ( 'NONE', *, *, #2047, .T. ) ;
#556 = MECHANICAL_DESIGN_GEOMETRIC_PRESENTATION_REPRESENTATION (  '', ( #3759 ), #146 ) ;
#557 = B_SPLINE_CURVE_WITH_KNOTS ( 'NONE', 1,
 ( #3679, #514 ),
 .UNSPECIFIED., .F., .F.,
 ( 2, 2 ),
 ( 0.000000000000000000, 1.000000000000000000 ),
 .UNSPECIFIED. ) ;
#558 = EDGE_CURVE ( 'NONE', #2196, #3089, #811, .T. ) ;
#559 =( GEOMETRIC_REPRESENTATION_CONTEXT ( 3 ) GLOBAL_UNCERTAINTY_ASSIGNED_CONTEXT ( ( #1391 ) ) GLOBAL_UNIT_ASSIGNED_CONTEXT ( ( #3873, #16, #2288 ) ) REPRESENTATION_CONTEXT ( 'NONE', 'WORKASPACE' ) );
#560 = CARTESIAN_POINT ( 'NONE',  ( 4.500000000000000000, 0.3999999999820414986, -9.500000002624998885 ) ) ;
#561 = CARTESIAN_POINT ( 'NONE',  ( -0.8445912660650659598, 7.499952379187200258, -10.00000000000000178 ) ) ;
#562 = CARTESIAN_POINT ( 'NONE',  ( 4.500000000000000000, 0.4000000000000000222, -9.500000000000000000 ) ) ;
#563 = CARTESIAN_POINT ( 'NONE',  ( 1.449999999999999956, -0.3677808543892324700, -14.12933590679218021 ) ) ;
#564 = SURFACE_STYLE_USAGE ( .BOTH. , #3725 ) ;
#565 = ORIENTED_EDGE ( 'NONE', *, *, #3775, .F. ) ;
#566 = CARTESIAN_POINT ( 'NONE',  ( -2.152509999999999923, -0.1569835839999999816, -14.09999999999999964 ) ) ;
#567 = CARTESIAN_POINT ( 'NONE',  ( -1.450000000087345864, -2.531051023933740041, -14.55536518085374098 ) ) ;
#568 = CARTESIAN_POINT ( 'NONE',  ( 2.550000000000000266, 5.400000000000000355, -13.61000000000000121 ) ) ;
#569 = EDGE_CURVE ( 'NONE', #961, #3911, #4004, .T. ) ;
#570 = ORIENTED_EDGE ( 'NONE', *, *, #1256, .F. ) ;
#571 = CARTESIAN_POINT ( 'NONE',  ( 4.500000000000000000, 10.40000000000000036, -3.500000001250000103 ) ) ;
#572 = CARTESIAN_POINT ( 'NONE',  ( -0.8380591770000009877, 8.076118354000005439, -2.081587956000001682 ) ) ;
#573 = CARTESIAN_POINT ( 'NONE',  ( -1.050000000000000044, 6.400000000000000355, -14.40000000000000036 ) ) ;
#574 = ORIENTED_EDGE ( 'NONE', *, *, #75, .F. ) ;
#575 = CARTESIAN_POINT ( 'NONE',  ( 4.899999999999999467, -2.399999999999999911, -11.90000000000000036 ) ) ;
#576 = EDGE_CURVE ( 'NONE', #2537, #2862, #2415, .T. ) ;
#577 = B_SPLINE_CURVE_WITH_KNOTS ( 'NONE', 3,
 ( #41, #2564, #1290, #2941 ),
 .UNSPECIFIED., .F., .F.,
 ( 4, 4 ),
 ( 0.000000000000000000, 1.000000000000000000 ),
 .UNSPECIFIED. ) ;
#578 = CARTESIAN_POINT ( 'NONE',  ( 4.500000000000003553, 10.63431457500000477, -0.2500000000000003331 ) ) ;
#579 = CARTESIAN_POINT ( 'NONE',  ( -4.500000000000000000, 10.56299999999999883, -12.00000000000000000 ) ) ;
#580 = CARTESIAN_POINT ( 'NONE',  ( 2.450000000216039808, 7.500000000282499357, -13.70000000000000107 ) ) ;
#581 = CARTESIAN_POINT ( 'NONE',  ( -1.339434576503468088, 6.040632966562136552, -10.00000000000000000 ) ) ;
#582 = ORIENTED_EDGE ( 'NONE', *, *, #2292, .T. ) ;
#583 = CARTESIAN_POINT ( 'NONE',  ( 1.250000000000000000, -0.1569835843156680288, -7.849999999999999645 ) ) ;
#584 = FACE_OUTER_BOUND ( 'NONE', #2907, .T. ) ;
#585 = CARTESIAN_POINT ( 'NONE',  ( -3.200000000000000622, 6.399999998687339264, 0.000000000000000000 ) ) ;
#586 = VERTEX_POINT ( 'NONE', #668 ) ;
#587 = CARTESIAN_POINT ( 'NONE',  ( 1.250000000000000000, 0.000000000000000000, -6.799068392000000571 ) ) ;
#588 = CARTESIAN_POINT ( 'NONE',  ( 2.949999999999999734, 5.400000000000000355, -12.05999999999999872 ) ) ;
#589 = CARTESIAN_POINT ( 'NONE',  ( 1.649999998700000026, 0.2334459459999999875, -13.70000000000000107 ) ) ;
#590 = VERTEX_POINT ( 'NONE', #921 ) ;
#591 =( NAMED_UNIT ( * ) PLANE_ANGLE_UNIT ( ) SI_UNIT ( $, .RADIAN. ) );
#592 = CARTESIAN_POINT ( 'NONE',  ( 1.250000000000000000, -0.2995910744652256485, -7.533074564458652311 ) ) ;
#593 = ORIENTED_EDGE ( 'NONE', *, *, #3625, .F. ) ;
#594 = EDGE_CURVE ( 'NONE', #2077, #702, #1380, .T. ) ;
#595 = CARTESIAN_POINT ( 'NONE',  ( -1.374999999506136383, 3.650000001375000025, -10.00000000000000178 ) ) ;
#596 = COLOUR_RGB ( '',0.7490196078431372584, 0.7490196078431372584, 0.7490196078431372584 ) ;
#597 = CARTESIAN_POINT ( 'NONE',  ( 1.339434576503468088, 6.759367033437865047, -10.00000000000000000 ) ) ;
#598 = ADVANCED_FACE ( 'NONE', ( #1600 ), #249, .T. ) ;
#599 = CARTESIAN_POINT ( 'NONE',  ( 1.449999999999999734, -2.486670906973039497, -14.42912298523519965 ) ) ;
#600 = CARTESIAN_POINT ( 'NONE',  ( 4.899999999999999467, -3.643800000000000150, -9.500000000000000000 ) ) ;
#601 = CARTESIAN_POINT ( 'NONE',  ( -1.249999999889618074, -2.504526319923234823, -6.985058561904160079 ) ) ;
#602 = B_SPLINE_CURVE_WITH_KNOTS ( 'NONE', 1,
 ( #3866, #3605 ),
 .UNSPECIFIED., .F., .F.,
 ( 2, 2 ),
 ( 0.000000000000000000, 1.000000000000000000 ),
 .UNSPECIFIED. ) ;
#603 =( LENGTH_UNIT ( ) NAMED_UNIT ( * ) SI_UNIT ( .MILLI., .METRE. ) );
#604 = VERTEX_POINT ( 'NONE', #1641 ) ;
#605 = B_SPLINE_SURFACE_WITH_KNOTS ( 'NONE', 1, 1, ( 
 ( #4069, #6 ),
 ( #2208, #1868 ) ),
 .UNSPECIFIED., .F., .F., .F.,
 ( 2, 2 ),
 ( 2, 2 ),
 ( 0.000000000000000000, 1.000000000000000000 ),
 ( 0.000000000000000000, 1.000000000000000000 ),
 .UNSPECIFIED. ) ;
#606 = B_SPLINE_CURVE_WITH_KNOTS ( 'NONE', 1,
 ( #1259, #1233 ),
 .UNSPECIFIED., .F., .F.,
 ( 2, 2 ),
 ( -1.000000000000000000, 0.000000000000000000 ),
 .UNSPECIFIED. ) ;
#607 = CARTESIAN_POINT ( 'NONE',  ( -1.250000000000000222, -0.3872143542741550148, -7.823950611185588322 ) ) ;
#608 = VERTEX_POINT ( 'NONE', #712 ) ;
#609 = SURFACE_SIDE_STYLE ('',( #223 ) ) ;
#610 = PRESENTATION_LAYER_ASSIGNMENT (  '', '', ( #1213 ) ) ;
#611 = ORIENTED_EDGE ( 'NONE', *, *, #1865, .T. ) ;
#612 = CARTESIAN_POINT ( 'NONE',  ( 1.374999999318000210, 6.580567574483998428, -9.199999999999999289 ) ) ;
#613 = ORIENTED_EDGE ( 'NONE', *, *, #2649, .T. ) ;
#614 =( NAMED_UNIT ( * ) PLANE_ANGLE_UNIT ( ) SI_UNIT ( $, .RADIAN. ) );
#615 = EDGE_CURVE ( 'NONE', #1212, #3352, #3797, .T. ) ;
#616 = ORIENTED_EDGE ( 'NONE', *, *, #395, .F. ) ;
#617 =( GEOMETRIC_REPRESENTATION_CONTEXT ( 3 ) GLOBAL_UNCERTAINTY_ASSIGNED_CONTEXT ( ( #1342 ) ) GLOBAL_UNIT_ASSIGNED_CONTEXT ( ( #842, #3328, #3670 ) ) REPRESENTATION_CONTEXT ( 'NONE', 'WORKASPACE' ) );
#618 = CARTESIAN_POINT ( 'NONE',  ( -1.000000000003332001, 6.399999999940139794, -9.199999999999999289 ) ) ;
#619 = CARTESIAN_POINT ( 'NONE',  ( -4.250000000014964918, 10.39999999930000030, 0.000000000000000000 ) ) ;
#620 = CARTESIAN_POINT ( 'NONE',  ( 1.875000000583765036, 7.399999999343100043, -14.09999999999999964 ) ) ;
#621 = COLOUR_RGB ( '',0.7490196078431372584, 0.7490196078431372584, 0.7490196078431372584 ) ;
#622 = EDGE_CURVE ( 'NONE', #1541, #96, #2101, .T. ) ;
#623 = MECHANICAL_DESIGN_GEOMETRIC_PRESENTATION_REPRESENTATION (  '', ( #3232 ), #1701 ) ;
#624 = CARTESIAN_POINT ( 'NONE',  ( 1.049999999826399799, 6.400000000000000355, -14.40000000000000036 ) ) ;
#625 =( LENGTH_UNIT ( ) NAMED_UNIT ( * ) SI_UNIT ( .MILLI., .METRE. ) );
#626 = CARTESIAN_POINT ( 'NONE',  ( 1.375000000750931983, 6.399999999623981140, -10.00000000000000000 ) ) ;
#627 = PRESENTATION_LAYER_ASSIGNMENT (  '', '', ( #3762 ) ) ;
#628 = CARTESIAN_POINT ( 'NONE',  ( 4.500000000000000000, 0.3999999999820414986, -9.500000002624998885 ) ) ;
#629 = FACE_OUTER_BOUND ( 'NONE', #47, .T. ) ;
#630 = ORIENTED_EDGE ( 'NONE', *, *, #4108, .T. ) ;
#631 = CARTESIAN_POINT ( 'NONE',  ( -4.500000000000000000, 10.39999999995898072, -0.2500000000240429898 ) ) ;
#632 = EDGE_CURVE ( 'NONE', #2842, #1581, #3109, .T. ) ;
#633 = ORIENTED_EDGE ( 'NONE', *, *, #156, .F. ) ;
#634 = B_SPLINE_CURVE_WITH_KNOTS ( 'NONE', 1,
 ( #2658, #3860 ),
 .UNSPECIFIED., .F., .F.,
 ( 2, 2 ),
 ( -1.000000000000000000, 0.000000000000000000 ),
 .UNSPECIFIED. ) ;
#635 = CARTESIAN_POINT ( 'NONE',  ( -4.500000000000000000, 10.40000000000000036, -0.2500000000000000000 ) ) ;
#636 = VERTEX_POINT ( 'NONE', #2597 ) ;
#637 = ORIENTED_EDGE ( 'NONE', *, *, #4092, .F. ) ;
#638 = PRESENTATION_STYLE_ASSIGNMENT (( #4156 ) ) ;
#639 = ORIENTED_EDGE ( 'NONE', *, *, #1917, .F. ) ;
#640 = FACE_OUTER_BOUND ( 'NONE', #934, .T. ) ;
#641 = CARTESIAN_POINT ( 'NONE',  ( 1.375000000750931983, 6.399999999623981140, -10.00000000000000000 ) ) ;
#642 = FILL_AREA_STYLE_COLOUR ( '', #1811 ) ;
#643 = ADVANCED_FACE ( 'NONE', ( #1965 ), #511, .T. ) ;
#644 = CARTESIAN_POINT ( 'NONE',  ( 0.4072928999999994026, 10.39079958676200199, -12.00000000000000178 ) ) ;
#645 = CARTESIAN_POINT ( 'NONE',  ( -1.449999999999999956, -1.858694062455174878, -14.55250166619295982 ) ) ;
#646 = CARTESIAN_POINT ( 'NONE',  ( 1.449999999999999956, -0.4769987529999999976, -13.74453537299999972 ) ) ;
#647 = VERTEX_POINT ( 'NONE', #369 ) ;
#648 = CARTESIAN_POINT ( 'NONE',  ( -1.449999999999999956, -1.858694061999999869, -14.55250166600000128 ) ) ;
#649 = EDGE_CURVE ( 'NONE', #363, #1079, #3154, .T. ) ;
#650 = SURFACE_STYLE_FILL_AREA ( #739 ) ;
#651 = CARTESIAN_POINT ( 'NONE',  ( 2.449999999999999734, 5.299999999999999822, -13.70000000000000107 ) ) ;
#652 = ORIENTED_EDGE ( 'NONE', *, *, #1791, .T. ) ;
#653 = CARTESIAN_POINT ( 'NONE',  ( 1.449999999999999956, -0.3677808543892324700, -14.12933590679218021 ) ) ;
#654 = VERTEX_POINT ( 'NONE', #2721 ) ;
#655 = PRODUCT_DEFINITION ( 'UNKNOWN', '', #2651, #3247 ) ;
#656 = FILL_AREA_STYLE ('',( #1003 ) ) ;
#657 = ORIENTED_EDGE ( 'NONE', *, *, #3033, .T. ) ;
#658 = UNCERTAINTY_MEASURE_WITH_UNIT (LENGTH_MEASURE( 1.000000000000000082E-05 ), #625, 'distance_accuracy_value', 'NONE');
#659 = CARTESIAN_POINT ( 'NONE',  ( 1.201234138059999124, 7.093012405572665990, -9.199999999999997513 ) ) ;
#660 = ORIENTED_EDGE ( 'NONE', *, *, #933, .T. ) ;
#661 = CARTESIAN_POINT ( 'NONE',  ( 2.949999999999999734, 7.400000000000000355, -12.05999999999999872 ) ) ;
#662 = B_SPLINE_CURVE_WITH_KNOTS ( 'NONE', 1,
 ( #3700, #1474 ),
 .UNSPECIFIED., .F., .F.,
 ( 2, 2 ),
 ( 0.000000000000000000, 1.000000000000000000 ),
 .UNSPECIFIED. ) ;
#663 = CARTESIAN_POINT ( 'NONE',  ( -3.199999999333335232, 6.400000000358230245, 0.000000000000000000 ) ) ;
#664 = ORIENTED_EDGE ( 'NONE', *, *, #440, .T. ) ;
#665 = CARTESIAN_POINT ( 'NONE',  ( -0.2626437399813329465, 7.400000000009999468, -9.199999999999999289 ) ) ;
#666 = B_SPLINE_CURVE_WITH_KNOTS ( 'NONE', 1,
 ( #2744, #872 ),
 .UNSPECIFIED., .F., .F.,
 ( 2, 2 ),
 ( -1.000000000000000000, 0.000000000000000000 ),
 .UNSPECIFIED. ) ;
#667 = CARTESIAN_POINT ( 'NONE',  ( 4.500000000000000000, -2.400000000471834483, -9.500000000000000000 ) ) ;
#668 = CARTESIAN_POINT ( 'NONE',  ( -4.049999999995434585, 6.799999999868569844, -3.500000000000000000 ) ) ;
#669 =( NAMED_UNIT ( * ) SI_UNIT ( $, .STERADIAN. ) SOLID_ANGLE_UNIT ( ) );
#670 = PRESENTATION_LAYER_ASSIGNMENT (  '', '', ( #2346 ) ) ;
#671 =( BOUNDED_SURFACE ( )  B_SPLINE_SURFACE ( 1, 3, ( 
 ( #3844, #368, #3822, #2576 ),
 ( #1658, #1276, #1617, #2254 ) ),
 .UNSPECIFIED., .F., .F., .T. ) 
 B_SPLINE_SURFACE_WITH_KNOTS ( ( 2, 2 ),
 ( 4, 4 ),
 ( 0.000000000000000000, 1.000000000000000000 ),
 ( 0.000000000000000000, 1.000000000000000000 ),
 .UNSPECIFIED. ) 
 GEOMETRIC_REPRESENTATION_ITEM ( )  RATIONAL_B_SPLINE_SURFACE ( (
 ( 1.000000000000000000, 0.8047378540760217192, 0.8047378540760217192, 1.000000000000000000),
 ( 1.000000000000000000, 0.8047378540760217192, 0.8047378540760217192, 1.000000000000000000) ) ) 
 REPRESENTATION_ITEM ( '' )  SURFACE ( )  );
#672 = CARTESIAN_POINT ( 'NONE',  ( 1.449999999999999956, -0.3677808543892324700, -14.12933590679218021 ) ) ;
#673 = CARTESIAN_POINT ( 'NONE',  ( -1.249999998933331913, 0.000000000000000000, -7.550000000879180995 ) ) ;
#674 = EDGE_CURVE ( 'NONE', #879, #250, #506, .T. ) ;
#675 = SURFACE_SIDE_STYLE ('',( #56 ) ) ;
#676 = SURFACE_STYLE_USAGE ( .BOTH. , #2014 ) ;
#677 = ORIENTED_EDGE ( 'NONE', *, *, #457, .F. ) ;
#678 = CARTESIAN_POINT ( 'NONE',  ( 3.950000000333335315, 5.299999998649330024, -12.00000000000000000 ) ) ;
#679 = ADVANCED_FACE ( 'NONE', ( #1729 ), #1668, .T. ) ;
#680 = CARTESIAN_POINT ( 'NONE',  ( -3.950000000333335315, 6.433445945948889744, -12.00000000000000000 ) ) ;
#681 = ORIENTED_EDGE ( 'NONE', *, *, #615, .F. ) ;
#682 = CARTESIAN_POINT ( 'NONE',  ( -1.449999999708752041, 4.846576363024159839, -14.09999999989426200 ) ) ;
#683 = ORIENTED_EDGE ( 'NONE', *, *, #838, .T. ) ;
#684 = CARTESIAN_POINT ( 'NONE',  ( -4.100000000000000533, 10.54999999989744808, 1.734723475976807094E-15 ) ) ;
#685 = B_SPLINE_CURVE_WITH_KNOTS ( 'NONE', 1,
 ( #1647, #699 ),
 .UNSPECIFIED., .F., .F.,
 ( 2, 2 ),
 ( 0.000000000000000000, 1.000000000000000000 ),
 .UNSPECIFIED. ) ;
#686 = CARTESIAN_POINT ( 'NONE',  ( -1.250000000000000000, -0.1569835840084929934, -7.849999999999999645 ) ) ;
#687 = EDGE_LOOP ( 'NONE', ( #549, #2133, #1267, #1885 ) ) ;
#688 = CARTESIAN_POINT ( 'NONE',  ( 0.6138981111185289885, 6.400000000000000355, -2.000000000000000000 ) ) ;
#689 =( LENGTH_UNIT ( ) NAMED_UNIT ( * ) SI_UNIT ( .MILLI., .METRE. ) );
#690 = CARTESIAN_POINT ( 'NONE',  ( 4.049999999923370453, 6.800000002187129411, -12.00000000000000000 ) ) ;
#691 = CARTESIAN_POINT ( 'NONE',  ( 1.250000000000000222, -0.2995910744652258706, -7.533074564458650535 ) ) ;
#692 = COLOUR_RGB ( '',0.7490196078431372584, 0.7490196078431372584, 0.7490196078431372584 ) ;
#693 =( NAMED_UNIT ( * ) SI_UNIT ( $, .STERADIAN. ) SOLID_ANGLE_UNIT ( ) );
#694 = FACE_OUTER_BOUND ( 'NONE', #306, .T. ) ;
#695 = CARTESIAN_POINT ( 'NONE',  ( -1.250000000000000000, -2.219897943239924842, -7.170956061292850237 ) ) ;
#696 = FILL_AREA_STYLE ('',( #3569 ) ) ;
#697 =( BOUNDED_CURVE ( )  B_SPLINE_CURVE ( 3, ( #1859, #2962, #82, #1997 ),
 .UNSPECIFIED., .F., .F. ) 
 B_SPLINE_CURVE_WITH_KNOTS ( ( 4, 4 ),
 ( -0.4506621906981140291, 0.000000000000000000 ),
 .UNSPECIFIED. ) 
 CURVE ( )  GEOMETRIC_REPRESENTATION_ITEM ( )  RATIONAL_B_SPLINE_CURVE ( ( 1.000000000000000000, 0.9831467894181622480, 0.9831467894181622480, 1.000000000000000000 ) ) 
 REPRESENTATION_ITEM ( '' )  );
#698 = PRESENTATION_LAYER_ASSIGNMENT (  '', '', ( #1103 ) ) ;
#699 = CARTESIAN_POINT ( 'NONE',  ( -3.950000000333335315, 0.2334459454116664945, -12.00000000000000000 ) ) ;
#700 = CARTESIAN_POINT ( 'NONE',  ( 1.349999999646215976, 6.399999999982130205, -14.09999999999999964 ) ) ;
#701 = MECHANICAL_DESIGN_GEOMETRIC_PRESENTATION_REPRESENTATION (  '', ( #4030 ), #2231 ) ;
#702 = VERTEX_POINT ( 'NONE', #507 ) ;
#703 = CARTESIAN_POINT ( 'NONE',  ( 1.449999999999999956, -0.4769987540485481903, -13.74453537352622057 ) ) ;
#704 = UNCERTAINTY_MEASURE_WITH_UNIT (LENGTH_MEASURE( 1.000000000000000082E-05 ), #2742, 'distance_accuracy_value', 'NONE');
#705 = CARTESIAN_POINT ( 'NONE',  ( 1.062599999999999989, 5.337399999999999700, -14.40000000000000036 ) ) ;
#706 = ADVANCED_FACE ( 'NONE', ( #1785 ), #1911, .T. ) ;
#707 = SURFACE_STYLE_FILL_AREA ( #1674 ) ;
#708 = PRESENTATION_STYLE_ASSIGNMENT (( #63 ) ) ;
#709 = ORIENTED_EDGE ( 'NONE', *, *, #3155, .T. ) ;
#710 = FILL_AREA_STYLE ('',( #3240 ) ) ;
#711 = ADVANCED_FACE ( 'NONE', ( #3072 ), #1835, .T. ) ;
#712 = CARTESIAN_POINT ( 'NONE',  ( 1.249999999705136089, -2.360039658616240210, -7.247972245411019365 ) ) ;
#713 = CARTESIAN_POINT ( 'NONE',  ( -1.250000000000000000, -0.3677808535192689798, -7.500079437255710246 ) ) ;
#714 = CARTESIAN_POINT ( 'NONE',  ( 0.8601000492943614573, 4.679799900661743450, -2.206587955999999906 ) ) ;
#715 = FACE_OUTER_BOUND ( 'NONE', #3854, .T. ) ;
#716 = CARTESIAN_POINT ( 'NONE',  ( 4.396446608999998951, 10.40000000000000391, 0.000000000000000000 ) ) ;
#717 = ADVANCED_FACE ( 'NONE', ( #1916 ), #3661, .T. ) ;
#718 = CARTESIAN_POINT ( 'NONE',  ( 4.500000000000000000, 0.3999999999820414986, -0.2499999999871810041 ) ) ;
#719 = B_SPLINE_CURVE_WITH_KNOTS ( 'NONE', 1,
 ( #626, #3200 ),
 .UNSPECIFIED., .F., .F.,
 ( 2, 2 ),
 ( -1.000000000000000000, 0.000000000000000000 ),
 .UNSPECIFIED. ) ;
#720 = B_SPLINE_SURFACE_WITH_KNOTS ( 'NONE', 1, 1, ( 
 ( #1360, #3267 ),
 ( #648, #1929 ) ),
 .UNSPECIFIED., .F., .F., .F.,
 ( 2, 2 ),
 ( 2, 2 ),
 ( 0.000000000000000000, 1.000000000000000000 ),
 ( 0.000000000000000000, 1.000000000000000000 ),
 .UNSPECIFIED. ) ;
#721 = CARTESIAN_POINT ( 'NONE',  ( 2.449999999999999734, 5.299999999271410189, -13.70000000000000107 ) ) ;
#722 = CARTESIAN_POINT ( 'NONE',  ( 3.950000000000000178, 3.833445945275035349, -14.50000000000000000 ) ) ;
#723 = CARTESIAN_POINT ( 'NONE',  ( -3.199999999470934942, 6.399999999124890593, -10.00000000000000000 ) ) ;
#724 = ORIENTED_EDGE ( 'NONE', *, *, #3516, .F. ) ;
#725 = CARTESIAN_POINT ( 'NONE',  ( 1.875000000583765036, 7.399999999343100043, -14.09999999999999964 ) ) ;
#726 = FILL_AREA_STYLE_COLOUR ( '', #4140 ) ;
#727 = CARTESIAN_POINT ( 'NONE',  ( 1.250000000000000000, -0.4921630309999999731, -7.773168881000001029 ) ) ;
#728 = SURFACE_STYLE_USAGE ( .BOTH. , #1071 ) ;
#729 = CARTESIAN_POINT ( 'NONE',  ( 4.900000000000001243, -4.799999998799999723, -9.500000000431006342 ) ) ;
#730 = ORIENTED_EDGE ( 'NONE', *, *, #1902, .T. ) ;
#731 = EDGE_CURVE ( 'NONE', #1412, #3031, #2670, .T. ) ;
#732 =( NAMED_UNIT ( * ) PLANE_ANGLE_UNIT ( ) SI_UNIT ( $, .RADIAN. ) );
#733 = CARTESIAN_POINT ( 'NONE',  ( 4.500000000000000000, 0.3999999999820414986, -0.2499999999871810041 ) ) ;
#734 = VERTEX_POINT ( 'NONE', #3772 ) ;
#735 = EDGE_CURVE ( 'NONE', #386, #734, #3707, .T. ) ;
#736 = FILL_AREA_STYLE ('',( #3607 ) ) ;
#737 = CARTESIAN_POINT ( 'NONE',  ( 4.500000000000002665, 10.63431457500000299, -0.2500000000000003331 ) ) ;
#738 = CARTESIAN_POINT ( 'NONE',  ( 4.900000000000000355, -3.025667524227529270, -11.77138874000000612 ) ) ;
#739 = FILL_AREA_STYLE ('',( #3610 ) ) ;
#740 =( GEOMETRIC_REPRESENTATION_CONTEXT ( 3 ) GLOBAL_UNCERTAINTY_ASSIGNED_CONTEXT ( ( #106 ) ) GLOBAL_UNIT_ASSIGNED_CONTEXT ( ( #2629, #3899, #400 ) ) REPRESENTATION_CONTEXT ( 'NONE', 'WORKASPACE' ) );
#741 = VERTEX_POINT ( 'NONE', #2159 ) ;
#742 = CARTESIAN_POINT ( 'NONE',  ( 2.949999999999999734, 5.400000000000000355, -13.61000000000000121 ) ) ;
#743 = UNCERTAINTY_MEASURE_WITH_UNIT (LENGTH_MEASURE( 1.000000000000000082E-05 ), #1972, 'distance_accuracy_value', 'NONE');
#744 = SURFACE_SIDE_STYLE ('',( #2906 ) ) ;
#745 = CARTESIAN_POINT ( 'NONE',  ( -3.950000000000000178, 3.833445943844799864, -13.70000000000000107 ) ) ;
#746 = CARTESIAN_POINT ( 'NONE',  ( 4.099999999500000492, 0.2499999999850344989, 0.000000000000000000 ) ) ;
#747 = CARTESIAN_POINT ( 'NONE',  ( -1.349999999469062129, 6.399999999982130205, -14.09999999999999964 ) ) ;
#748 = EDGE_LOOP ( 'NONE', ( #44, #3235 ) ) ;
#749 = CARTESIAN_POINT ( 'NONE',  ( -3.419577519000000621, 8.690993584797997329, -12.00000000000000178 ) ) ;
#750 = B_SPLINE_SURFACE_WITH_KNOTS ( 'NONE', 1, 1, ( 
 ( #1996, #3229 ),
 ( #3185, #19 ) ),
 .UNSPECIFIED., .F., .F., .F.,
 ( 2, 2 ),
 ( 2, 2 ),
 ( 0.000000000000000000, 1.000000000000000000 ),
 ( 0.000000000000000000, 1.000000000000000000 ),
 .UNSPECIFIED. ) ;
#751 =( LENGTH_UNIT ( ) NAMED_UNIT ( * ) SI_UNIT ( .MILLI., .METRE. ) );
#752 = ORIENTED_EDGE ( 'NONE', *, *, #3570, .T. ) ;
#753 = SURFACE_STYLE_USAGE ( .BOTH. , #1435 ) ;
#754 = EDGE_CURVE ( 'NONE', #1650, #1569, #1263, .T. ) ;
#755 = CARTESIAN_POINT ( 'NONE',  ( 4.249999999999999112, 10.48786796600000315, 0.000000000000000000 ) ) ;
#756 = MECHANICAL_DESIGN_GEOMETRIC_PRESENTATION_REPRESENTATION (  '', ( #3494 ), #1879 ) ;
#757 = CARTESIAN_POINT ( 'NONE',  ( 1.249999998933331913, 0.000000000000000000, -7.850000001416669981 ) ) ;
#758 =( GEOMETRIC_REPRESENTATION_CONTEXT ( 3 ) GLOBAL_UNCERTAINTY_ASSIGNED_CONTEXT ( ( #2296 ) ) GLOBAL_UNIT_ASSIGNED_CONTEXT ( ( #1120, #856, #158 ) ) REPRESENTATION_CONTEXT ( 'NONE', 'WORKASPACE' ) );
#759 = CARTESIAN_POINT ( 'NONE',  ( 1.449999999999999956, -1.858694062455174878, -14.55250166619295982 ) ) ;
#760 = EDGE_CURVE ( 'NONE', #1527, #1433, #371, .T. ) ;
#761 =( NAMED_UNIT ( * ) PLANE_ANGLE_UNIT ( ) SI_UNIT ( $, .RADIAN. ) );
#762 = ORIENTED_EDGE ( 'NONE', *, *, #2756, .F. ) ;
#763 = SURFACE_STYLE_USAGE ( .BOTH. , #3982 ) ;
#764 =( GEOMETRIC_REPRESENTATION_CONTEXT ( 3 ) GLOBAL_UNCERTAINTY_ASSIGNED_CONTEXT ( ( #2925 ) ) GLOBAL_UNIT_ASSIGNED_CONTEXT ( ( #3589, #3242, #693 ) ) REPRESENTATION_CONTEXT ( 'NONE', 'WORKASPACE' ) );
#765 = FACE_OUTER_BOUND ( 'NONE', #454, .T. ) ;
#766 = CARTESIAN_POINT ( 'NONE',  ( 4.500000000000000000, -2.400000000564084690, -11.90000000000000036 ) ) ;
#767 = CARTESIAN_POINT ( 'NONE',  ( 4.499999999957919883, 0.1656854248392977680, -12.00000000000000000 ) ) ;
#768 = CARTESIAN_POINT ( 'NONE',  ( -0.5038349441977501009, 7.260100050103338809, -2.206587955999999906 ) ) ;
#769 = EDGE_LOOP ( 'NONE', ( #3737, #3667, #3744, #361 ) ) ;
#770 = MECHANICAL_DESIGN_GEOMETRIC_PRESENTATION_REPRESENTATION (  '', ( #1896 ), #217 ) ;
#771 = CARTESIAN_POINT ( 'NONE',  ( -1.250000000000000000, -1.644796055751970076, -6.882167492273819853 ) ) ;
#772 = CARTESIAN_POINT ( 'NONE',  ( 4.500000000000000000, 0.3999999999820414986, -9.500000002624998885 ) ) ;
#773 = SURFACE_SIDE_STYLE ('',( #2974 ) ) ;
#774 = ORIENTED_EDGE ( 'NONE', *, *, #2081, .T. ) ;
#775 = MANIFOLD_SOLID_BREP ( 'KLDX-0202-AC_rD2.IGS<1>', #2071 ) ;
#776 = CARTESIAN_POINT ( 'NONE',  ( -1.250000000000000000, -0.2995910744652256485, -7.533074564458652311 ) ) ;
#777 = EDGE_CURVE ( 'NONE', #4112, #3861, #1472, .T. ) ;
#778 =( NAMED_UNIT ( * ) SI_UNIT ( $, .STERADIAN. ) SOLID_ANGLE_UNIT ( ) );
#779 = EDGE_LOOP ( 'NONE', ( #1529, #2414, #267, #798 ) ) ;
#780 = ADVANCED_FACE ( 'NONE', ( #1654 ), #3260, .F. ) ;
#781 = CARTESIAN_POINT ( 'NONE',  ( 1.250000000000000000, -0.4921630309562550210, -7.773168881016840892 ) ) ;
#782 = CARTESIAN_POINT ( 'NONE',  ( -4.100000001384625392, 2.349104707051924630E-16, -12.00000000000000000 ) ) ;
#783 = CARTESIAN_POINT ( 'NONE',  ( -1.449999999999999956, -0.4769987545385329653, -13.74453537345265985 ) ) ;
#784 = CARTESIAN_POINT ( 'NONE',  ( -1.116029944166667676, -3.075694914442620220, -7.298949577846484793 ) ) ;
#785 = FILL_AREA_STYLE_COLOUR ( '', #2504 ) ;
#786 = ORIENTED_EDGE ( 'NONE', *, *, #3405, .T. ) ;
#787 = B_SPLINE_CURVE_WITH_KNOTS ( 'NONE', 1,
 ( #1711, #2381 ),
 .UNSPECIFIED., .F., .F.,
 ( 2, 2 ),
 ( -1.000000000000000000, 0.000000000000000000 ),
 .UNSPECIFIED. ) ;
#788 = EDGE_CURVE ( 'NONE', #2429, #25, #854, .T. ) ;
#789 = CARTESIAN_POINT ( 'NONE',  ( 4.049999999923370453, 6.800000000664789823, -3.500000000000000000 ) ) ;
#790 = CARTESIAN_POINT ( 'NONE',  ( 1.449999999999999956, 4.846576362000000415, -14.60539999999999949 ) ) ;
#791 = CARTESIAN_POINT ( 'NONE',  ( 4.900000000072087580, 3.875735931193588613, -9.500000000000000000 ) ) ;
#792 = ORIENTED_EDGE ( 'NONE', *, *, #2034, .T. ) ;
#793 = B_SPLINE_CURVE_WITH_KNOTS ( 'NONE', 1,
 ( #2820, #3440 ),
 .UNSPECIFIED., .F., .F.,
 ( 2, 2 ),
 ( 0.000000000000000000, 1.000000000000000000 ),
 .UNSPECIFIED. ) ;
#794 =( NAMED_UNIT ( * ) PLANE_ANGLE_UNIT ( ) SI_UNIT ( $, .RADIAN. ) );
#795 = CARTESIAN_POINT ( 'NONE',  ( 2.714589496733333274, 7.399999999999999467, -14.04837514731999981 ) ) ;
#796 = CARTESIAN_POINT ( 'NONE',  ( 4.899999999999999467, -2.400000001292969642, -9.500000000000000000 ) ) ;
#797 = CARTESIAN_POINT ( 'NONE',  ( 0.5857864379272724742, 7.399999999879854684, -3.000000000000000000 ) ) ;
#798 = ORIENTED_EDGE ( 'NONE', *, *, #4044, .T. ) ;
#799 =( BOUNDED_CURVE ( )  B_SPLINE_CURVE ( 3, ( #942, #3517, #1643, #922 ),
 .UNSPECIFIED., .F., .T. ) 
 B_SPLINE_CURVE_WITH_KNOTS ( ( 4, 4 ),
 ( 0.000000000000000000, 1.396263403061300146 ),
 .UNSPECIFIED. ) 
 CURVE ( )  GEOMETRIC_REPRESENTATION_ITEM ( )  RATIONAL_B_SPLINE_CURVE ( ( 1.000000000000000000, 0.8440296287459840840, 0.8440296287459840840, 1.000000000000000000 ) ) 
 REPRESENTATION_ITEM ( '' )  );
#800 = CARTESIAN_POINT ( 'NONE',  ( -1.250000000000000222, -1.829495766732934126, -7.126070968479983669 ) ) ;
#801 = CARTESIAN_POINT ( 'NONE',  ( -1.447360780311150119, -2.481903027443725041, -14.15189193987129990 ) ) ;
#802 = CARTESIAN_POINT ( 'NONE',  ( -1.375000000000000000, 6.400000000000000355, -9.199999999999999289 ) ) ;
#803 = EDGE_CURVE ( 'NONE', #2298, #1903, #3903, .T. ) ;
#804 = CARTESIAN_POINT ( 'NONE',  ( -1.050000000000000933, 4.300000000000000711, -14.40000000000001279 ) ) ;
#805 = CARTESIAN_POINT ( 'NONE',  ( 2.051032954586418100E-10, 7.400000000000001243, -3.000000000000000000 ) ) ;
#806 = ORIENTED_EDGE ( 'NONE', *, *, #3080, .T. ) ;
#807 = ORIENTED_EDGE ( 'NONE', *, *, #339, .F. ) ;
#808 = B_SPLINE_CURVE_WITH_KNOTS ( 'NONE', 3,
 ( #4002, #501, #2399, #181 ),
 .UNSPECIFIED., .F., .F.,
 ( 4, 4 ),
 ( 5.463365496996360093, 5.793227980925860443 ),
 .UNSPECIFIED. ) ;
#809 =( NAMED_UNIT ( * ) SI_UNIT ( $, .STERADIAN. ) SOLID_ANGLE_UNIT ( ) );
#810 = ORIENTED_EDGE ( 'NONE', *, *, #2304, .F. ) ;
#811 = B_SPLINE_CURVE_WITH_KNOTS ( 'NONE', 1,
 ( #1553, #3537 ),
 .UNSPECIFIED., .F., .F.,
 ( 2, 2 ),
 ( -1.000000000000000000, 0.000000000000000000 ),
 .UNSPECIFIED. ) ;
#812 = CARTESIAN_POINT ( 'NONE',  ( 2.950000000000000178, 7.399999999999999467, -13.73995607927999885 ) ) ;
#813 = ADVANCED_FACE ( 'NONE', ( #1938 ), #3817, .F. ) ;
#814 = PRESENTATION_LAYER_ASSIGNMENT (  '', '', ( #1431 ) ) ;
#815 =( LENGTH_UNIT ( ) NAMED_UNIT ( * ) SI_UNIT ( .MILLI., .METRE. ) );
#816 = ORIENTED_EDGE ( 'NONE', *, *, #28, .F. ) ;
#817 = EDGE_CURVE ( 'NONE', #2037, #25, #355, .T. ) ;
#818 = MECHANICAL_DESIGN_GEOMETRIC_PRESENTATION_REPRESENTATION (  '', ( #2966 ), #544 ) ;
#819 = CARTESIAN_POINT ( 'NONE',  ( 0.8601000500000004489, 4.679799900000005231, -2.206587956000000350 ) ) ;
#820 = SURFACE_STYLE_FILL_AREA ( #1820 ) ;
#821 = COLOUR_RGB ( '',0.7490196078431372584, 0.7490196078431372584, 0.7490196078431372584 ) ;
#822 = CARTESIAN_POINT ( 'NONE',  ( 3.200000000000000178, 6.399999999425324049, -10.00000000000000000 ) ) ;
#823 =( NAMED_UNIT ( * ) SI_UNIT ( $, .STERADIAN. ) SOLID_ANGLE_UNIT ( ) );
#824 = EDGE_LOOP ( 'NONE', ( #18, #2796, #1543, #3316, #2783, #3205, #1240, #3416, #1266, #3831 ) ) ;
#825 =( BOUNDED_SURFACE ( )  B_SPLINE_SURFACE ( 3, 3, ( 
 ( #3713, #845, #462, #1781 ),
 ( #1745, #2114, #2046, #183 ),
 ( #3317, #1484, #4040, #1448 ),
 ( #3396, #527, #1802, #3085 ) ),
 .UNSPECIFIED., .F., .F., .F. ) 
 B_SPLINE_SURFACE_WITH_KNOTS ( ( 4, 4 ),
 ( 4, 4 ),
 ( 0.000000000000000000, 1.000000000000000000 ),
 ( 0.000000000000000000, 1.000000000000000000 ),
 .UNSPECIFIED. ) 
 GEOMETRIC_REPRESENTATION_ITEM ( )  RATIONAL_B_SPLINE_SURFACE ( (
 ( 1.000000000000000000, 0.8047378541243649375, 0.8047378541243649375, 1.000000000000000000),
 ( 0.8047378541243649375, 0.6476030138606879705, 0.6476030138606879705, 0.8047378541243649375),
 ( 0.8047378541243649375, 0.6476030138606879705, 0.6476030138606879705, 0.8047378541243649375),
 ( 1.000000000000000000, 0.8047378541243649375, 0.8047378541243649375, 1.000000000000000000) ) ) 
 REPRESENTATION_ITEM ( '' )  SURFACE ( )  );
#826 = PRESENTATION_LAYER_ASSIGNMENT (  '', '', ( #422 ) ) ;
#827 = EDGE_CURVE ( 'NONE', #1110, #3840, #2405, .T. ) ;
#828 = CARTESIAN_POINT ( 'NONE',  ( -1.250000000000000000, -0.3677808534578610455, -7.500079437333839749 ) ) ;
#829 = CARTESIAN_POINT ( 'NONE',  ( 2.549999999978374010, 7.399999999999999467, -13.66272077939011176 ) ) ;
#830 = STYLED_ITEM ( 'NONE', ( #180 ), #3431 ) ;
#831 = CARTESIAN_POINT ( 'NONE',  ( -3.950000000000000178, 3.833445946000000326, -14.50000000000000000 ) ) ;
#832 = ORIENTED_EDGE ( 'NONE', *, *, #1099, .T. ) ;
#833 = ADVANCED_FACE ( 'NONE', ( #3862 ), #1105, .T. ) ;
#834 = CARTESIAN_POINT ( 'NONE',  ( 4.500000000000000000, 4.000000000000000000, -11.90000000116666179 ) ) ;
#835 = CARTESIAN_POINT ( 'NONE',  ( -4.396446608999998951, 0.4000000000000000777, 0.000000000000000000 ) ) ;
#836 = CARTESIAN_POINT ( 'NONE',  ( 2.589956079724999860, 5.400000000000001243, -14.09999999999999787 ) ) ;
#837 = B_SPLINE_CURVE_WITH_KNOTS ( 'NONE', 3,
 ( #1312, #1285, #2286, #1065 ),
 .UNSPECIFIED., .F., .F.,
 ( 4, 4 ),
 ( 0.000000000000000000, 0.2765566330171460030 ),
 .UNSPECIFIED. ) ;
#838 = EDGE_CURVE ( 'NONE', #64, #3352, #2358, .T. ) ;
#839 = CARTESIAN_POINT ( 'NONE',  ( -4.100000000000000533, 2.389836493632053696E-17, -0.2500000000961724034 ) ) ;
#840 = ORIENTED_EDGE ( 'NONE', *, *, #2831, .T. ) ;
#841 =( NAMED_UNIT ( * ) SI_UNIT ( $, .STERADIAN. ) SOLID_ANGLE_UNIT ( ) );
#842 =( LENGTH_UNIT ( ) NAMED_UNIT ( * ) SI_UNIT ( .MILLI., .METRE. ) );
#843 = CARTESIAN_POINT ( 'NONE',  ( 1.250000000000000000, -2.453217565427685987, -6.956861359028446934 ) ) ;
#844 = VERTEX_POINT ( 'NONE', #459 ) ;
#845 = CARTESIAN_POINT ( 'NONE',  ( -4.334314575000001390, 0.000000000000000000, -0.2500000000000003331 ) ) ;
#846 =( NAMED_UNIT ( * ) SI_UNIT ( $, .STERADIAN. ) SOLID_ANGLE_UNIT ( ) );
#847 = CARTESIAN_POINT ( 'NONE',  ( 4.100000001305985187, 10.80000000000000071, -3.500000000000000000 ) ) ;
#848 = EDGE_CURVE ( 'NONE', #1581, #1592, #1322, .T. ) ;
#849 = ORIENTED_EDGE ( 'NONE', *, *, #649, .T. ) ;
#850 = B_SPLINE_CURVE_WITH_KNOTS ( 'NONE', 1,
 ( #2165, #72 ),
 .UNSPECIFIED., .F., .F.,
 ( 2, 2 ),
 ( 0.000000000000000000, 1.000000000000000000 ),
 .UNSPECIFIED. ) ;
#851 =( NAMED_UNIT ( * ) PLANE_ANGLE_UNIT ( ) SI_UNIT ( $, .RADIAN. ) );
#852 = CARTESIAN_POINT ( 'NONE',  ( 4.899999999999999467, 3.699999999958980101, -9.500000000000000000 ) ) ;
#853 = CARTESIAN_POINT ( 'NONE',  ( 1.447360780316386153, -2.481903027361989977, -14.15189193990002003 ) ) ;
#854 = B_SPLINE_CURVE_WITH_KNOTS ( 'NONE', 1,
 ( #2944, #661 ),
 .UNSPECIFIED., .F., .F.,
 ( 2, 2 ),
 ( 0.000000000000000000, 1.000000000000000000 ),
 .UNSPECIFIED. ) ;
#855 = SURFACE_SIDE_STYLE ('',( #3428 ) ) ;
#856 =( NAMED_UNIT ( * ) PLANE_ANGLE_UNIT ( ) SI_UNIT ( $, .RADIAN. ) );
#857 = B_SPLINE_CURVE_WITH_KNOTS ( 'NONE', 1,
 ( #1498, #3429 ),
 .UNSPECIFIED., .F., .F.,
 ( 2, 2 ),
 ( 0.000000000000000000, 1.000000000000000000 ),
 .UNSPECIFIED. ) ;
#858 = CARTESIAN_POINT ( 'NONE',  ( -1.250000000000000000, -0.1499999996548333769, -7.549999999879180024 ) ) ;
#859 = ORIENTED_EDGE ( 'NONE', *, *, #1325, .F. ) ;
#860 = CARTESIAN_POINT ( 'NONE',  ( 0.6138981110000001351, 5.172203777000000002, -2.000000000000000444 ) ) ;
#861 = CARTESIAN_POINT ( 'NONE',  ( -1.449999999999999734, -2.369087993053093921, -14.61554905018425465 ) ) ;
#862 = CARTESIAN_POINT ( 'NONE',  ( 1.249999998602649764, -4.550987015216188425, -8.452027753269337751 ) ) ;
#863 =( NAMED_UNIT ( * ) SI_UNIT ( $, .STERADIAN. ) SOLID_ANGLE_UNIT ( ) );
#864 = EDGE_CURVE ( 'NONE', #1875, #1569, #2013, .T. ) ;
#865 = VERTEX_POINT ( 'NONE', #858 ) ;
#866 = FACE_OUTER_BOUND ( 'NONE', #4103, .T. ) ;
#867 = VERTEX_POINT ( 'NONE', #2359 ) ;
#868 = COLOUR_RGB ( '',0.7490196078431372584, 0.7490196078431372584, 0.7490196078431372584 ) ;
#869 = CARTESIAN_POINT ( 'NONE',  ( 3.803283115500775580, 7.500000000411899848, -12.00000000000000000 ) ) ;
#870 = VERTEX_POINT ( 'NONE', #1837 ) ;
#871 = CARTESIAN_POINT ( 'NONE',  ( 4.500000000000000000, -2.400000000471834483, -9.500000000000000000 ) ) ;
#872 = CARTESIAN_POINT ( 'NONE',  ( 3.199999999333335232, 6.400000001041780351, 0.000000000000000000 ) ) ;
#873 =( NAMED_UNIT ( * ) PLANE_ANGLE_UNIT ( ) SI_UNIT ( $, .RADIAN. ) );
#874 = EDGE_CURVE ( 'NONE', #1827, #242, #3346, .T. ) ;
#875 =( NAMED_UNIT ( * ) PLANE_ANGLE_UNIT ( ) SI_UNIT ( $, .RADIAN. ) );
#876 = SURFACE_STYLE_FILL_AREA ( #1854 ) ;
#877 = PRESENTATION_LAYER_ASSIGNMENT (  '', '', ( #4155 ) ) ;
#878 = CARTESIAN_POINT ( 'NONE',  ( 4.187867966000002440, 0.2500000000000003331, 0.000000000000000000 ) ) ;
#879 = VERTEX_POINT ( 'NONE', #3005 ) ;
#880 = MECHANICAL_DESIGN_GEOMETRIC_PRESENTATION_REPRESENTATION (  '', ( #270 ), #2294 ) ;
#881 = FILL_AREA_STYLE ('',( #1214 ) ) ;
#882 = EDGE_CURVE ( 'NONE', #3051, #58, #3564, .T. ) ;
#883 = CARTESIAN_POINT ( 'NONE',  ( -1.450000001189809762, 0.2334459467167515068, -13.70000000000000107 ) ) ;
#884 = PRESENTATION_LAYER_ASSIGNMENT (  '', '', ( #3494 ) ) ;
#885 = ORIENTED_EDGE ( 'NONE', *, *, #1525, .F. ) ;
#886 = CARTESIAN_POINT ( 'NONE',  ( 4.099999999999998757, 10.79999999999999716, -0.1035533909999999530 ) ) ;
#887 = CARTESIAN_POINT ( 'NONE',  ( -4.100000000020510349, 10.80000000000000071, -0.2499999999871810041 ) ) ;
#888 = CARTESIAN_POINT ( 'NONE',  ( -4.396446608999997174, 10.57365440299999371, 0.000000000000000000 ) ) ;
#889 = ORIENTED_EDGE ( 'NONE', *, *, #735, .T. ) ;
#890 = CARTESIAN_POINT ( 'NONE',  ( -0.6138981110000000241, 7.627796222999993603, -2.000000000000000444 ) ) ;
#891 = CARTESIAN_POINT ( 'NONE',  ( 1.449999999999999956, -0.1569835839999999816, -13.70000000000000107 ) ) ;
#892 = VERTEX_POINT ( 'NONE', #2468 ) ;
#893 =( GEOMETRIC_REPRESENTATION_CONTEXT ( 3 ) GLOBAL_UNCERTAINTY_ASSIGNED_CONTEXT ( ( #3552 ) ) GLOBAL_UNIT_ASSIGNED_CONTEXT ( ( #2181, #3511, #3441 ) ) REPRESENTATION_CONTEXT ( 'NONE', 'WORKASPACE' ) );
#894 = CARTESIAN_POINT ( 'NONE',  ( 4.500000000000000000, 0.4000000002727220338, -12.00000000000000000 ) ) ;
#895 =( GEOMETRIC_REPRESENTATION_CONTEXT ( 3 ) GLOBAL_UNCERTAINTY_ASSIGNED_CONTEXT ( ( #314 ) ) GLOBAL_UNIT_ASSIGNED_CONTEXT ( ( #1307, #993, #2914 ) ) REPRESENTATION_CONTEXT ( 'NONE', 'WORKASPACE' ) );
#896 = CARTESIAN_POINT ( 'NONE',  ( -4.500000000000000000, 10.80000000000000071, -3.500000000000000000 ) ) ;
#897 = B_SPLINE_CURVE_WITH_KNOTS ( 'NONE', 1,
 ( #3755, #3774 ),
 .UNSPECIFIED., .F., .F.,
 ( 2, 2 ),
 ( 0.000000000000000000, 1.000000000000000000 ),
 .UNSPECIFIED. ) ;
#898 = CARTESIAN_POINT ( 'NONE',  ( 4.396446609327990807, 10.40000000000000036, 6.007336440589761291E-11 ) ) ;
#899 = STYLED_ITEM ( 'NONE', ( #1089 ), #3925 ) ;
#900 =( NAMED_UNIT ( * ) SI_UNIT ( $, .STERADIAN. ) SOLID_ANGLE_UNIT ( ) );
#901 =( NAMED_UNIT ( * ) SI_UNIT ( $, .STERADIAN. ) SOLID_ANGLE_UNIT ( ) );
#902 = SURFACE_SIDE_STYLE ('',( #876 ) ) ;
#903 = CARTESIAN_POINT ( 'NONE',  ( -1.375000000750931983, 6.399999999917690197, -10.00000000000000000 ) ) ;
#904 = EDGE_LOOP ( 'NONE', ( #3071, #3275, #1044, #1831 ) ) ;
#905 = B_SPLINE_CURVE_WITH_KNOTS ( 'NONE', 3,
 ( #1726, #1777, #843, #2110 ),
 .UNSPECIFIED., .F., .F.,
 ( 4, 4 ),
 ( 0.000000000000000000, 1.000000000000000000 ),
 .UNSPECIFIED. ) ;
#906 = SURFACE_STYLE_USAGE ( .BOTH. , #3766 ) ;
#907 =( NAMED_UNIT ( * ) PLANE_ANGLE_UNIT ( ) SI_UNIT ( $, .RADIAN. ) );
#908 = EDGE_CURVE ( 'NONE', #586, #1523, #857, .T. ) ;
#909 = ORIENTED_EDGE ( 'NONE', *, *, #2612, .F. ) ;
#910 = EDGE_CURVE ( 'NONE', #4059, #363, #2409, .T. ) ;
#911 = CARTESIAN_POINT ( 'NONE',  ( 3.950000000000000178, 3.833445945671605237, -13.70000000000000107 ) ) ;
#912 = CARTESIAN_POINT ( 'NONE',  ( -4.100000001360680102, 10.80000000000000071, -3.500000000000000000 ) ) ;
#913 = EDGE_LOOP ( 'NONE', ( #4125, #1269, #3301, #1841 ) ) ;
#914 = CARTESIAN_POINT ( 'NONE',  ( -0.8601000500000000049, 6.400000000000000355, -2.206587955999999906 ) ) ;
#915 = ORIENTED_EDGE ( 'NONE', *, *, #3129, .T. ) ;
#916 =( BOUNDED_SURFACE ( )  B_SPLINE_SURFACE ( 1, 3, ( 
 ( #3851, #2625, #397, #1991 ),
 ( #3572, #2311, #1382, #3593 ) ),
 .UNSPECIFIED., .F., .F., .T. ) 
 B_SPLINE_SURFACE_WITH_KNOTS ( ( 2, 2 ),
 ( 4, 4 ),
 ( 0.000000000000000000, 1.000000000000000000 ),
 ( 0.000000000000000000, 1.000000000000000000 ),
 .UNSPECIFIED. ) 
 GEOMETRIC_REPRESENTATION_ITEM ( )  RATIONAL_B_SPLINE_SURFACE ( (
 ( 1.000000000000000000, 0.8047378543117239547, 0.8047378543117239547, 1.000000000000000000),
 ( 1.000000000000000000, 0.8047378543117239547, 0.8047378543117239547, 1.000000000000000000) ) ) 
 REPRESENTATION_ITEM ( '' )  SURFACE ( )  );
#917 = CARTESIAN_POINT ( 'NONE',  ( 4.500000000000000000, -2.399999999999999911, -9.500000000000000000 ) ) ;
#918 = ORIENTED_EDGE ( 'NONE', *, *, #3872, .T. ) ;
#919 =( LENGTH_UNIT ( ) NAMED_UNIT ( * ) SI_UNIT ( .MILLI., .METRE. ) );
#920 = CARTESIAN_POINT ( 'NONE',  ( 1.250000000000000000, 0.000000000000000000, -7.550000000000000711 ) ) ;
#921 = CARTESIAN_POINT ( 'NONE',  ( 1.000000000000000000, 6.399999999589800481, -3.000000000000000000 ) ) ;
#922 = CARTESIAN_POINT ( 'NONE',  ( -0.6138981111185289885, 6.400000000000000355, -2.000000000000000000 ) ) ;
#923 = CARTESIAN_POINT ( 'NONE',  ( 3.803283113855995268, 7.500000000413399981, -13.70000000000000107 ) ) ;
#924 = CARTESIAN_POINT ( 'NONE',  ( -4.250000000044896531, 0.4000000000000000222, 0.000000000000000000 ) ) ;
#925 = CARTESIAN_POINT ( 'NONE',  ( 1.249999999705136089, -2.360039658616240210, -7.247972245411019365 ) ) ;
#926 = CARTESIAN_POINT ( 'NONE',  ( 1.450000000399999767, 0.2334459467167515068, -13.70000000000000107 ) ) ;
#927 = CARTESIAN_POINT ( 'NONE',  ( 1.649999999999999911, 3.833445946000000326, -14.50000000000000000 ) ) ;
#928 = ORIENTED_EDGE ( 'NONE', *, *, #1577, .F. ) ;
#929 = CARTESIAN_POINT ( 'NONE',  ( -1.449999999999999956, -0.1569835841386457431, -14.09999999999999964 ) ) ;
#930 = FILL_AREA_STYLE ('',( #2459 ) ) ;
#931 = VERTEX_POINT ( 'NONE', #1424 ) ;
#932 = CARTESIAN_POINT ( 'NONE',  ( 0.7408264380000004756, 7.881652875999994201, -2.000000000000000888 ) ) ;
#933 = EDGE_CURVE ( 'NONE', #2498, #3790, #3952, .T. ) ;
#934 = EDGE_LOOP ( 'NONE', ( #182, #3923, #2274, #3209 ) ) ;
#935 = CARTESIAN_POINT ( 'NONE',  ( -1.225735931000000223, 3.948528136999999383, -14.40000000000001457 ) ) ;
#936 = B_SPLINE_CURVE_WITH_KNOTS ( 'NONE', 1,
 ( #923, #2851 ),
 .UNSPECIFIED., .F., .F.,
 ( 2, 2 ),
 ( 0.000000000000000000, 1.000000000000000000 ),
 .UNSPECIFIED. ) ;
#937 = CARTESIAN_POINT ( 'NONE',  ( 1.250000000000000000, -0.2257530489000398877, -7.549999999968925124 ) ) ;
#938 = CARTESIAN_POINT ( 'NONE',  ( -1.450000000324890070, -2.397910676604904978, -14.17663859323592135 ) ) ;
#939 = COLOUR_RGB ( '',0.7490196078431372584, 0.7490196078431372584, 0.7490196078431372584 ) ;
#940 =( BOUNDED_CURVE ( )  B_SPLINE_CURVE ( 3, ( #1844, #268, #4062, #2843 ),
 .UNSPECIFIED., .F., .T. ) 
 B_SPLINE_CURVE_WITH_KNOTS ( ( 4, 4 ),
 ( 0.000000000000000000, 1.570796326794895004 ),
 .UNSPECIFIED. ) 
 CURVE ( )  GEOMETRIC_REPRESENTATION_ITEM ( )  RATIONAL_B_SPLINE_CURVE ( ( 1.000000000000000000, 0.8047378541243649375, 0.8047378541243649375, 1.000000000000000000 ) ) 
 REPRESENTATION_ITEM ( '' )  );
#941 = CARTESIAN_POINT ( 'NONE',  ( 4.500000000000000000, 10.80000000000000071, -3.500000000000000000 ) ) ;
#942 = CARTESIAN_POINT ( 'NONE',  ( -0.8601000500000000049, 6.399999999961390351, -2.206587955999999906 ) ) ;
#943 = FACE_OUTER_BOUND ( 'NONE', #2567, .T. ) ;
#944 = CARTESIAN_POINT ( 'NONE',  ( -4.396446609475439082, 10.40000000000000036, -2.629968950029663220E-11 ) ) ;
#945 = CARTESIAN_POINT ( 'NONE',  ( 1.250000000000000000, -1.979086841089793047, -7.109145533000000405 ) ) ;
#946 = CARTESIAN_POINT ( 'NONE',  ( -4.500000000000000000, 10.39999999995898072, -0.2500000000240429898 ) ) ;
#947 = ORIENTED_EDGE ( 'NONE', *, *, #3263, .T. ) ;
#948 = B_SPLINE_SURFACE_WITH_KNOTS ( 'NONE', 1, 1, ( 
 ( #568, #3158 ),
 ( #2877, #309 ) ),
 .UNSPECIFIED., .F., .F., .F.,
 ( 2, 2 ),
 ( 2, 2 ),
 ( 0.000000000000000000, 1.000000000000000000 ),
 ( 0.000000000000000000, 1.000000000000000000 ),
 .UNSPECIFIED. ) ;
#949 = CARTESIAN_POINT ( 'NONE',  ( 1.649999999999999911, 3.833445946396565329, -13.70000000000000107 ) ) ;
#950 = PRESENTATION_LAYER_ASSIGNMENT (  '', '', ( #3485 ) ) ;
#951 = FILL_AREA_STYLE ('',( #3434 ) ) ;
#952 = B_SPLINE_CURVE_WITH_KNOTS ( 'NONE', 1,
 ( #2393, #1476 ),
 .UNSPECIFIED., .F., .F.,
 ( 2, 2 ),
 ( 0.000000000000000000, 1.000000000000000000 ),
 .UNSPECIFIED. ) ;
#953 = ORIENTED_EDGE ( 'NONE', *, *, #1464, .T. ) ;
#954 = CARTESIAN_POINT ( 'NONE',  ( -1.294275596186296173, 8.085371081132166182, -14.09999999999999964 ) ) ;
#955 = CARTESIAN_POINT ( 'NONE',  ( -4.099999999999998757, 10.79999999999999716, -0.1035533909999999530 ) ) ;
#956 =( GEOMETRIC_REPRESENTATION_CONTEXT ( 3 ) GLOBAL_UNCERTAINTY_ASSIGNED_CONTEXT ( ( #1783 ) ) GLOBAL_UNIT_ASSIGNED_CONTEXT ( ( #3493, #1894, #3468 ) ) REPRESENTATION_CONTEXT ( 'NONE', 'WORKASPACE' ) );
#957 = EDGE_CURVE ( 'NONE', #1782, #2298, #2762, .T. ) ;
#958 = ORIENTED_EDGE ( 'NONE', *, *, #1771, .T. ) ;
#959 = UNCERTAINTY_MEASURE_WITH_UNIT (LENGTH_MEASURE( 1.000000000000000082E-05 ), #4063, 'distance_accuracy_value', 'NONE');
#960 = CARTESIAN_POINT ( 'NONE',  ( 0.6138981110000000241, 7.627796222999993603, -2.000000000000000444 ) ) ;
#961 = VERTEX_POINT ( 'NONE', #258 ) ;
#962 = COLOUR_RGB ( '',0.7490196078431372584, 0.7490196078431372584, 0.7490196078431372584 ) ;
#963 = CARTESIAN_POINT ( 'NONE',  ( 1.050000000000000933, 4.300000000000000711, -14.40000000000001457 ) ) ;
#964 = CARTESIAN_POINT ( 'NONE',  ( -1.350000000000000089, 6.400000000000000355, -14.09999999999999964 ) ) ;
#965 = ORIENTED_EDGE ( 'NONE', *, *, #1619, .F. ) ;
#966 = EDGE_CURVE ( 'NONE', #1708, #3184, #1796, .T. ) ;
#967 = CARTESIAN_POINT ( 'NONE',  ( -1.250000000000000000, -1.644796055751970076, -6.882167492273819853 ) ) ;
#968 = CARTESIAN_POINT ( 'NONE',  ( 4.500000000000000000, -4.799999998800000611, -9.500000000431008118 ) ) ;
#969 = CARTESIAN_POINT ( 'NONE',  ( 1.875000001296804886, 7.400000000167120007, -13.70000000025334153 ) ) ;
#970 = CARTESIAN_POINT ( 'NONE',  ( 2.949999999999999289, 5.400000000000000355, -13.61000000008800015 ) ) ;
#971 = ADVANCED_FACE ( 'NONE', ( #4033 ), #4020, .T. ) ;
#972 =( BOUNDED_SURFACE ( )  B_SPLINE_SURFACE ( 1, 3, ( 
 ( #1010, #27, #729, #2678 ),
 ( #426, #3236, #1324, #365 ) ),
 .UNSPECIFIED., .F., .F., .T. ) 
 B_SPLINE_SURFACE_WITH_KNOTS ( ( 2, 2 ),
 ( 4, 4 ),
 ( 0.000000000000000000, 1.000000000000000000 ),
 ( 0.000000000000000000, 1.000000000000000000 ),
 .UNSPECIFIED. ) 
 GEOMETRIC_REPRESENTATION_ITEM ( )  RATIONAL_B_SPLINE_SURFACE ( (
 ( 1.000000000000000000, 0.3333333335299311084, 0.3333333335299311084, 1.000000000000000000),
 ( 1.000000000000000000, 0.3333333335299311084, 0.3333333335299311084, 1.000000000000000000) ) ) 
 REPRESENTATION_ITEM ( '' )  SURFACE ( )  );
#973 = STYLED_ITEM ( 'NONE', ( #2788 ), #3819 ) ;
#974 = CARTESIAN_POINT ( 'NONE',  ( -4.500000000056338045, 0.4000000000000000222, -0.1035533906656301711 ) ) ;
#975 = CARTESIAN_POINT ( 'NONE',  ( -3.238399999999999945, 3.161599999999999966, -10.00000000000000000 ) ) ;
#976 = CARTESIAN_POINT ( 'NONE',  ( -1.449999999999999956, -1.967911962000000292, -14.16770113299999956 ) ) ;
#977 = ORIENTED_EDGE ( 'NONE', *, *, #735, .F. ) ;
#978 = FACE_OUTER_BOUND ( 'NONE', #2115, .T. ) ;
#979 = PRESENTATION_LAYER_ASSIGNMENT (  '', '', ( #1046 ) ) ;
#980 = CARTESIAN_POINT ( 'NONE',  ( 3.803283114502326256, 7.500000000392692101, -12.00000000000000000 ) ) ;
#981 = CARTESIAN_POINT ( 'NONE',  ( 3.200000000000000178, 8.274516600710942527, -10.00000000000000000 ) ) ;
#982 = VERTEX_POINT ( 'NONE', #2128 ) ;
#983 = CARTESIAN_POINT ( 'NONE',  ( -0.1726875895257048987, 8.946691179861330667, -14.09999999999999787 ) ) ;
#984 = ORIENTED_EDGE ( 'NONE', *, *, #2029, .T. ) ;
#985 = ORIENTED_EDGE ( 'NONE', *, *, #4121, .T. ) ;
#986 = CARTESIAN_POINT ( 'NONE',  ( -0.7408264380000004756, 7.881652875999994201, -2.000000000000000888 ) ) ;
#987 = VERTEX_POINT ( 'NONE', #1645 ) ;
#988 = CARTESIAN_POINT ( 'NONE',  ( 4.500000000000000000, 0.4000000000000000222, -0.2500000000000000000 ) ) ;
#989 = CARTESIAN_POINT ( 'NONE',  ( 1.350000000000000977, 9.099999999999997868, -14.27573593100000160 ) ) ;
#990 = ORIENTED_EDGE ( 'NONE', *, *, #83, .T. ) ;
#991 = CARTESIAN_POINT ( 'NONE',  ( -1.249999999999999778, -1.863883954744959714, -6.805336374060408033 ) ) ;
#992 = CARTESIAN_POINT ( 'NONE',  ( 2.949999999999999734, 7.400000000000000355, -12.05999999999999872 ) ) ;
#993 =( NAMED_UNIT ( * ) PLANE_ANGLE_UNIT ( ) SI_UNIT ( $, .RADIAN. ) );
#994 = CARTESIAN_POINT ( 'NONE',  ( -1.449999999999999956, -2.442290791405669736, -14.30288078917219785 ) ) ;
#995 = CARTESIAN_POINT ( 'NONE',  ( 3.199999999333335232, 6.400000001041780351, 0.000000000000000000 ) ) ;
#996 = B_SPLINE_CURVE_WITH_KNOTS ( 'NONE', 1,
 ( #3877, #1316 ),
 .UNSPECIFIED., .F., .F.,
 ( 2, 2 ),
 ( 0.000000000000000000, 1.000000000000000000 ),
 .UNSPECIFIED. ) ;
#997 =( BOUNDED_CURVE ( )  B_SPLINE_CURVE ( 3, ( #3221, #351, #1280, #4117 ),
 .UNSPECIFIED., .F., .T. ) 
 B_SPLINE_CURVE_WITH_KNOTS ( ( 4, 4 ),
 ( -0.5115495430538089527, 0.000000000000000000 ),
 .UNSPECIFIED. ) 
 CURVE ( )  GEOMETRIC_REPRESENTATION_ITEM ( )  RATIONAL_B_SPLINE_CURVE ( ( 1.000000000000000000, 0.9783117152339841915, 0.9783117152339841915, 1.000000000000000000 ) ) 
 REPRESENTATION_ITEM ( '' )  );
#998 =( NAMED_UNIT ( * ) PLANE_ANGLE_UNIT ( ) SI_UNIT ( $, .RADIAN. ) );
#999 = CARTESIAN_POINT ( 'NONE',  ( 1.249999999668854445, -2.504526320470950917, -6.985058561675364430 ) ) ;
#1000 = ORIENTED_EDGE ( 'NONE', *, *, #3791, .T. ) ;
#1001 = CARTESIAN_POINT ( 'NONE',  ( 4.500000000000000000, 0.4000000002727220338, -12.00000000000000000 ) ) ;
#1002 = CARTESIAN_POINT ( 'NONE',  ( -4.250000000014964918, 10.39999999930000030, 0.000000000000000000 ) ) ;
#1003 = FILL_AREA_STYLE_COLOUR ( '', #1642 ) ;
#1004 = ORIENTED_EDGE ( 'NONE', *, *, #1051, .T. ) ;
#1005 = UNCERTAINTY_MEASURE_WITH_UNIT (LENGTH_MEASURE( 1.000000000000000082E-05 ), #919, 'distance_accuracy_value', 'NONE');
#1006 = SURFACE_STYLE_USAGE ( .BOTH. , #744 ) ;
#1007 = VERTEX_POINT ( 'NONE', #1926 ) ;
#1008 = CARTESIAN_POINT ( 'NONE',  ( 2.949999999999999734, 5.400000000000000355, -13.61000000032266044 ) ) ;
#1009 = EDGE_CURVE ( 'NONE', #1468, #3051, #3701, .T. ) ;
#1010 = CARTESIAN_POINT ( 'NONE',  ( 4.899999999999999467, -2.400000000492247487, -11.89999999999999858 ) ) ;
#1011 = CARTESIAN_POINT ( 'NONE',  ( 0.8928239547296697998, 6.921389612945661796, -9.200000000000001066 ) ) ;
#1012 = CARTESIAN_POINT ( 'NONE',  ( 1.000000000000000000, 6.399999999589793376, -3.000000000000000000 ) ) ;
#1013 = CARTESIAN_POINT ( 'NONE',  ( 2.550000000274999845, 7.400000000000000355, -13.63386948327999981 ) ) ;
#1014 = FILL_AREA_STYLE ('',( #1155 ) ) ;
#1015 = MECHANICAL_DESIGN_GEOMETRIC_PRESENTATION_REPRESENTATION (  '', ( #2010 ), #2686 ) ;
#1016 = FILL_AREA_STYLE ('',( #1334 ) ) ;
#1017 = CARTESIAN_POINT ( 'NONE',  ( -1.874516601367269386, 9.599999999615532076, -10.00000000000000000 ) ) ;
#1018 = CARTESIAN_POINT ( 'NONE',  ( 3.199999999470934942, 6.399999999808439810, -10.00000000000000000 ) ) ;
#1019 = CARTESIAN_POINT ( 'NONE',  ( 1.449999999999999956, -1.967911962000000292, -14.16770113299999956 ) ) ;
#1020 = ADVANCED_FACE ( 'NONE', ( #354 ), #2209, .F. ) ;
#1021 = CARTESIAN_POINT ( 'NONE',  ( 2.455000000106540181, 5.399999999800000339, -13.70000000020266029 ) ) ;
#1022 = ORIENTED_EDGE ( 'NONE', *, *, #2264, .F. ) ;
#1023 = FACE_OUTER_BOUND ( 'NONE', #779, .T. ) ;
#1024 = FACE_OUTER_BOUND ( 'NONE', #3788, .T. ) ;
#1025 = B_SPLINE_CURVE_WITH_KNOTS ( 'NONE', 1,
 ( #3321, #2328 ),
 .UNSPECIFIED., .F., .F.,
 ( 2, 2 ),
 ( 0.000000000000000000, 1.000000000000000000 ),
 .UNSPECIFIED. ) ;
#1026 = FILL_AREA_STYLE_COLOUR ( '', #621 ) ;
#1027 = PRESENTATION_STYLE_ASSIGNMENT (( #728 ) ) ;
#1028 = SURFACE_STYLE_USAGE ( .BOTH. , #26 ) ;
#1029 = MECHANICAL_DESIGN_GEOMETRIC_PRESENTATION_REPRESENTATION (  '', ( #1431 ), #3347 ) ;
#1030 = CARTESIAN_POINT ( 'NONE',  ( -1.649999998784889899, 3.833445944444800357, -13.70000000000000107 ) ) ;
#1031 = ORIENTED_EDGE ( 'NONE', *, *, #3570, .F. ) ;
#1032 = CARTESIAN_POINT ( 'NONE',  ( -4.049999999995434585, 6.800000001390909432, -12.00000000000000000 ) ) ;
#1033 = EDGE_CURVE ( 'NONE', #2639, #3423, #1118, .T. ) ;
#1034 = CARTESIAN_POINT ( 'NONE',  ( -1.449999999999999956, -1.858694062455174878, -14.55250166619295982 ) ) ;
#1035 = CARTESIAN_POINT ( 'NONE',  ( 0.7408264380000004756, 4.918347123999999404, -2.000000000000000888 ) ) ;
#1036 = CARTESIAN_POINT ( 'NONE',  ( -1.250000000000000000, -0.3876621951498833707, -7.823733912885241004 ) ) ;
#1037 = PRESENTATION_LAYER_ASSIGNMENT (  '', '', ( #2218 ) ) ;
#1038 = CARTESIAN_POINT ( 'NONE',  ( -1.007206908000006118, 10.28209110604199594, -11.99999999999999822 ) ) ;
#1039 = CARTESIAN_POINT ( 'NONE',  ( 4.600000000020509461, 4.000000000000000000, -9.500000000000000000 ) ) ;
#1040 = CARTESIAN_POINT ( 'NONE',  ( 4.099999999961529973, -2.574980159653075003E-16, -0.2500000000240429898 ) ) ;
#1041 = CARTESIAN_POINT ( 'NONE',  ( -4.500000000000000000, 0.3999999999589795019, -0.2500000000240429898 ) ) ;
#1042 = CARTESIAN_POINT ( 'NONE',  ( -1.350000000000001421, 3.700000000000000178, -14.10000000000001563 ) ) ;
#1043 = CARTESIAN_POINT ( 'NONE',  ( 0.7507667128051852545, 8.411764375796199289, -13.69999999999999751 ) ) ;
#1044 = ORIENTED_EDGE ( 'NONE', *, *, #3454, .F. ) ;
#1045 = CARTESIAN_POINT ( 'NONE',  ( 4.600000000020509461, 4.000000000000000000, -11.90000000000000036 ) ) ;
#1046 = STYLED_ITEM ( 'NONE', ( #523 ), #3978 ) ;
#1047 =( NAMED_UNIT ( * ) PLANE_ANGLE_UNIT ( ) SI_UNIT ( $, .RADIAN. ) );
#1048 = UNCERTAINTY_MEASURE_WITH_UNIT (LENGTH_MEASURE( 1.000000000000000082E-05 ), #2732, 'distance_accuracy_value', 'NONE');
#1049 = FILL_AREA_STYLE ('',( #2336 ) ) ;
#1050 = EDGE_CURVE ( 'NONE', #1875, #3818, #719, .T. ) ;
#1051 = EDGE_CURVE ( 'NONE', #4065, #3780, #3202, .T. ) ;
#1052 = PRESENTATION_STYLE_ASSIGNMENT (( #1028 ) ) ;
#1053 = FACE_OUTER_BOUND ( 'NONE', #3483, .T. ) ;
#1054 = ORIENTED_EDGE ( 'NONE', *, *, #2379, .F. ) ;
#1055 = CARTESIAN_POINT ( 'NONE',  ( 1.875000000000000000, 7.400000000000000355, -14.09999999999999964 ) ) ;
#1056 = PRODUCT_RELATED_PRODUCT_CATEGORY ( 'part', '', ( #2053 ) ) ;
#1057 = FILL_AREA_STYLE ('',( #389 ) ) ;
#1058 = ORIENTED_EDGE ( 'NONE', *, *, #2369, .F. ) ;
#1059 = CARTESIAN_POINT ( 'NONE',  ( -3.288362640000002113, 8.672465044103001119, -11.99999999999999822 ) ) ;
#1060 = CARTESIAN_POINT ( 'NONE',  ( 4.599999999999999645, 4.000000000000000000, -9.500000000000000000 ) ) ;
#1061 = CARTESIAN_POINT ( 'NONE',  ( -1.250000000000000000, -0.1499999996548333769, -7.549999999879180024 ) ) ;
#1062 = FACE_OUTER_BOUND ( 'NONE', #1915, .T. ) ;
#1063 =( BOUNDED_CURVE ( )  B_SPLINE_CURVE ( 3, ( #624, #1257, #1871, #1177 ),
 .UNSPECIFIED., .F., .T. ) 
 B_SPLINE_CURVE_WITH_KNOTS ( ( 4, 4 ),
 ( 0.000000000000000000, 3.141592653589795336 ),
 .UNSPECIFIED. ) 
 CURVE ( )  GEOMETRIC_REPRESENTATION_ITEM ( )  RATIONAL_B_SPLINE_CURVE ( ( 1.000000000000000000, 0.3333333333333329818, 0.3333333333333329818, 1.000000000000000000 ) ) 
 REPRESENTATION_ITEM ( '' )  );
#1064 = EDGE_CURVE ( 'NONE', #1282, #604, #1072, .T. ) ;
#1065 = CARTESIAN_POINT ( 'NONE',  ( -1.449999999999999956, -0.1569835848825495150, -13.70000000000000107 ) ) ;
#1066 = CARTESIAN_POINT ( 'NONE',  ( 3.950000000000000178, 5.299999999271410189, -13.70000000000000107 ) ) ;
#1067 = CARTESIAN_POINT ( 'NONE',  ( -1.250000000000000000, -2.519553478000000180, -7.849999999999999645 ) ) ;
#1068 = ORIENTED_EDGE ( 'NONE', *, *, #1300, .T. ) ;
#1069 = B_SPLINE_CURVE_WITH_KNOTS ( 'NONE', 1,
 ( #1669, #2673 ),
 .UNSPECIFIED., .F., .F.,
 ( 2, 2 ),
 ( -1.000000000000000000, 0.000000000000000000 ),
 .UNSPECIFIED. ) ;
#1070 = CARTESIAN_POINT ( 'NONE',  ( 1.649999998700000026, 0.2334459459999999875, -14.50000000000000000 ) ) ;
#1071 = SURFACE_SIDE_STYLE ('',( #3601 ) ) ;
#1072 = B_SPLINE_CURVE_WITH_KNOTS ( 'NONE', 1,
 ( #4119, #2262 ),
 .UNSPECIFIED., .F., .F.,
 ( 2, 2 ),
 ( 0.000000000000000000, 1.000000000000000000 ),
 .UNSPECIFIED. ) ;
#1073 =( LENGTH_UNIT ( ) NAMED_UNIT ( * ) SI_UNIT ( .MILLI., .METRE. ) );
#1074 = ORIENTED_EDGE ( 'NONE', *, *, #4011, .T. ) ;
#1075 = EDGE_CURVE ( 'NONE', #870, #892, #3388, .T. ) ;
#1076 = CARTESIAN_POINT ( 'NONE',  ( -1.464729109999999945, -3.907712619999999859, -14.07464956099999931 ) ) ;
#1077 = CARTESIAN_POINT ( 'NONE',  ( -3.114308558999999033, 9.096360519232000286, -12.00000000000000178 ) ) ;
#1078 = CARTESIAN_POINT ( 'NONE',  ( -1.000000000000000000, 6.399999999910209958, -3.000000000000000000 ) ) ;
#1079 = VERTEX_POINT ( 'NONE', #3153 ) ;
#1080 = CARTESIAN_POINT ( 'NONE',  ( -1.250000000000000000, -2.350600058060285047, -6.900466952425300171 ) ) ;
#1081 = PRESENTATION_STYLE_ASSIGNMENT (( #110 ) ) ;
#1082 = CARTESIAN_POINT ( 'NONE',  ( 4.900000000000000355, -3.599999997883000180, -10.38482750720000070 ) ) ;
#1083 = CARTESIAN_POINT ( 'NONE',  ( 1.000000000000000888, 6.399999999589794264, -9.199999999999999289 ) ) ;
#1084 = CARTESIAN_POINT ( 'NONE',  ( 1.729785937196943957, 7.672276372383769250, -13.70000000000000462 ) ) ;
#1085 = EDGE_LOOP ( 'NONE', ( #570, #3630, #3478, #3122 ) ) ;
#1086 = CARTESIAN_POINT ( 'NONE',  ( -1.450000000324890070, -2.397910676604904978, -14.17663859323592135 ) ) ;
#1087 = CARTESIAN_POINT ( 'NONE',  ( -0.8445912747007969790, 5.300047612177063883, -9.999999999999998224 ) ) ;
#1088 = CARTESIAN_POINT ( 'NONE',  ( -1.449120259866664151, -2.587089462817671492, -14.53891120013835270 ) ) ;
#1089 = PRESENTATION_STYLE_ASSIGNMENT (( #2419 ) ) ;
#1090 = ORIENTED_EDGE ( 'NONE', *, *, #197, .F. ) ;
#1091 = B_SPLINE_CURVE_WITH_KNOTS ( 'NONE', 1,
 ( #1021, #2918 ),
 .UNSPECIFIED., .F., .F.,
 ( 2, 2 ),
 ( 0.000000000000000000, 1.000000000000000000 ),
 .UNSPECIFIED. ) ;
#1092 =( GEOMETRIC_REPRESENTATION_CONTEXT ( 3 ) GLOBAL_UNCERTAINTY_ASSIGNED_CONTEXT ( ( #2080 ) ) GLOBAL_UNIT_ASSIGNED_CONTEXT ( ( #2032, #3304, #1418 ) ) REPRESENTATION_CONTEXT ( 'NONE', 'WORKASPACE' ) );
#1093 = CARTESIAN_POINT ( 'NONE',  ( -2.371354575000000686, 9.775108590464002489, -11.99999999999999822 ) ) ;
#1094 = EDGE_CURVE ( 'NONE', #1912, #2573, #1848, .T. ) ;
#1095 = ORIENTED_EDGE ( 'NONE', *, *, #2756, .T. ) ;
#1096 = CARTESIAN_POINT ( 'NONE',  ( 4.500000000000002665, 10.40000000000000568, -0.1035533909999999669 ) ) ;
#1097 = EDGE_CURVE ( 'NONE', #1597, #1912, #94, .T. ) ;
#1098 = CARTESIAN_POINT ( 'NONE',  ( -4.100000001384625392, 2.349104707051924630E-16, -12.00000000000000000 ) ) ;
#1099 = EDGE_CURVE ( 'NONE', #865, #2542, #113, .T. ) ;
#1100 = B_SPLINE_CURVE_WITH_KNOTS ( 'NONE', 3,
 ( #1422, #4036, #3709, #801 ),
 .UNSPECIFIED., .F., .F.,
 ( 4, 4 ),
 ( -0.0002578678809244790366, -0.0001708538718346959884 ),
 .UNSPECIFIED. ) ;
#1101 = CARTESIAN_POINT ( 'NONE',  ( 4.775735931378182642, 3.999999999963956832, -11.90000000000000036 ) ) ;
#1102 = CARTESIAN_POINT ( 'NONE',  ( -4.500000000000001776, 10.39999999983591827, -0.2500000000000000000 ) ) ;
#1103 = STYLED_ITEM ( 'NONE', ( #3892 ), #3174 ) ;
#1104 = ORIENTED_EDGE ( 'NONE', *, *, #3353, .T. ) ;
#1105 =( BOUNDED_SURFACE ( )  B_SPLINE_SURFACE ( 3, 3, ( 
 ( #988, #364, #2611, #2638 ),
 ( #3904, #2967, #2809, #4073 ),
 ( #3451, #1741, #3652, #3633 ),
 ( #119, #3022, #878, #3118 ) ),
 .UNSPECIFIED., .F., .F., .F. ) 
 B_SPLINE_SURFACE_WITH_KNOTS ( ( 4, 4 ),
 ( 4, 4 ),
 ( 0.000000000000000000, 1.000000000000000000 ),
 ( 0.000000000000000000, 1.000000000000000000 ),
 .UNSPECIFIED. ) 
 GEOMETRIC_REPRESENTATION_ITEM ( )  RATIONAL_B_SPLINE_SURFACE ( (
 ( 1.000000000000000000, 0.8047378541243649375, 0.8047378541243649375, 1.000000000000000000),
 ( 0.8047378541243649375, 0.6476030138606879705, 0.6476030138606879705, 0.8047378541243649375),
 ( 0.8047378541243649375, 0.6476030138606879705, 0.6476030138606879705, 0.8047378541243649375),
 ( 1.000000000000000000, 0.8047378541243649375, 0.8047378541243649375, 1.000000000000000000) ) ) 
 REPRESENTATION_ITEM ( '' )  SURFACE ( )  );
#1106 =( NAMED_UNIT ( * ) SI_UNIT ( $, .STERADIAN. ) SOLID_ANGLE_UNIT ( ) );
#1107 = CARTESIAN_POINT ( 'NONE',  ( 4.899999999999999467, 3.699999999958980101, -11.90000000000000036 ) ) ;
#1108 = CARTESIAN_POINT ( 'NONE',  ( -1.250000000000000000, -2.792245628774813859, -7.143177385224185549 ) ) ;
#1109 = CARTESIAN_POINT ( 'NONE',  ( 1.349999999646215976, 6.399999999982130205, -14.09999999999999964 ) ) ;
#1110 = VERTEX_POINT ( 'NONE', #718 ) ;
#1111 =( GEOMETRIC_REPRESENTATION_CONTEXT ( 3 ) GLOBAL_UNCERTAINTY_ASSIGNED_CONTEXT ( ( #2371 ) ) GLOBAL_UNIT_ASSIGNED_CONTEXT ( ( #2584, #381, #1974 ) ) REPRESENTATION_CONTEXT ( 'NONE', 'WORKASPACE' ) );
#1112 = CARTESIAN_POINT ( 'NONE',  ( 1.250000000000000000, -1.903333792305063499, -7.109145533000001294 ) ) ;
#1113 = CARTESIAN_POINT ( 'NONE',  ( 2.550000000274999401, 5.400000000000001243, -13.63386948327999804 ) ) ;
#1114 = ORIENTED_EDGE ( 'NONE', *, *, #1822, .F. ) ;
#1115 = B_SPLINE_CURVE_WITH_KNOTS ( 'NONE', 3,
 ( #1505, #1182, #3671, #2717 ),
 .UNSPECIFIED., .F., .F.,
 ( 4, 4 ),
 ( 0.000000000000000000, 1.000000000000000000 ),
 .UNSPECIFIED. ) ;
#1116 = PRESENTATION_STYLE_ASSIGNMENT (( #753 ) ) ;
#1117 =( NAMED_UNIT ( * ) SI_UNIT ( $, .STERADIAN. ) SOLID_ANGLE_UNIT ( ) );
#1118 = B_SPLINE_CURVE_WITH_KNOTS ( 'NONE', 1,
 ( #2896, #926 ),
 .UNSPECIFIED., .F., .F.,
 ( 2, 2 ),
 ( 0.000000000000000000, 1.000000000000000000 ),
 .UNSPECIFIED. ) ;
#1119 = EDGE_CURVE ( 'NONE', #3062, #3882, #3011, .T. ) ;
#1120 =( LENGTH_UNIT ( ) NAMED_UNIT ( * ) SI_UNIT ( .MILLI., .METRE. ) );
#1121 = ORIENTED_EDGE ( 'NONE', *, *, #2007, .T. ) ;
#1122 = CARTESIAN_POINT ( 'NONE',  ( -1.099952380098000448, 5.555408731270000011, -9.199999999999999289 ) ) ;
#1123 = B_SPLINE_SURFACE_WITH_KNOTS ( 'NONE', 1, 1, ( 
 ( #2628, #2246 ),
 ( #3506, #3525 ) ),
 .UNSPECIFIED., .F., .F., .F.,
 ( 2, 2 ),
 ( 2, 2 ),
 ( 0.000000000000000000, 1.000000000000000000 ),
 ( 0.000000000000000000, 1.000000000000000000 ),
 .UNSPECIFIED. ) ;
#1124 = CARTESIAN_POINT ( 'NONE',  ( -1.294275596186296617, 8.085371081132166182, -13.70000000000000107 ) ) ;
#1125 = FILL_AREA_STYLE_COLOUR ( '', #3571 ) ;
#1126 = CARTESIAN_POINT ( 'NONE',  ( -3.950000000000000178, 0.2334459459999999875, -14.50000000000000000 ) ) ;
#1127 = ORIENTED_EDGE ( 'NONE', *, *, #2681, .T. ) ;
#1128 = B_SPLINE_SURFACE_WITH_KNOTS ( 'NONE', 1, 1, ( 
 ( #237, #219 ),
 ( #1517, #3497 ) ),
 .UNSPECIFIED., .F., .F., .F.,
 ( 2, 2 ),
 ( 2, 2 ),
 ( 0.000000000000000000, 1.000000000000000000 ),
 ( 0.000000000000000000, 1.000000000000000000 ),
 .UNSPECIFIED. ) ;
#1129 =( BOUNDED_CURVE ( )  B_SPLINE_CURVE ( 3, ( #1925, #3199, #10, #2602, #2283, #3567, #3244 ),
 .UNSPECIFIED., .F., .T. ) 
 B_SPLINE_CURVE_WITH_KNOTS ( ( 4, 3, 4 ),
 ( -3.141592653589795336, -1.570796326794897668, 0.000000000000000000 ),
 .UNSPECIFIED. ) 
 CURVE ( )  GEOMETRIC_REPRESENTATION_ITEM ( )  RATIONAL_B_SPLINE_CURVE ( ( 1.000000000000000000, 0.8047378540760217192, 0.8047378540760217192, 1.000000000000000000, 0.8047378540760217192, 0.8047378540760217192, 1.000000000000000000 ) ) 
 REPRESENTATION_ITEM ( '' )  );
#1130 = CARTESIAN_POINT ( 'NONE',  ( 2.449999999333334788, 5.299999998649330024, -12.00000000000000000 ) ) ;
#1131 = ORIENTED_EDGE ( 'NONE', *, *, #2522, .T. ) ;
#1132 = ADVANCED_FACE ( 'NONE', ( #1062 ), #1532, .F. ) ;
#1133 =( LENGTH_UNIT ( ) NAMED_UNIT ( * ) SI_UNIT ( .MILLI., .METRE. ) );
#1134 = PRESENTATION_STYLE_ASSIGNMENT (( #3337 ) ) ;
#1135 = ORIENTED_EDGE ( 'NONE', *, *, #2676, .F. ) ;
#1136 = CARTESIAN_POINT ( 'NONE',  ( -0.3661142047028587143, -3.767339751279310534, -13.69999999977319760 ) ) ;
#1137 = CARTESIAN_POINT ( 'NONE',  ( -1.852593387586339402, 5.314300100261671211, -13.70000000000000107 ) ) ;
#1138 = ORIENTED_EDGE ( 'NONE', *, *, #3687, .F. ) ;
#1139 = ADVANCED_FACE ( 'NONE', ( #3592 ), #2548, .F. ) ;
#1140 = FACE_BOUND ( 'NONE', #3770, .T. ) ;
#1141 = CARTESIAN_POINT ( 'NONE',  ( -1.449999999999999956, -1.967911962528825054, -14.16770113286352029 ) ) ;
#1142 = CARTESIAN_POINT ( 'NONE',  ( -1.449999999999999956, -0.1569835848825495150, -13.70000000000000107 ) ) ;
#1143 = CARTESIAN_POINT ( 'NONE',  ( 0.8601000500000000049, 6.399999999823590358, -2.206587955999999906 ) ) ;
#1144 = CARTESIAN_POINT ( 'NONE',  ( -3.950000000000000178, 0.2334459459999999875, -14.50000000000000000 ) ) ;
#1145 = EDGE_CURVE ( 'NONE', #3965, #2719, #97, .T. ) ;
#1146 = ORIENTED_EDGE ( 'NONE', *, *, #4121, .F. ) ;
#1147 = CARTESIAN_POINT ( 'NONE',  ( 1.940121240000003189, 10.04259561199999951, -3.499999999999999556 ) ) ;
#1148 = ORIENTED_EDGE ( 'NONE', *, *, #2687, .F. ) ;
#1149 = CARTESIAN_POINT ( 'NONE',  ( 2.549999999978374010, 5.400000000000001243, -13.66272077939011176 ) ) ;
#1150 = FILL_AREA_STYLE ('',( #1528 ) ) ;
#1151 = VERTEX_POINT ( 'NONE', #1438 ) ;
#1152 = EDGE_CURVE ( 'NONE', #1935, #3734, #2009, .T. ) ;
#1153 = COLOUR_RGB ( '',0.7490196078431372584, 0.7490196078431372584, 0.7490196078431372584 ) ;
#1154 = CARTESIAN_POINT ( 'NONE',  ( -1.339434576503465868, 6.759367033437865935, -9.999999999999998224 ) ) ;
#1155 = FILL_AREA_STYLE_COLOUR ( '', #3753 ) ;
#1156 = COLOUR_RGB ( '',0.7490196078431372584, 0.7490196078431372584, 0.7490196078431372584 ) ;
#1157 = SURFACE_STYLE_FILL_AREA ( #2711 ) ;
#1158 = CARTESIAN_POINT ( 'NONE',  ( -1.250000000000000000, -2.456364098870621238, -7.072696456817393340 ) ) ;
#1159 = B_SPLINE_SURFACE_WITH_KNOTS ( 'NONE', 1, 1, ( 
 ( #1175, #3364 ),
 ( #2121, #2446 ) ),
 .UNSPECIFIED., .F., .F., .F.,
 ( 2, 2 ),
 ( 2, 2 ),
 ( 0.000000000000000000, 1.000000000000000000 ),
 ( 0.000000000000000000, 1.000000000000000000 ),
 .UNSPECIFIED. ) ;
#1160 = ORIENTED_EDGE ( 'NONE', *, *, #3694, .T. ) ;
#1161 = PRESENTATION_LAYER_ASSIGNMENT (  '', '', ( #2149 ) ) ;
#1162 = CARTESIAN_POINT ( 'NONE',  ( -1.449999999792365601, 4.846576361515591458, -13.70000000000000107 ) ) ;
#1163 = EDGE_CURVE ( 'NONE', #982, #1816, #2257, .T. ) ;
#1164 = CARTESIAN_POINT ( 'NONE',  ( 4.099999999999998757, 0.000000000000000000, -0.1035533909999999530 ) ) ;
#1165 = CARTESIAN_POINT ( 'NONE',  ( 1.050000000000000933, 4.300000000000000711, -14.40000000000001279 ) ) ;
#1166 = EDGE_LOOP ( 'NONE', ( #2920, #4123, #2352, #965 ) ) ;
#1167 = PRESENTATION_LAYER_ASSIGNMENT (  '', '', ( #2973 ) ) ;
#1168 = CARTESIAN_POINT ( 'NONE',  ( 4.249999999965814901, 0.4000000007000000246, 0.000000000000000000 ) ) ;
#1169 = ORIENTED_EDGE ( 'NONE', *, *, #2150, .T. ) ;
#1170 = UNCERTAINTY_MEASURE_WITH_UNIT (LENGTH_MEASURE( 1.000000000000000082E-05 ), #1767, 'distance_accuracy_value', 'NONE');
#1171 = EDGE_CURVE ( 'NONE', #3324, #1708, #1258, .T. ) ;
#1172 = CARTESIAN_POINT ( 'NONE',  ( -1.049999999826399799, 6.400000000000000355, -14.40000000000000036 ) ) ;
#1173 = ORIENTED_EDGE ( 'NONE', *, *, #2063, .F. ) ;
#1174 = FILL_AREA_STYLE ('',( #1867 ) ) ;
#1175 = CARTESIAN_POINT ( 'NONE',  ( -1.250000000000000000, -0.1569835839999999816, -7.849999999999999645 ) ) ;
#1176 = CARTESIAN_POINT ( 'NONE',  ( 2.714589496733333718, 5.400000000000001243, -14.04837514732000159 ) ) ;
#1177 = CARTESIAN_POINT ( 'NONE',  ( -1.049999999826399799, 6.400000000000000355, -14.40000000000000036 ) ) ;
#1178 = CARTESIAN_POINT ( 'NONE',  ( -1.675578963492195816, 5.057136759414202487, -13.70000000000000284 ) ) ;
#1179 = EDGE_CURVE ( 'NONE', #1416, #865, #4153, .T. ) ;
#1180 = FILL_AREA_STYLE ('',( #2059 ) ) ;
#1181 = VERTEX_POINT ( 'NONE', #3720 ) ;
#1182 = CARTESIAN_POINT ( 'NONE',  ( 1.449999999999999956, -0.9739698253461248623, -13.88559062674640110 ) ) ;
#1183 = EDGE_LOOP ( 'NONE', ( #1237, #4008, #1404, #3548, #530, #2897 ) ) ;
#1184 = CARTESIAN_POINT ( 'NONE',  ( -1.001950451999998437, 10.40662188400000154, -3.500000000000000444 ) ) ;
#1185 = ORIENTED_EDGE ( 'NONE', *, *, #754, .T. ) ;
#1186 =( NAMED_UNIT ( * ) PLANE_ANGLE_UNIT ( ) SI_UNIT ( $, .RADIAN. ) );
#1187 = CARTESIAN_POINT ( 'NONE',  ( 1.391499999999999959, 5.008499999999999730, -9.199999999999999289 ) ) ;
#1188 = ORIENTED_EDGE ( 'NONE', *, *, #3361, .T. ) ;
#1189 = EDGE_CURVE ( 'NONE', #2196, #3089, #2553, .T. ) ;
#1190 = CARTESIAN_POINT ( 'NONE',  ( 1.450000000978983739, -2.397105741271087442, -14.17434889880377114 ) ) ;
#1191 = B_SPLINE_CURVE_WITH_KNOTS ( 'NONE', 1,
 ( #1130, #2402 ),
 .UNSPECIFIED., .F., .F.,
 ( 2, 2 ),
 ( 0.000000000000000000, 1.000000000000000000 ),
 .UNSPECIFIED. ) ;
#1192 = FACE_OUTER_BOUND ( 'NONE', #3747, .T. ) ;
#1193 = CARTESIAN_POINT ( 'NONE',  ( 1.339434576503466312, 6.040632966562133888, -10.00000000000000000 ) ) ;
#1194 = ORIENTED_EDGE ( 'NONE', *, *, #4092, .T. ) ;
#1195 = CARTESIAN_POINT ( 'NONE',  ( -0.6138981110000001351, 5.172203777000000002, -2.000000000000000444 ) ) ;
#1196 = ORIENTED_EDGE ( 'NONE', *, *, #228, .F. ) ;
#1197 = ORIENTED_EDGE ( 'NONE', *, *, #496, .T. ) ;
#1198 = COLOUR_RGB ( '',0.7490196078431372584, 0.7490196078431372584, 0.7490196078431372584 ) ;
#1199 = CARTESIAN_POINT ( 'NONE',  ( 4.249999999999998224, 0.3121320340000002802, 0.000000000000000000 ) ) ;
#1200 = EDGE_LOOP ( 'NONE', ( #2167, #1937, #724, #1488 ) ) ;
#1201 = CARTESIAN_POINT ( 'NONE',  ( -4.100000001384625392, 2.349104707051924630E-16, -12.00000000000000000 ) ) ;
#1202 = CARTESIAN_POINT ( 'NONE',  ( -1.050000000000000933, 8.499999999999998224, -14.40000000000001457 ) ) ;
#1203 = EDGE_LOOP ( 'NONE', ( #2154, #2160, #1131, #2760 ) ) ;
#1204 = CARTESIAN_POINT ( 'NONE',  ( -1.250000000000000000, -1.979975502756305072, -6.805336374020139800 ) ) ;
#1205 = B_SPLINE_CURVE_WITH_KNOTS ( 'NONE', 1,
 ( #385, #2001 ),
 .UNSPECIFIED., .F., .F.,
 ( 2, 2 ),
 ( 0.000000000000000000, 1.000000000000000000 ),
 .UNSPECIFIED. ) ;
#1206 = EDGE_CURVE ( 'NONE', #741, #4112, #1516, .T. ) ;
#1207 = CARTESIAN_POINT ( 'NONE',  ( 0.8445912747007973120, 7.499952387822936828, -10.00000000000000000 ) ) ;
#1208 = CARTESIAN_POINT ( 'NONE',  ( 1.449999999999999956, -0.1569835848825495150, -13.70000000000000107 ) ) ;
#1209 = EDGE_CURVE ( 'NONE', #1509, #3677, #557, .T. ) ;
#1210 = CARTESIAN_POINT ( 'NONE',  ( 1.447360780082724174, -2.614563275719659963, -14.52925285267032152 ) ) ;
#1211 = CARTESIAN_POINT ( 'NONE',  ( 0.3593670334378657460, 5.060565423496532489, -10.00000000000000000 ) ) ;
#1212 = VERTEX_POINT ( 'NONE', #2408 ) ;
#1213 = STYLED_ITEM ( 'NONE', ( #1134 ), #1514 ) ;
#1214 = FILL_AREA_STYLE_COLOUR ( '', #3901 ) ;
#1215 = CARTESIAN_POINT ( 'NONE',  ( 1.450000000150617252, 4.846576361849991521, -13.70000000000000107 ) ) ;
#1216 = EDGE_CURVE ( 'NONE', #590, #1550, #1664, .T. ) ;
#1217 = SURFACE_SIDE_STYLE ('',( #2518 ) ) ;
#1218 = MECHANICAL_DESIGN_GEOMETRIC_PRESENTATION_REPRESENTATION (  '', ( #3824 ), #476 ) ;
#1219 = ORIENTED_EDGE ( 'NONE', *, *, #777, .F. ) ;
#1220 = ORIENTED_EDGE ( 'NONE', *, *, #2831, .F. ) ;
#1221 = CARTESIAN_POINT ( 'NONE',  ( -4.187867966000002440, 10.54999999999999716, 0.000000000000000000 ) ) ;
#1222 = EDGE_LOOP ( 'NONE', ( #3498, #1693 ) ) ;
#1223 = CARTESIAN_POINT ( 'NONE',  ( -0.7408264380000001426, 6.400000000000002132, -2.000000000000002220 ) ) ;
#1224 = CARTESIAN_POINT ( 'NONE',  ( 4.500000000000000000, 10.40000000000000036, -12.00000000000000000 ) ) ;
#1225 = ORIENTED_EDGE ( 'NONE', *, *, #83, .F. ) ;
#1226 = COLOUR_RGB ( '',0.7490196078431372584, 0.7490196078431372584, 0.7490196078431372584 ) ;
#1227 = CARTESIAN_POINT ( 'NONE',  ( -1.449999999999999956, -2.255396131953084637, -14.21075888506874740 ) ) ;
#1228 =( BOUNDED_SURFACE ( )  B_SPLINE_SURFACE ( 1, 3, ( 
 ( #3975, #173, #3382, #2708 ),
 ( #532, #3719, #3340, #3092 ) ),
 .UNSPECIFIED., .F., .F., .F. ) 
 B_SPLINE_SURFACE_WITH_KNOTS ( ( 2, 2 ),
 ( 4, 4 ),
 ( 0.000000000000000000, 1.000000000000000000 ),
 ( 0.000000000000000000, 1.000000000000000000 ),
 .UNSPECIFIED. ) 
 GEOMETRIC_REPRESENTATION_ITEM ( )  RATIONAL_B_SPLINE_SURFACE ( (
 ( 1.000000000000000000, 0.9790678752185937306, 0.9790678752185937306, 1.000000000000000000),
 ( 1.000000000000000000, 0.9790678752185937306, 0.9790678752185937306, 1.000000000000000000) ) ) 
 REPRESENTATION_ITEM ( '' )  SURFACE ( )  );
#1229 = COLOUR_RGB ( '',0.7490196078431372584, 0.7490196078431372584, 0.7490196078431372584 ) ;
#1230 = CARTESIAN_POINT ( 'NONE',  ( -1.450000000978983739, -2.397105741516750932, -14.17434889871740644 ) ) ;
#1231 = CARTESIAN_POINT ( 'NONE',  ( 0.6930124077653320169, 7.601234137992535445, -10.00000000000000000 ) ) ;
#1232 = CARTESIAN_POINT ( 'NONE',  ( 0.4072929009747743856, 10.39079958477126908, -13.70000000000000107 ) ) ;
#1233 = CARTESIAN_POINT ( 'NONE',  ( -1.250000000000000000, -1.644796055751970076, -6.882167492273819853 ) ) ;
#1234 = FACE_OUTER_BOUND ( 'NONE', #2344, .T. ) ;
#1235 =( LENGTH_UNIT ( ) NAMED_UNIT ( * ) SI_UNIT ( .MILLI., .METRE. ) );
#1236 = B_SPLINE_CURVE_WITH_KNOTS ( 'NONE', 1,
 ( #2040, #161 ),
 .UNSPECIFIED., .F., .F.,
 ( 2, 2 ),
 ( 0.000000000000000000, 1.000000000000000000 ),
 .UNSPECIFIED. ) ;
#1237 = ORIENTED_EDGE ( 'NONE', *, *, #1510, .F. ) ;
#1238 = ADVANCED_FACE ( 'NONE', ( #2448 ), #3522, .F. ) ;
#1239 = CARTESIAN_POINT ( 'NONE',  ( 1.250000000000000222, -0.2735726442846513895, -7.849999999952173013 ) ) ;
#1240 = ORIENTED_EDGE ( 'NONE', *, *, #3783, .T. ) ;
#1241 = SURFACE_STYLE_USAGE ( .BOTH. , #264 ) ;
#1242 = B_SPLINE_SURFACE_WITH_KNOTS ( 'NONE', 1, 1, ( 
 ( #917, #3463 ),
 ( #1981, #1655 ) ),
 .UNSPECIFIED., .F., .F., .F.,
 ( 2, 2 ),
 ( 2, 2 ),
 ( 0.000000000000000000, 1.000000000000000000 ),
 ( 0.000000000000000000, 1.000000000000000000 ),
 .UNSPECIFIED. ) ;
#1243 = B_SPLINE_CURVE_WITH_KNOTS ( 'NONE', 1,
 ( #1061, #673 ),
 .UNSPECIFIED., .F., .F.,
 ( 2, 2 ),
 ( 0.000000000000000000, 1.000000000000000000 ),
 .UNSPECIFIED. ) ;
#1244 = ORIENTED_EDGE ( 'NONE', *, *, #124, .F. ) ;
#1245 = UNCERTAINTY_MEASURE_WITH_UNIT (LENGTH_MEASURE( 1.000000000000000082E-05 ), #373, 'distance_accuracy_value', 'NONE');
#1246 = CARTESIAN_POINT ( 'NONE',  ( 0.8601000500000000049, 6.400000000000000355, -2.206587955999999906 ) ) ;
#1247 = ORIENTED_EDGE ( 'NONE', *, *, #3872, .F. ) ;
#1248 = CARTESIAN_POINT ( 'NONE',  ( -1.350000000000000977, 3.700000000000001954, -14.27573593100000160 ) ) ;
#1249 = CARTESIAN_POINT ( 'NONE',  ( -4.049999999995434585, 6.799999999868569844, -3.500000000000000000 ) ) ;
#1250 = VERTEX_POINT ( 'NONE', #4070 ) ;
#1251 = EDGE_CURVE ( 'NONE', #1634, #3882, #2607, .T. ) ;
#1252 = FILL_AREA_STYLE ('',( #2483 ) ) ;
#1253 = CARTESIAN_POINT ( 'NONE',  ( 4.500000000000000000, 6.799999999999999822, -3.500000000000000000 ) ) ;
#1254 = CARTESIAN_POINT ( 'NONE',  ( 2.747035354295363607, 5.399999999999999467, -14.10000000011042331 ) ) ;
#1255 =( BOUNDED_CURVE ( )  B_SPLINE_CURVE ( 3, ( #125, #2703, #1112, #2383 ),
 .UNSPECIFIED., .F., .F. ) 
 B_SPLINE_CURVE_WITH_KNOTS ( ( 4, 4 ),
 ( -0.4506621906981140291, 0.000000000000000000 ),
 .UNSPECIFIED. ) 
 CURVE ( )  GEOMETRIC_REPRESENTATION_ITEM ( )  RATIONAL_B_SPLINE_CURVE ( ( 1.000000000000000000, 0.9831467894181622480, 0.9831467894181622480, 1.000000000000000000 ) ) 
 REPRESENTATION_ITEM ( '' )  );
#1256 = EDGE_CURVE ( 'NONE', #3882, #4107, #662, .T. ) ;
#1257 = CARTESIAN_POINT ( 'NONE',  ( 1.050000000000000933, 8.499999999999998224, -14.40000000000001279 ) ) ;
#1258 = B_SPLINE_CURVE_WITH_KNOTS ( 'NONE', 3,
 ( #796, #3341, #55, #2623, #1082, #3890, #394, #738, #2309, #3266 ),
 .UNSPECIFIED., .F., .F.,
 ( 4, 2, 2, 2, 4 ),
 ( 0.000000000000000000, 0.7853981633974488341, 1.570796326794897668, 2.356194490192346613, 3.141592653589795336 ),
 .UNSPECIFIED. ) ;
#1259 = CARTESIAN_POINT ( 'NONE',  ( 1.250000000000000000, -1.644796055751970076, -6.882167492273819853 ) ) ;
#1260 = CARTESIAN_POINT ( 'NONE',  ( -4.334314575000001390, 10.79999999999999716, -0.2500000000000003331 ) ) ;
#1261 = ORIENTED_EDGE ( 'NONE', *, *, #3488, .T. ) ;
#1262 = CARTESIAN_POINT ( 'NONE',  ( 1.447360780316386153, -2.481903027361989977, -14.15189193990002003 ) ) ;
#1263 = B_SPLINE_CURVE_WITH_KNOTS ( 'NONE', 1,
 ( #247, #1548 ),
 .UNSPECIFIED., .F., .F.,
 ( 2, 2 ),
 ( -1.000000000000000000, 0.000000000000000000 ),
 .UNSPECIFIED. ) ;
#1264 = PRESENTATION_STYLE_ASSIGNMENT (( #906 ) ) ;
#1265 = PRESENTATION_STYLE_ASSIGNMENT (( #2794 ) ) ;
#1266 = ORIENTED_EDGE ( 'NONE', *, *, #3499, .T. ) ;
#1267 = ORIENTED_EDGE ( 'NONE', *, *, #1791, .F. ) ;
#1268 = CARTESIAN_POINT ( 'NONE',  ( -4.100000000000000533, 10.80000000000000071, -0.2500000000000000000 ) ) ;
#1269 = ORIENTED_EDGE ( 'NONE', *, *, #3958, .F. ) ;
#1270 = ORIENTED_EDGE ( 'NONE', *, *, #3549, .F. ) ;
#1271 = ADVANCED_FACE ( 'NONE', ( #1491 ), #2811, .F. ) ;
#1272 = CARTESIAN_POINT ( 'NONE',  ( 1.250000000000000000, -1.979975502756305072, -6.805336374020139800 ) ) ;
#1273 =( NAMED_UNIT ( * ) SI_UNIT ( $, .STERADIAN. ) SOLID_ANGLE_UNIT ( ) );
#1274 = EDGE_LOOP ( 'NONE', ( #1956, #3042, #2824, #3842 ) ) ;
#1275 =( GEOMETRIC_REPRESENTATION_CONTEXT ( 3 ) GLOBAL_UNCERTAINTY_ASSIGNED_CONTEXT ( ( #3752 ) ) GLOBAL_UNIT_ASSIGNED_CONTEXT ( ( #71, #2689, #3950 ) ) REPRESENTATION_CONTEXT ( 'NONE', 'WORKASPACE' ) );
#1276 = CARTESIAN_POINT ( 'NONE',  ( 4.499999999999999112, 10.63431457508886524, -0.2500000000000000000 ) ) ;
#1277 = CARTESIAN_POINT ( 'NONE',  ( -4.500000000000000000, 6.799999999999999822, -3.500000000000000000 ) ) ;
#1278 = SURFACE_STYLE_FILL_AREA ( #1014 ) ;
#1279 = SURFACE_STYLE_FILL_AREA ( #736 ) ;
#1280 = CARTESIAN_POINT ( 'NONE',  ( 1.449999999999999956, -2.108885666710653251, -14.20771368645335109 ) ) ;
#1281 = CARTESIAN_POINT ( 'NONE',  ( -1.449999999999999956, -2.575316788999999940, -13.70000000000000107 ) ) ;
#1282 = VERTEX_POINT ( 'NONE', #2727 ) ;
#1283 =( BOUNDED_CURVE ( )  B_SPLINE_CURVE ( 3, ( #1968, #54, #2329, #3222 ),
 .UNSPECIFIED., .F., .T. ) 
 B_SPLINE_CURVE_WITH_KNOTS ( ( 4, 4 ),
 ( -6.283185307179590673, -3.141592653589795336 ),
 .UNSPECIFIED. ) 
 CURVE ( )  GEOMETRIC_REPRESENTATION_ITEM ( )  RATIONAL_B_SPLINE_CURVE ( ( 1.000000000000000000, 0.3333333335299309419, 0.3333333335299309419, 1.000000000000000000 ) ) 
 REPRESENTATION_ITEM ( '' )  );
#1284 = B_SPLINE_SURFACE_WITH_KNOTS ( 'NONE', 1, 1, ( 
 ( #742, #3856 ),
 ( #3289, #1975 ) ),
 .UNSPECIFIED., .F., .F., .F.,
 ( 2, 2 ),
 ( 2, 2 ),
 ( 0.000000000000000000, 1.000000000000000000 ),
 ( 0.000000000000000000, 1.000000000000000000 ),
 .UNSPECIFIED. ) ;
#1285 = CARTESIAN_POINT ( 'NONE',  ( -1.449999999999999956, -0.3723929765241487111, -13.71484512461060135 ) ) ;
#1286 =( GEOMETRIC_REPRESENTATION_CONTEXT ( 3 ) GLOBAL_UNCERTAINTY_ASSIGNED_CONTEXT ( ( #149 ) ) GLOBAL_UNIT_ASSIGNED_CONTEXT ( ( #487, #1186, #846 ) ) REPRESENTATION_CONTEXT ( 'NONE', 'WORKASPACE' ) );
#1287 =( LENGTH_UNIT ( ) NAMED_UNIT ( * ) SI_UNIT ( .MILLI., .METRE. ) );
#1288 = CARTESIAN_POINT ( 'NONE',  ( -3.950000000000000178, 3.833445943844799864, -13.70000000000000107 ) ) ;
#1289 = ORIENTED_EDGE ( 'NONE', *, *, #3234, .F. ) ;
#1290 = CARTESIAN_POINT ( 'NONE',  ( 1.250000000000000000, -2.266611848471483448, -7.196628122983924847 ) ) ;
#1291 = ORIENTED_EDGE ( 'NONE', *, *, #124, .T. ) ;
#1292 = MECHANICAL_DESIGN_GEOMETRIC_PRESENTATION_REPRESENTATION (  '', ( #134 ), #3284 ) ;
#1293 = ADVANCED_FACE ( 'NONE', ( #2745 ), #3845, .F. ) ;
#1294 = CARTESIAN_POINT ( 'NONE',  ( -1.449999999999999734, -0.3727279339606194286, -13.71494019619188798 ) ) ;
#1295 = ORIENTED_EDGE ( 'NONE', *, *, #957, .T. ) ;
#1296 = UNCERTAINTY_MEASURE_WITH_UNIT (LENGTH_MEASURE( 1.000000000000000082E-05 ), #2725, 'distance_accuracy_value', 'NONE');
#1297 = STYLED_ITEM ( 'NONE', ( #189 ), #1928 ) ;
#1298 = SURFACE_STYLE_FILL_AREA ( #4085 ) ;
#1299 = VERTEX_POINT ( 'NONE', #2849 ) ;
#1300 = EDGE_CURVE ( 'NONE', #2387, #363, #4045, .T. ) ;
#1301 = PRESENTATION_STYLE_ASSIGNMENT (( #3446 ) ) ;
#1302 = FACE_OUTER_BOUND ( 'NONE', #769, .T. ) ;
#1303 = PRESENTATION_LAYER_ASSIGNMENT (  '', '', ( #3232 ) ) ;
#1304 = CARTESIAN_POINT ( 'NONE',  ( 1.449999999999999734, -2.481903027123995464, -14.15189193991355232 ) ) ;
#1305 = STYLED_ITEM ( 'NONE', ( #325 ), #3898 ) ;
#1306 = B_SPLINE_CURVE_WITH_KNOTS ( 'NONE', 1,
 ( #3515, #894 ),
 .UNSPECIFIED., .F., .F.,
 ( 2, 2 ),
 ( 0.000000000000000000, 1.000000000000000000 ),
 .UNSPECIFIED. ) ;
#1307 =( LENGTH_UNIT ( ) NAMED_UNIT ( * ) SI_UNIT ( .MILLI., .METRE. ) );
#1308 = SURFACE_STYLE_USAGE ( .BOTH. , #3198 ) ;
#1309 = CARTESIAN_POINT ( 'NONE',  ( 4.500000000000000000, 0.3999999999820414986, -11.90000000174999961 ) ) ;
#1310 = CARTESIAN_POINT ( 'NONE',  ( 4.206086592000000124, 1.694065894508601834E-18, -12.00000000000000178 ) ) ;
#1311 = EDGE_LOOP ( 'NONE', ( #466, #405, #1, #3751, #3621, #2423, #1004, #2749 ) ) ;
#1312 = CARTESIAN_POINT ( 'NONE',  ( -1.449999999999999956, -0.4769987545385329653, -13.74453537345265985 ) ) ;
#1313 = FACE_OUTER_BOUND ( 'NONE', #2083, .T. ) ;
#1314 = CARTESIAN_POINT ( 'NONE',  ( -4.396446608999998951, 10.40000000000000391, 0.000000000000000000 ) ) ;
#1315 = ORIENTED_EDGE ( 'NONE', *, *, #3311, .F. ) ;
#1316 = CARTESIAN_POINT ( 'NONE',  ( 4.099999999979490717, 10.80000000000000071, -0.2499999999871810041 ) ) ;
#1317 = CARTESIAN_POINT ( 'NONE',  ( 2.460000000112164908, 5.400000000462570782, -14.09999999999999964 ) ) ;
#1318 = FACE_OUTER_BOUND ( 'NONE', #2457, .T. ) ;
#1319 = ORIENTED_EDGE ( 'NONE', *, *, #2750, .T. ) ;
#1320 = CARTESIAN_POINT ( 'NONE',  ( -1.250000000000000000, -3.462927030999999989, -7.854074263999999417 ) ) ;
#1321 = ORIENTED_EDGE ( 'NONE', *, *, #2911, .T. ) ;
#1322 = B_SPLINE_CURVE_WITH_KNOTS ( 'NONE', 1,
 ( #2147, #443 ),
 .UNSPECIFIED., .F., .F.,
 ( 2, 2 ),
 ( 0.000000000000000000, 1.000000000000000000 ),
 .UNSPECIFIED. ) ;
#1323 = CARTESIAN_POINT ( 'NONE',  ( 4.249999999965814901, 0.4000000007000000246, 0.000000000000000000 ) ) ;
#1324 = CARTESIAN_POINT ( 'NONE',  ( 4.500000000000000000, -4.799999998799999723, -9.500000000431006342 ) ) ;
#1325 = EDGE_CURVE ( 'NONE', #4112, #2037, #1515, .T. ) ;
#1326 = ORIENTED_EDGE ( 'NONE', *, *, #3488, .F. ) ;
#1327 = CARTESIAN_POINT ( 'NONE',  ( 4.500000000000000000, 4.000000000000000000, -11.90000000116666179 ) ) ;
#1328 = SURFACE_STYLE_FILL_AREA ( #2596 ) ;
#1329 = CARTESIAN_POINT ( 'NONE',  ( -0.6138981110000000241, 6.400000000000000355, -2.000000000000000000 ) ) ;
#1330 = B_SPLINE_SURFACE_WITH_KNOTS ( 'NONE', 1, 1, ( 
 ( #3523, #3455 ),
 ( #651, #3121 ) ),
 .UNSPECIFIED., .F., .F., .F.,
 ( 2, 2 ),
 ( 2, 2 ),
 ( 0.000000000000000000, 1.000000000000000000 ),
 ( 0.000000000000000000, 1.000000000000000000 ),
 .UNSPECIFIED. ) ;
#1331 = CARTESIAN_POINT ( 'NONE',  ( -1.449999999999999734, -2.314979835276103959, -14.21057335412529099 ) ) ;
#1332 = EDGE_CURVE ( 'NONE', #2558, #2610, #799, .T. ) ;
#1333 = B_SPLINE_CURVE_WITH_KNOTS ( 'NONE', 1,
 ( #2474, #1933 ),
 .UNSPECIFIED., .F., .F.,
 ( 2, 2 ),
 ( 0.000000000000000000, 1.000000000000000000 ),
 .UNSPECIFIED. ) ;
#1334 = FILL_AREA_STYLE_COLOUR ( '', #3430 ) ;
#1335 = CARTESIAN_POINT ( 'NONE',  ( 4.500000000000000000, 0.000000000000000000, -12.00000000000000000 ) ) ;
#1336 = CARTESIAN_POINT ( 'NONE',  ( -4.100000001384625392, 2.349104707051924630E-16, -12.00000000000000000 ) ) ;
#1337 = FILL_AREA_STYLE_COLOUR ( '', #14 ) ;
#1338 = CARTESIAN_POINT ( 'NONE',  ( 1.250000000000000000, -0.4921630309562550210, -7.773168881016840892 ) ) ;
#1339 = ORIENTED_EDGE ( 'NONE', *, *, #2578, .T. ) ;
#1340 = CARTESIAN_POINT ( 'NONE',  ( -1.449999999999999956, -0.3677808543892330251, -14.12933590679218021 ) ) ;
#1341 = ADVANCED_FACE ( 'NONE', ( #3148 ), #3534, .T. ) ;
#1342 = UNCERTAINTY_MEASURE_WITH_UNIT (LENGTH_MEASURE( 1.000000000000000082E-05 ), #842, 'distance_accuracy_value', 'NONE');
#1343 = CARTESIAN_POINT ( 'NONE',  ( 1.450000000399999767, 0.2334459467167515068, -13.70000000000000107 ) ) ;
#1344 = ORIENTED_EDGE ( 'NONE', *, *, #2522, .F. ) ;
#1345 = CARTESIAN_POINT ( 'NONE',  ( -4.049999999986302335, 6.799999999605714329, -12.00000000000000000 ) ) ;
#1346 = CARTESIAN_POINT ( 'NONE',  ( 4.500000000000000000, 6.800000001522329640, -12.00000000000000000 ) ) ;
#1347 = ORIENTED_EDGE ( 'NONE', *, *, #1719, .T. ) ;
#1348 = CARTESIAN_POINT ( 'NONE',  ( 0.2626437399813330575, 7.400000000009999468, -9.200000000000001066 ) ) ;
#1349 = B_SPLINE_CURVE_WITH_KNOTS ( 'NONE', 1,
 ( #653, #1340 ),
 .UNSPECIFIED., .F., .F.,
 ( 2, 2 ),
 ( -1.000000000000000000, 0.000000000000000000 ),
 .UNSPECIFIED. ) ;
#1350 = CARTESIAN_POINT ( 'NONE',  ( 1.249999998933331913, 0.000000000000000000, -7.550000000879180995 ) ) ;
#1351 = FILL_AREA_STYLE_COLOUR ( '', #868 ) ;
#1352 = CARTESIAN_POINT ( 'NONE',  ( -1.250000000000000000, -0.4921630309562550210, -7.773168881016840892 ) ) ;
#1353 = MECHANICAL_DESIGN_GEOMETRIC_PRESENTATION_REPRESENTATION (  '', ( #2614 ), #2881 ) ;
#1354 = EDGE_CURVE ( 'NONE', #1782, #2077, #602, .T. ) ;
#1355 = CARTESIAN_POINT ( 'NONE',  ( 3.803283115500775580, 7.500000000411899848, -12.00000000000000000 ) ) ;
#1356 = CARTESIAN_POINT ( 'NONE',  ( 1.649999999999999911, 0.2334459459999999875, -14.50000000000000000 ) ) ;
#1357 = CARTESIAN_POINT ( 'NONE',  ( 3.950000000000000178, 3.833445946000000326, -13.70000000000000107 ) ) ;
#1358 =( BOUNDED_CURVE ( )  B_SPLINE_CURVE ( 3, ( #2490, #578, #2529, #3116 ),
 .UNSPECIFIED., .F., .F. ) 
 B_SPLINE_CURVE_WITH_KNOTS ( ( 4, 4 ),
 ( 0.000000000000000000, 1.570796326794895004 ),
 .UNSPECIFIED. ) 
 CURVE ( )  GEOMETRIC_REPRESENTATION_ITEM ( )  RATIONAL_B_SPLINE_CURVE ( ( 1.000000000000000000, 0.8047378541243649375, 0.8047378541243649375, 1.000000000000000000 ) ) 
 REPRESENTATION_ITEM ( '' )  );
#1359 = B_SPLINE_CURVE_WITH_KNOTS ( 'NONE', 1,
 ( #1722, #1540 ),
 .UNSPECIFIED., .F., .F.,
 ( 2, 2 ),
 ( 0.000000000000000000, 1.000000000000000000 ),
 .UNSPECIFIED. ) ;
#1360 = CARTESIAN_POINT ( 'NONE',  ( -1.449999999999999956, -0.3677808530000000187, -14.12933590699999975 ) ) ;
#1361 = EDGE_CURVE ( 'NONE', #167, #1412, #2860, .T. ) ;
#1362 = CARTESIAN_POINT ( 'NONE',  ( -1.649999997484890013, 0.2334459459999999875, -13.70000000000000107 ) ) ;
#1363 = FACE_OUTER_BOUND ( 'NONE', #2204, .T. ) ;
#1364 = EDGE_LOOP ( 'NONE', ( #1421, #1173, #123, #1995 ) ) ;
#1365 = CARTESIAN_POINT ( 'NONE',  ( -1.291577286602213048, -5.047081570974876641, -13.67410736729790166 ) ) ;
#1366 = CARTESIAN_POINT ( 'NONE',  ( 1.349999999999998979, 6.400000000000006573, -14.27573593100000870 ) ) ;
#1367 = SURFACE_SIDE_STYLE ('',( #2963 ) ) ;
#1368 = CARTESIAN_POINT ( 'NONE',  ( 1.450000000087345864, -2.531051023851849546, -14.55536518088251974 ) ) ;
#1369 = B_SPLINE_CURVE_WITH_KNOTS ( 'NONE', 1,
 ( #3964, #2439 ),
 .UNSPECIFIED., .F., .F.,
 ( 2, 2 ),
 ( -1.000000000000000000, 0.000000000000000000 ),
 .UNSPECIFIED. ) ;
#1370 = CARTESIAN_POINT ( 'NONE',  ( 4.396446608999998951, 0.4000000000000000777, 0.000000000000000000 ) ) ;
#1371 = ORIENTED_EDGE ( 'NONE', *, *, #2555, .T. ) ;
#1372 = SURFACE_SIDE_STYLE ('',( #88 ) ) ;
#1373 = SURFACE_STYLE_USAGE ( .BOTH. , #2951 ) ;
#1374 = CARTESIAN_POINT ( 'NONE',  ( -1.449999999777961790, -0.1569835848586045024, -14.09999999989426200 ) ) ;
#1375 =( GEOMETRIC_REPRESENTATION_CONTEXT ( 3 ) GLOBAL_UNCERTAINTY_ASSIGNED_CONTEXT ( ( #1913 ) ) GLOBAL_UNIT_ASSIGNED_CONTEXT ( ( #689, #3586, #3884 ) ) REPRESENTATION_CONTEXT ( 'NONE', 'WORKASPACE' ) );
#1376 = PRESENTATION_LAYER_ASSIGNMENT (  '', '', ( #1962 ) ) ;
#1377 = CARTESIAN_POINT ( 'NONE',  ( -3.864928752000003076, 7.376240227481991596, -12.00000000000000000 ) ) ;
#1378 = SURFACE_SIDE_STYLE ('',( #2997 ) ) ;
#1379 = CARTESIAN_POINT ( 'NONE',  ( -3.199999997374679328, 2.462013232173987376E-09, 0.000000000000000000 ) ) ;
#1380 = B_SPLINE_CURVE_WITH_KNOTS ( 'NONE', 1,
 ( #1893, #301 ),
 .UNSPECIFIED., .F., .F.,
 ( 2, 2 ),
 ( 0.000000000000000000, 1.000000000000000000 ),
 .UNSPECIFIED. ) ;
#1381 = EDGE_CURVE ( 'NONE', #1597, #1110, #3683, .T. ) ;
#1382 = CARTESIAN_POINT ( 'NONE',  ( -4.334314575056957608, 9.013763214523010493E-11, -0.2500000000000000000 ) ) ;
#1383 = CARTESIAN_POINT ( 'NONE',  ( -1.649999999999999911, 0.2334459459999999875, -14.50000000000000000 ) ) ;
#1384 =( BOUNDED_CURVE ( )  B_SPLINE_CURVE ( 3, ( #3081, #2057, #819, #2092 ),
 .UNSPECIFIED., .F., .T. ) 
 B_SPLINE_CURVE_WITH_KNOTS ( ( 4, 4 ),
 ( 3.141592653589795336, 6.283185307179590673 ),
 .UNSPECIFIED. ) 
 CURVE ( )  GEOMETRIC_REPRESENTATION_ITEM ( )  RATIONAL_B_SPLINE_CURVE ( ( 1.000000000000000000, 0.3333333333333329818, 0.3333333333333329818, 1.000000000000000000 ) ) 
 REPRESENTATION_ITEM ( '' )  );
#1385 = CARTESIAN_POINT ( 'NONE',  ( -1.049536016898785951, 8.273318091027800136, -13.69999999999999929 ) ) ;
#1386 = STYLED_ITEM ( 'NONE', ( #1948 ), #3704 ) ;
#1387 = EDGE_LOOP ( 'NONE', ( #380, #2738, #611, #1347 ) ) ;
#1388 = EDGE_CURVE ( 'NONE', #590, #1007, #1428, .T. ) ;
#1389 = SURFACE_STYLE_FILL_AREA ( #2675 ) ;
#1390 = PRESENTATION_STYLE_ASSIGNMENT (( #2634 ) ) ;
#1391 = UNCERTAINTY_MEASURE_WITH_UNIT (LENGTH_MEASURE( 1.000000000000000082E-05 ), #3873, 'distance_accuracy_value', 'NONE');
#1392 = CARTESIAN_POINT ( 'NONE',  ( -1.447360780074889997, -2.614563275801400355, -14.52925285264158006 ) ) ;
#1393 = ORIENTED_EDGE ( 'NONE', *, *, #2854, .F. ) ;
#1394 = SURFACE_STYLE_USAGE ( .BOTH. , #1372 ) ;
#1395 = CARTESIAN_POINT ( 'NONE',  ( 2.506761336300000309, 7.400000000000001243, -13.69051788492000199 ) ) ;
#1396 = CARTESIAN_POINT ( 'NONE',  ( 1.249999999999999778, -1.863883954744959714, -6.805336374060408033 ) ) ;
#1397 = ORIENTED_EDGE ( 'NONE', *, *, #259, .F. ) ;
#1398 = EDGE_CURVE ( 'NONE', #2068, #4061, #3559, .T. ) ;
#1399 =( NAMED_UNIT ( * ) SI_UNIT ( $, .STERADIAN. ) SOLID_ANGLE_UNIT ( ) );
#1400 = CARTESIAN_POINT ( 'NONE',  ( 4.600000000020509461, 4.000000000000000000, -11.90000000000000036 ) ) ;
#1401 = B_SPLINE_SURFACE_WITH_KNOTS ( 'NONE', 1, 1, ( 
 ( #3573, #2959 ),
 ( #1383, #2312 ) ),
 .UNSPECIFIED., .F., .F., .F.,
 ( 2, 2 ),
 ( 2, 2 ),
 ( 0.000000000000000000, 1.000000000000000000 ),
 ( 0.000000000000000000, 1.000000000000000000 ),
 .UNSPECIFIED. ) ;
#1402 = CARTESIAN_POINT ( 'NONE',  ( 1.250000000000000000, -0.1569835840084929934, -7.849999999999999645 ) ) ;
#1403 = B_SPLINE_CURVE_WITH_KNOTS ( 'NONE', 1,
 ( #1462, #2438 ),
 .UNSPECIFIED., .F., .F.,
 ( 2, 2 ),
 ( 0.000000000000000000, 1.000000000000000000 ),
 .UNSPECIFIED. ) ;
#1404 = ORIENTED_EDGE ( 'NONE', *, *, #622, .F. ) ;
#1405 = CARTESIAN_POINT ( 'NONE',  ( 2.460000000112169793, 7.399999999501670978, -14.09999999999999964 ) ) ;
#1406 =( BOUNDED_CURVE ( )  B_SPLINE_CURVE ( 3, ( #2076, #3985, #1760, #1143 ),
 .UNSPECIFIED., .F., .T. ) 
 B_SPLINE_CURVE_WITH_KNOTS ( ( 4, 4 ),
 ( 0.000000000000000000, 1.396263399122069870 ),
 .UNSPECIFIED. ) 
 CURVE ( )  GEOMETRIC_REPRESENTATION_ITEM ( )  RATIONAL_B_SPLINE_CURVE ( ( 1.000000000000000000, 0.8440296287459840840, 0.8440296287459840840, 1.000000000000000000 ) ) 
 REPRESENTATION_ITEM ( '' )  );
#1407 = CARTESIAN_POINT ( 'NONE',  ( -1.250000000000000000, -1.979086840999999763, -7.109145533000000405 ) ) ;
#1408 = PRESENTATION_STYLE_ASSIGNMENT (( #1006 ) ) ;
#1409 = EDGE_CURVE ( 'NONE', #1550, #2558, #2102, .T. ) ;
#1410 =( NAMED_UNIT ( * ) PLANE_ANGLE_UNIT ( ) SI_UNIT ( $, .RADIAN. ) );
#1411 = CARTESIAN_POINT ( 'NONE',  ( -3.950000000333335315, 6.433445945948889744, -12.00000000000000000 ) ) ;
#1412 = VERTEX_POINT ( 'NONE', #2049 ) ;
#1413 = ADVANCED_FACE ( 'NONE', ( #3971 ), #2536, .T. ) ;
#1414 = CARTESIAN_POINT ( 'NONE',  ( -0.5031599040000001022, 10.49999999695499930, -12.00000000000000178 ) ) ;
#1415 = CARTESIAN_POINT ( 'NONE',  ( -1.000000000000000000, 6.985786437722168785, -2.999999999999999556 ) ) ;
#1416 = VERTEX_POINT ( 'NONE', #411 ) ;
#1417 = CARTESIAN_POINT ( 'NONE',  ( 1.250000000000000444, -2.792245628774820077, -7.143177385224193543 ) ) ;
#1418 =( NAMED_UNIT ( * ) SI_UNIT ( $, .STERADIAN. ) SOLID_ANGLE_UNIT ( ) );
#1419 = CARTESIAN_POINT ( 'NONE',  ( 4.099999999500000492, 10.54999999996582005, 0.000000000000000000 ) ) ;
#1420 = PRESENTATION_LAYER_ASSIGNMENT (  '', '', ( #3013 ) ) ;
#1421 = ORIENTED_EDGE ( 'NONE', *, *, #1094, .T. ) ;
#1422 = CARTESIAN_POINT ( 'NONE',  ( -1.450000000324890070, -2.397910676604904978, -14.17663859323592135 ) ) ;
#1423 = FILL_AREA_STYLE_COLOUR ( '', #962 ) ;
#1424 = CARTESIAN_POINT ( 'NONE',  ( -3.199999999470934942, 6.399999999124890593, -10.00000000000000000 ) ) ;
#1425 = CARTESIAN_POINT ( 'NONE',  ( 1.250000000000000000, -0.1569835840084929934, -7.849999999999999645 ) ) ;
#1426 = CARTESIAN_POINT ( 'NONE',  ( 2.449999999999999734, 7.500000000000000000, -12.00000000000000000 ) ) ;
#1427 = ORIENTED_EDGE ( 'NONE', *, *, #156, .T. ) ;
#1428 =( BOUNDED_CURVE ( )  B_SPLINE_CURVE ( 3, ( #1697, #1432, #3588, #3278, #2006, #1415, #1078 ),
 .UNSPECIFIED., .F., .T. ) 
 B_SPLINE_CURVE_WITH_KNOTS ( ( 4, 3, 4 ),
 ( -3.141592653589795336, -1.570796326794897668, 0.000000000000000000 ),
 .UNSPECIFIED. ) 
 CURVE ( )  GEOMETRIC_REPRESENTATION_ITEM ( )  RATIONAL_B_SPLINE_CURVE ( ( 1.000000000000000000, 0.8047378540760217192, 0.8047378540760217192, 1.000000000000000000, 0.8047378540760217192, 0.8047378540760217192, 1.000000000000000000 ) ) 
 REPRESENTATION_ITEM ( '' )  );
#1429 = ADVANCED_FACE ( 'NONE', ( #1987, #3261 ), #1591, .T. ) ;
#1430 = CARTESIAN_POINT ( 'NONE',  ( -0.5031599040000054313, 10.50000000000000000, -3.500000000000000000 ) ) ;
#1431 = STYLED_ITEM ( 'NONE', ( #3909 ), #643 ) ;
#1432 = CARTESIAN_POINT ( 'NONE',  ( 1.000000000240293563, 6.985786437311962693, -2.999999999999783284 ) ) ;
#1433 = VERTEX_POINT ( 'NONE', #1374 ) ;
#1434 = EDGE_CURVE ( 'NONE', #1903, #3956, #3852, .T. ) ;
#1435 = SURFACE_SIDE_STYLE ('',( #153 ) ) ;
#1436 = CARTESIAN_POINT ( 'NONE',  ( 1.449999999999999956, -1.967911962528825054, -14.16770113286352029 ) ) ;
#1437 = PRESENTATION_LAYER_ASSIGNMENT (  '', '', ( #2637 ) ) ;
#1438 = CARTESIAN_POINT ( 'NONE',  ( 1.875000000024714897, 5.400000000046340176, -13.70000000025334153 ) ) ;
#1439 = CARTESIAN_POINT ( 'NONE',  ( 3.950000000000000178, 0.2334459459999999875, -14.50000000000000000 ) ) ;
#1440 = CARTESIAN_POINT ( 'NONE',  ( -1.450000000983870052, 4.846576361501269581, -13.70000000000000107 ) ) ;
#1441 = VERTEX_POINT ( 'NONE', #1172 ) ;
#1442 = CARTESIAN_POINT ( 'NONE',  ( 1.099952380098004001, 5.555408731270003564, -9.199999999999997513 ) ) ;
#1443 = MECHANICAL_DESIGN_GEOMETRIC_PRESENTATION_REPRESENTATION (  '', ( #2437 ), #1707 ) ;
#1444 = CARTESIAN_POINT ( 'NONE',  ( -1.449999999999999956, -0.4769987545385329653, -13.74453537345265985 ) ) ;
#1445 = CARTESIAN_POINT ( 'NONE',  ( 2.820174649365014830E-10, 7.775000000000000355, -9.199999999999999289 ) ) ;
#1446 = CARTESIAN_POINT ( 'NONE',  ( -1.249999998153683123, -4.550987015412919945, -8.452027753377455710 ) ) ;
#1447 = ORIENTED_EDGE ( 'NONE', *, *, #569, .T. ) ;
#1448 = CARTESIAN_POINT ( 'NONE',  ( -4.396446608999998951, 0.4000000000000000777, 0.000000000000000000 ) ) ;
#1449 = VERTEX_POINT ( 'NONE', #847 ) ;
#1450 = CARTESIAN_POINT ( 'NONE',  ( 2.549999999999999822, 5.400000000000000355, -13.61000000003691923 ) ) ;
#1451 = B_SPLINE_CURVE_WITH_KNOTS ( 'NONE', 1,
 ( #3902, #2273 ),
 .UNSPECIFIED., .F., .F.,
 ( 2, 2 ),
 ( 0.000000000000000000, 1.000000000000000000 ),
 .UNSPECIFIED. ) ;
#1452 = VERTEX_POINT ( 'NONE', #465 ) ;
#1453 = CARTESIAN_POINT ( 'NONE',  ( -1.250000000000000000, -2.313325753188462564, -7.222300184319061067 ) ) ;
#1454 = EDGE_CURVE ( 'NONE', #4107, #3144, #4148, .T. ) ;
#1455 = CARTESIAN_POINT ( 'NONE',  ( 4.249999999897448255, 0.4000000000000000222, 0.000000000000000000 ) ) ;
#1456 = B_SPLINE_CURVE_WITH_KNOTS ( 'NONE', 1,
 ( #3608, #1621 ),
 .UNSPECIFIED., .F., .F.,
 ( 2, 2 ),
 ( 0.000000000000000000, 1.000000000000000000 ),
 .UNSPECIFIED. ) ;
#1457 = FACE_OUTER_BOUND ( 'NONE', #129, .T. ) ;
#1458 = EDGE_CURVE ( 'NONE', #3551, #3319, #3305, .T. ) ;
#1459 = CARTESIAN_POINT ( 'NONE',  ( -4.100000000082042462, 10.80000000000000071, -3.500000000000000000 ) ) ;
#1460 = VERTEX_POINT ( 'NONE', #2137 ) ;
#1461 = CARTESIAN_POINT ( 'NONE',  ( 0.6930124055726667454, 5.198765861940000121, -9.199999999999997513 ) ) ;
#1462 = CARTESIAN_POINT ( 'NONE',  ( 2.550000000091665164, 7.400000000000000355, -12.05999999999999872 ) ) ;
#1463 = CARTESIAN_POINT ( 'NONE',  ( 4.100000001282039896, -3.433306879537430050E-16, -12.00000000000000000 ) ) ;
#1464 = EDGE_CURVE ( 'NONE', #64, #3436, #353, .T. ) ;
#1465 = B_SPLINE_CURVE_WITH_KNOTS ( 'NONE', 1,
 ( #1537, #3097 ),
 .UNSPECIFIED., .F., .F.,
 ( 2, 2 ),
 ( 0.000000000000000000, 1.000000000000000000 ),
 .UNSPECIFIED. ) ;
#1466 = CARTESIAN_POINT ( 'NONE',  ( -1.250000000000000000, -2.350600058060285047, -6.900466952425300171 ) ) ;
#1467 = SURFACE_SIDE_STYLE ('',( #3986 ) ) ;
#1468 = VERTEX_POINT ( 'NONE', #3715 ) ;
#1469 = CARTESIAN_POINT ( 'NONE',  ( -1.250000000000000000, -0.7934525876521908438, -7.294108789218026523 ) ) ;
#1470 = EDGE_LOOP ( 'NONE', ( #2859, #2886, #2858, #3444 ) ) ;
#1471 = ORIENTED_EDGE ( 'NONE', *, *, #3581, .F. ) ;
#1472 = B_SPLINE_CURVE_WITH_KNOTS ( 'NONE', 1,
 ( #1008, #3273 ),
 .UNSPECIFIED., .F., .F.,
 ( 2, 2 ),
 ( 0.000000000000000000, 1.000000000000000000 ),
 .UNSPECIFIED. ) ;
#1473 =( NAMED_UNIT ( * ) PLANE_ANGLE_UNIT ( ) SI_UNIT ( $, .RADIAN. ) );
#1474 = CARTESIAN_POINT ( 'NONE',  ( -1.249999998933331913, 0.000000000000000000, -7.850000001416669981 ) ) ;
#1475 = CARTESIAN_POINT ( 'NONE',  ( 4.600000000061531757, 4.000000000000000000, -11.90000000000000036 ) ) ;
#1476 = CARTESIAN_POINT ( 'NONE',  ( 4.500000000000000000, 0.3999999999820414986, -0.2499999999871810041 ) ) ;
#1477 = ORIENTED_EDGE ( 'NONE', *, *, #1454, .F. ) ;
#1478 = ADVANCED_FACE ( 'NONE', ( #2722 ), #474, .T. ) ;
#1479 = FILL_AREA_STYLE ('',( #3390 ) ) ;
#1480 = CARTESIAN_POINT ( 'NONE',  ( 1.875000000000000000, 5.400000000000000355, -14.09999999999999964 ) ) ;
#1481 = CARTESIAN_POINT ( 'NONE',  ( -1.049999999826399799, 6.400000000000000355, -14.40000000000000036 ) ) ;
#1482 = CARTESIAN_POINT ( 'NONE',  ( 1.000000000000000888, 6.399999999589794264, -3.000000000000000000 ) ) ;
#1483 = ORIENTED_EDGE ( 'NONE', *, *, #3360, .F. ) ;
#1484 = CARTESIAN_POINT ( 'NONE',  ( -4.273654403000000990, 0.1035533909999999391, 0.000000000000000000 ) ) ;
#1485 = EDGE_LOOP ( 'NONE', ( #3166, #1194, #1888, #2267, #3084, #316, #4083, #2905, #445, #2864, #3690, #428, #510, #2249 ) ) ;
#1486 = PRESENTATION_STYLE_ASSIGNMENT (( #3399 ) ) ;
#1487 = CARTESIAN_POINT ( 'NONE',  ( -1.391499999999999959, 7.791500000000000092, -9.199999999999999289 ) ) ;
#1488 = ORIENTED_EDGE ( 'NONE', *, *, #1409, .F. ) ;
#1489 = EDGE_CURVE ( 'NONE', #1007, #1452, #3794, .T. ) ;
#1490 = B_SPLINE_CURVE_WITH_KNOTS ( 'NONE', 1,
 ( #1144, #3315 ),
 .UNSPECIFIED., .F., .F.,
 ( 2, 2 ),
 ( 0.000000000000000000, 1.000000000000000000 ),
 .UNSPECIFIED. ) ;
#1491 = FACE_OUTER_BOUND ( 'NONE', #2840, .T. ) ;
#1492 =( GEOMETRIC_REPRESENTATION_CONTEXT ( 3 ) GLOBAL_UNCERTAINTY_ASSIGNED_CONTEXT ( ( #704 ) ) GLOBAL_UNIT_ASSIGNED_CONTEXT ( ( #2742, #2098, #1273 ) ) REPRESENTATION_CONTEXT ( 'NONE', 'WORKASPACE' ) );
#1493 = B_SPLINE_SURFACE_WITH_KNOTS ( 'NONE', 1, 1, ( 
 ( #387, #2277 ),
 ( #1076, #3296 ) ),
 .UNSPECIFIED., .F., .F., .F.,
 ( 2, 2 ),
 ( 2, 2 ),
 ( 0.000000000000000000, 1.000000000000000000 ),
 ( 0.000000000000000000, 1.000000000000000000 ),
 .UNSPECIFIED. ) ;
#1494 = COLOUR_RGB ( '',0.7490196078431372584, 0.7490196078431372584, 0.7490196078431372584 ) ;
#1495 = CARTESIAN_POINT ( 'NONE',  ( -3.950000000000000178, 6.433445946185130104, -13.70000000000000107 ) ) ;
#1496 = CARTESIAN_POINT ( 'NONE',  ( 1.649999999999999911, 0.2334459459999999875, -14.50000000000000000 ) ) ;
#1497 = B_SPLINE_SURFACE_WITH_KNOTS ( 'NONE', 1, 1, ( 
 ( #1126, #120 ),
 ( #522, #1800 ) ),
 .UNSPECIFIED., .F., .F., .F.,
 ( 2, 2 ),
 ( 2, 2 ),
 ( 0.000000000000000000, 1.000000000000000000 ),
 ( 0.000000000000000000, 1.000000000000000000 ),
 .UNSPECIFIED. ) ;
#1498 = CARTESIAN_POINT ( 'NONE',  ( -4.049999999995434585, 6.799999999868569844, -3.500000000000000000 ) ) ;
#1499 = ORIENTED_EDGE ( 'NONE', *, *, #228, .T. ) ;
#1500 = MECHANICAL_DESIGN_GEOMETRIC_PRESENTATION_REPRESENTATION (  '', ( #2769 ), #758 ) ;
#1501 = SURFACE_STYLE_FILL_AREA ( #881 ) ;
#1502 = SURFACE_STYLE_USAGE ( .BOTH. , #1599 ) ;
#1503 =( GEOMETRIC_REPRESENTATION_CONTEXT ( 3 ) GLOBAL_UNCERTAINTY_ASSIGNED_CONTEXT ( ( #2884 ) ) GLOBAL_UNIT_ASSIGNED_CONTEXT ( ( #1979, #337, #402 ) ) REPRESENTATION_CONTEXT ( 'NONE', 'WORKASPACE' ) );
#1504 = EDGE_CURVE ( 'NONE', #1523, #2089, #3256, .T. ) ;
#1505 = CARTESIAN_POINT ( 'NONE',  ( 1.449999999999999956, -0.4769987545385329653, -13.74453537345265985 ) ) ;
#1506 = FILL_AREA_STYLE_COLOUR ( '', #3765 ) ;
#1507 = ORIENTED_EDGE ( 'NONE', *, *, #2871, .F. ) ;
#1508 = CARTESIAN_POINT ( 'NONE',  ( 3.950000000333335315, 0.2334459454116664945, -12.00000000000000000 ) ) ;
#1509 = VERTEX_POINT ( 'NONE', #1805 ) ;
#1510 = EDGE_CURVE ( 'NONE', #4098, #3712, #2971, .T. ) ;
#1511 = CARTESIAN_POINT ( 'NONE',  ( 2.549999999999999822, 7.400000000000000355, -13.61000000003691923 ) ) ;
#1512 = SURFACE_STYLE_USAGE ( .BOTH. , #2325 ) ;
#1513 = ORIENTED_EDGE ( 'NONE', *, *, #116, .F. ) ;
#1514 = ADVANCED_FACE ( 'NONE', ( #3379 ), #2835, .T. ) ;
#1515 = B_SPLINE_CURVE_WITH_KNOTS ( 'NONE', 1,
 ( #2235, #3219 ),
 .UNSPECIFIED., .F., .F.,
 ( 2, 2 ),
 ( 0.000000000000000000, 1.000000000000000000 ),
 .UNSPECIFIED. ) ;
#1516 = B_SPLINE_CURVE_WITH_KNOTS ( 'NONE', 3,
 ( #191, #836, #1176, #216, #1834, #3365 ),
 .UNSPECIFIED., .F., .F.,
 ( 4, 2, 4 ),
 ( 0.000000000000000000, 0.7853981633974475018, 1.570796326794895004 ),
 .UNSPECIFIED. ) ;
#1517 = CARTESIAN_POINT ( 'NONE',  ( -1.464729109999999945, -2.481903026999999984, -14.15189193999999873 ) ) ;
#1518 = CARTESIAN_POINT ( 'NONE',  ( 1.375000002252800391, 6.219432429226667836, -10.00000000000000000 ) ) ;
#1519 = ORIENTED_EDGE ( 'NONE', *, *, #2854, .T. ) ;
#1520 = FACE_OUTER_BOUND ( 'NONE', #1274, .T. ) ;
#1521 = FILL_AREA_STYLE ('',( #3476 ) ) ;
#1522 =( LENGTH_UNIT ( ) NAMED_UNIT ( * ) SI_UNIT ( .MILLI., .METRE. ) );
#1523 = VERTEX_POINT ( 'NONE', #3514 ) ;
#1524 = ORIENTED_EDGE ( 'NONE', *, *, #1209, .T. ) ;
#1525 = EDGE_CURVE ( 'NONE', #586, #2842, #404, .T. ) ;
#1526 = CARTESIAN_POINT ( 'NONE',  ( 4.187867966000001552, 0.2500000000000003331, 0.000000000000000000 ) ) ;
#1527 = VERTEX_POINT ( 'NONE', #3169 ) ;
#1528 = FILL_AREA_STYLE_COLOUR ( '', #2425 ) ;
#1529 = ORIENTED_EDGE ( 'NONE', *, *, #1619, .T. ) ;
#1530 = ADVANCED_FACE ( 'NONE', ( #2479 ), #2113, .F. ) ;
#1531 = CARTESIAN_POINT ( 'NONE',  ( 1.649999998700000026, 0.2334459459999999875, -14.50000000000000000 ) ) ;
#1532 =( BOUNDED_SURFACE ( )  B_SPLINE_SURFACE ( 1, 3, ( 
 ( #3017, #131, #2669, #3931 ),
 ( #92, #2709, #2012, #3914 ) ),
 .UNSPECIFIED., .F., .F., .T. ) 
 B_SPLINE_SURFACE_WITH_KNOTS ( ( 2, 2 ),
 ( 4, 4 ),
 ( 0.000000000000000000, 1.000000000000000000 ),
 ( 0.000000000000000000, 1.000000000000000000 ),
 .UNSPECIFIED. ) 
 GEOMETRIC_REPRESENTATION_ITEM ( )  RATIONAL_B_SPLINE_SURFACE ( (
 ( 1.000000000000000000, 0.9831467894181623590, 0.9831467894181623590, 1.000000000000000000),
 ( 1.000000000000000000, 0.9831467894181623590, 0.9831467894181623590, 1.000000000000000000) ) ) 
 REPRESENTATION_ITEM ( '' )  SURFACE ( )  );
#1533 = CARTESIAN_POINT ( 'NONE',  ( -1.250000000000000000, -0.1499999999999999944, -7.550000000000000711 ) ) ;
#1534 = PRESENTATION_STYLE_ASSIGNMENT (( #2234 ) ) ;
#1535 = CARTESIAN_POINT ( 'NONE',  ( 4.500000000000000000, -3.624000000000000110, -11.90000000000000036 ) ) ;
#1536 = CARTESIAN_POINT ( 'NONE',  ( -1.250000000000000000, -3.607496400000000047, -7.591206033000000630 ) ) ;
#1537 = CARTESIAN_POINT ( 'NONE',  ( 2.949999999999999734, 7.400000000000000355, -12.05999999999999872 ) ) ;
#1538 = CARTESIAN_POINT ( 'NONE',  ( -1.250000000000000000, -2.219897943239924842, -7.170956061292850237 ) ) ;
#1539 = ORIENTED_EDGE ( 'NONE', *, *, #2345, .T. ) ;
#1540 = CARTESIAN_POINT ( 'NONE',  ( 1.875000001296804886, 7.400000000167120007, -13.70000000025334153 ) ) ;
#1541 = VERTEX_POINT ( 'NONE', #297 ) ;
#1542 = FILL_AREA_STYLE ('',( #1506 ) ) ;
#1543 = ORIENTED_EDGE ( 'NONE', *, *, #1577, .T. ) ;
#1544 = CARTESIAN_POINT ( 'NONE',  ( -4.273654403000000990, 10.69644660900000588, 0.000000000000000000 ) ) ;
#1545 = ORIENTED_EDGE ( 'NONE', *, *, #2178, .F. ) ;
#1546 = UNCERTAINTY_MEASURE_WITH_UNIT (LENGTH_MEASURE( 1.000000000000000082E-05 ), #2464, 'distance_accuracy_value', 'NONE');
#1547 = CARTESIAN_POINT ( 'NONE',  ( -0.6138981110000000241, 6.400000000000000355, -2.000000000000000000 ) ) ;
#1548 = CARTESIAN_POINT ( 'NONE',  ( -1.375000000750931983, 6.399999999917690197, -10.00000000000000000 ) ) ;
#1549 = CARTESIAN_POINT ( 'NONE',  ( -4.049999999995434585, 6.800000001390909432, -12.00000000000000000 ) ) ;
#1550 = VERTEX_POINT ( 'NONE', #3213 ) ;
#1551 = B_SPLINE_CURVE_WITH_KNOTS ( 'NONE', 1,
 ( #4104, #589 ),
 .UNSPECIFIED., .F., .F.,
 ( 2, 2 ),
 ( 0.000000000000000000, 1.000000000000000000 ),
 .UNSPECIFIED. ) ;
#1552 = CARTESIAN_POINT ( 'NONE',  ( 4.500000000000000000, 0.3999999999820414986, -9.500000002624998885 ) ) ;
#1553 = CARTESIAN_POINT ( 'NONE',  ( -1.447360780311150119, -2.481903027443725041, -14.15189193987129990 ) ) ;
#1554 = EDGE_CURVE ( 'NONE', #2332, #1416, #526, .T. ) ;
#1555 =( BOUNDED_CURVE ( )  B_SPLINE_CURVE ( 3, ( #3602, #3274, #1692, #2361 ),
 .UNSPECIFIED., .F., .F. ) 
 B_SPLINE_CURVE_WITH_KNOTS ( ( 4, 4 ),
 ( -0.5025048030191370252, 0.000000000000000000 ),
 .UNSPECIFIED. ) 
 CURVE ( )  GEOMETRIC_REPRESENTATION_ITEM ( )  RATIONAL_B_SPLINE_CURVE ( ( 1.000000000000000000, 0.9790678752185935085, 0.9790678752185935085, 1.000000000000000000 ) ) 
 REPRESENTATION_ITEM ( '' )  );
#1556 = SURFACE_STYLE_FILL_AREA ( #2211 ) ;
#1557 = CARTESIAN_POINT ( 'NONE',  ( 1.449999999999999956, -2.559230353486756648, -14.54762578711085652 ) ) ;
#1558 = STYLED_ITEM ( 'NONE', ( #2740 ), #679 ) ;
#1559 = CARTESIAN_POINT ( 'NONE',  ( 0.8445912660650658488, 5.300047620812798677, -10.00000000000000000 ) ) ;
#1560 = ORIENTED_EDGE ( 'NONE', *, *, #2441, .F. ) ;
#1561 = CARTESIAN_POINT ( 'NONE',  ( -1.250000000000000000, -1.338258335481757211, -7.363767024101693259 ) ) ;
#1562 = PRESENTATION_STYLE_ASSIGNMENT (( #3804 ) ) ;
#1563 = ORIENTED_EDGE ( 'NONE', *, *, #2304, .T. ) ;
#1564 = SURFACE_STYLE_FILL_AREA ( #2061 ) ;
#1565 = EDGE_CURVE ( 'NONE', #1881, #3790, #2146, .T. ) ;
#1566 = ORIENTED_EDGE ( 'NONE', *, *, #1099, .F. ) ;
#1567 = CARTESIAN_POINT ( 'NONE',  ( 4.250000000000000000, 0.2500000000000000000, 0.000000000000000000 ) ) ;
#1568 = VERTEX_POINT ( 'NONE', #663 ) ;
#1569 = VERTEX_POINT ( 'NONE', #1939 ) ;
#1570 = FILL_AREA_STYLE_COLOUR ( '', #2694 ) ;
#1571 = CARTESIAN_POINT ( 'NONE',  ( 1.250000000000000000, -1.979086840863834906, -7.109145532928790701 ) ) ;
#1572 = ADVANCED_FACE ( 'NONE', ( #2203 ), #1242, .F. ) ;
#1573 = CARTESIAN_POINT ( 'NONE',  ( -0.5213896055243296690, 5.507176052691662882, -9.199999999999999289 ) ) ;
#1574 = CARTESIAN_POINT ( 'NONE',  ( 4.500000000000000000, 4.000000000000000000, -11.90000000000000036 ) ) ;
#1575 = CARTESIAN_POINT ( 'NONE',  ( 2.550000000000000266, 7.400000000000000355, -12.05999999999999872 ) ) ;
#1576 = CARTESIAN_POINT ( 'NONE',  ( 2.459999999811501858, 5.400000000000000355, -14.09999999999999964 ) ) ;
#1577 = EDGE_CURVE ( 'NONE', #3606, #2444, #2713, .T. ) ;
#1578 = CARTESIAN_POINT ( 'NONE',  ( -0.06939115096440094665, 10.41109855104790149, -13.70000000000000462 ) ) ;
#1579 = CARTESIAN_POINT ( 'NONE',  ( 4.100000000000000533, 10.80000000000000071, -0.2500000000000000000 ) ) ;
#1580 = PRESENTATION_STYLE_ASSIGNMENT (( #2145 ) ) ;
#1581 = VERTEX_POINT ( 'NONE', #3556 ) ;
#1582 = UNCERTAINTY_MEASURE_WITH_UNIT (LENGTH_MEASURE( 1.000000000000000082E-05 ), #2473, 'distance_accuracy_value', 'NONE');
#1583 = CARTESIAN_POINT ( 'NONE',  ( -1.250000000000000222, -0.2735726442846513895, -7.849999999952173013 ) ) ;
#1584 = EDGE_CURVE ( 'NONE', #3911, #4019, #554, .T. ) ;
#1585 = CARTESIAN_POINT ( 'NONE',  ( 1.449999999999999734, -2.369087993053093921, -14.61554905018425465 ) ) ;
#1586 = CARTESIAN_POINT ( 'NONE',  ( -3.200000000768939756, 8.274516599398276995, -10.00000000000000000 ) ) ;
#1587 = ORIENTED_EDGE ( 'NONE', *, *, #3128, .F. ) ;
#1588 = CARTESIAN_POINT ( 'NONE',  ( 1.449999999999999956, -0.1569835841386457431, -14.09999999999999964 ) ) ;
#1589 = ORIENTED_EDGE ( 'NONE', *, *, #882, .T. ) ;
#1590 = CARTESIAN_POINT ( 'NONE',  ( -4.250000000000000000, 10.40000000000000036, 0.000000000000000000 ) ) ;
#1591 = B_SPLINE_SURFACE_WITH_KNOTS ( 'NONE', 1, 1, ( 
 ( #1747, #1487 ),
 ( #1187, #2785 ) ),
 .UNSPECIFIED., .F., .F., .F.,
 ( 2, 2 ),
 ( 2, 2 ),
 ( 0.000000000000000000, 1.000000000000000000 ),
 ( 0.000000000000000000, 1.000000000000000000 ),
 .UNSPECIFIED. ) ;
#1592 = VERTEX_POINT ( 'NONE', #1346 ) ;
#1593 = CARTESIAN_POINT ( 'NONE',  ( 4.899999999999999467, -2.400000001292969642, -9.500000000000000000 ) ) ;
#1594 = ORIENTED_EDGE ( 'NONE', *, *, #1145, .T. ) ;
#1595 = SURFACE_SIDE_STYLE ('',( #1298 ) ) ;
#1596 = CARTESIAN_POINT ( 'NONE',  ( 1.250000000000000000, -0.1499999996548333769, -7.549999999879180024 ) ) ;
#1597 = VERTEX_POINT ( 'NONE', #2337 ) ;
#1598 = B_SPLINE_CURVE_WITH_KNOTS ( 'NONE', 1,
 ( #682, #1710 ),
 .UNSPECIFIED., .F., .F.,
 ( 2, 2 ),
 ( 0.000000000000000000, 1.000000000000000000 ),
 .UNSPECIFIED. ) ;
#1599 = SURFACE_SIDE_STYLE ('',( #300 ) ) ;
#1600 = FACE_OUTER_BOUND ( 'NONE', #20, .T. ) ;
#1601 = CARTESIAN_POINT ( 'NONE',  ( 2.949999999948451190, 5.399999999999999467, -13.89703535457186057 ) ) ;
#1602 = PRESENTATION_STYLE_ASSIGNMENT (( #70 ) ) ;
#1603 = CARTESIAN_POINT ( 'NONE',  ( 1.449999999999999956, -0.2657212531475220962, -13.70000000000000107 ) ) ;
#1604 = EDGE_LOOP ( 'NONE', ( #539, #3576, #3642, #2064 ) ) ;
#1605 = SURFACE_SIDE_STYLE ('',( #2958 ) ) ;
#1606 = SURFACE_SIDE_STYLE ('',( #2152 ) ) ;
#1607 = ORIENTED_EDGE ( 'NONE', *, *, #3057, .F. ) ;
#1608 = CARTESIAN_POINT ( 'NONE',  ( -1.249999998933331913, 0.000000000000000000, -7.850000001416669981 ) ) ;
#1609 = EDGE_CURVE ( 'NONE', #1079, #844, #192, .T. ) ;
#1610 = FACE_BOUND ( 'NONE', #748, .T. ) ;
#1611 = ORIENTED_EDGE ( 'NONE', *, *, #1251, .T. ) ;
#1612 = ORIENTED_EDGE ( 'NONE', *, *, #1189, .F. ) ;
#1613 = B_SPLINE_CURVE_WITH_KNOTS ( 'NONE', 1,
 ( #1142, #2417 ),
 .UNSPECIFIED., .F., .F.,
 ( 2, 2 ),
 ( 0.000000000000000000, 1.000000000000000000 ),
 .UNSPECIFIED. ) ;
#1614 = CARTESIAN_POINT ( 'NONE',  ( 1.050000000000000044, 6.400000000000000355, -14.40000000000000036 ) ) ;
#1615 = ORIENTED_EDGE ( 'NONE', *, *, #1145, .F. ) ;
#1616 = SURFACE_SIDE_STYLE ('',( #4113 ) ) ;
#1617 = CARTESIAN_POINT ( 'NONE',  ( 4.334314575006828818, 10.80000000004806182, -0.2500000000000000000 ) ) ;
#1618 = SURFACE_STYLE_USAGE ( .BOTH. , #2528 ) ;
#1619 = EDGE_CURVE ( 'NONE', #654, #1449, #3398, .T. ) ;
#1620 = CARTESIAN_POINT ( 'NONE',  ( 3.849802813000000157, 0.2334459459999999875, -13.70000000000000107 ) ) ;
#1621 = CARTESIAN_POINT ( 'NONE',  ( 3.950000000000000178, 5.299999999271410189, -13.70000000000000107 ) ) ;
#1622 = CARTESIAN_POINT ( 'NONE',  ( 4.457857272000000926, 0.1921718386069998785, -12.00000000000000000 ) ) ;
#1623 = B_SPLINE_CURVE_WITH_KNOTS ( 'NONE', 1,
 ( #1853, #3133 ),
 .UNSPECIFIED., .F., .F.,
 ( 2, 2 ),
 ( 0.000000000000000000, 1.000000000000000000 ),
 .UNSPECIFIED. ) ;
#1624 = ORIENTED_EDGE ( 'NONE', *, *, #2681, .F. ) ;
#1625 = B_SPLINE_SURFACE_WITH_KNOTS ( 'NONE', 1, 1, ( 
 ( #1715, #3973 ),
 ( #2688, #2977 ) ),
 .UNSPECIFIED., .F., .F., .F.,
 ( 2, 2 ),
 ( 2, 2 ),
 ( 0.000000000000000000, 1.000000000000000000 ),
 ( 0.000000000000000000, 1.000000000000000000 ),
 .UNSPECIFIED. ) ;
#1626 = CARTESIAN_POINT ( 'NONE',  ( -4.500000000000000000, 0.4000000002419725198, -12.00000000000000000 ) ) ;
#1627 = STYLED_ITEM ( 'NONE', ( #2514 ), #1020 ) ;
#1628 = CARTESIAN_POINT ( 'NONE',  ( -4.100000000038470205, 1.761828530288945198E-16, -0.2500000000240429898 ) ) ;
#1629 =( NAMED_UNIT ( * ) SI_UNIT ( $, .STERADIAN. ) SOLID_ANGLE_UNIT ( ) );
#1630 = ORIENTED_EDGE ( 'NONE', *, *, #1171, .F. ) ;
#1631 = CARTESIAN_POINT ( 'NONE',  ( -1.449999999708752041, 4.846576363024159839, -14.09999999989426200 ) ) ;
#1632 = VERTEX_POINT ( 'NONE', #746 ) ;
#1633 = B_SPLINE_CURVE_WITH_KNOTS ( 'NONE', 1,
 ( #3457, #1317 ),
 .UNSPECIFIED., .F., .F.,
 ( 2, 2 ),
 ( 0.000000000000000000, 1.000000000000000000 ),
 .UNSPECIFIED. ) ;
#1634 = VERTEX_POINT ( 'NONE', #3583 ) ;
#1635 = UNCERTAINTY_MEASURE_WITH_UNIT (LENGTH_MEASURE( 1.000000000000000082E-05 ), #2667, 'distance_accuracy_value', 'NONE');
#1636 = EDGE_CURVE ( 'NONE', #2605, #3423, #1205, .T. ) ;
#1637 = CARTESIAN_POINT ( 'NONE',  ( -4.100000000000000533, 10.80000000000000071, -0.2499999999487235169 ) ) ;
#1638 = STYLED_ITEM ( 'NONE', ( #1301 ), #2659 ) ;
#1639 =( NAMED_UNIT ( * ) SI_UNIT ( $, .STERADIAN. ) SOLID_ANGLE_UNIT ( ) );
#1640 = CARTESIAN_POINT ( 'NONE',  ( -1.000000000000000000, 6.399999999820414232, -3.000000000000000000 ) ) ;
#1641 = CARTESIAN_POINT ( 'NONE',  ( -1.449999999708752041, 4.846576363024159839, -14.09999999989426200 ) ) ;
#1642 = COLOUR_RGB ( '',0.7490196078431372584, 0.7490196078431372584, 0.7490196078431372584 ) ;
#1643 = CARTESIAN_POINT ( 'NONE',  ( -0.7408264380000001426, 6.400000000000002132, -2.000000000000002220 ) ) ;
#1644 = MECHANICAL_DESIGN_GEOMETRIC_PRESENTATION_REPRESENTATION (  '', ( #3762 ), #1757 ) ;
#1645 = CARTESIAN_POINT ( 'NONE',  ( -4.250000000014964918, 0.4000000007000000246, 0.000000000000000000 ) ) ;
#1646 = PRESENTATION_STYLE_ASSIGNMENT (( #1947 ) ) ;
#1647 = CARTESIAN_POINT ( 'NONE',  ( -3.950000000000000178, 0.2334459459999999875, -14.50000000000000000 ) ) ;
#1648 = CARTESIAN_POINT ( 'NONE',  ( 1.875000001296804886, 7.400000000167120007, -13.70000000025334153 ) ) ;
#1649 = EDGE_CURVE ( 'NONE', #4107, #2068, #551, .T. ) ;
#1650 = VERTEX_POINT ( 'NONE', #2613 ) ;
#1651 = CARTESIAN_POINT ( 'NONE',  ( 1.449120259866666816, -2.454429214381959046, -14.16155028737051325 ) ) ;
#1652 = CARTESIAN_POINT ( 'NONE',  ( 1.449999999999999956, -0.1569835842104797541, -13.70000000000000107 ) ) ;
#1653 = EDGE_LOOP ( 'NONE', ( #3612, #3055, #2440, #2404 ) ) ;
#1654 = FACE_OUTER_BOUND ( 'NONE', #2472, .T. ) ;
#1655 = CARTESIAN_POINT ( 'NONE',  ( 4.899999999999999467, 4.000000000000000000, -9.500000000000000000 ) ) ;
#1656 = EDGE_LOOP ( 'NONE', ( #3008, #677, #1219, #2766 ) ) ;
#1657 = ADVANCED_FACE ( 'NONE', ( #1053 ), #972, .F. ) ;
#1658 = CARTESIAN_POINT ( 'NONE',  ( 4.500000000000000000, 10.40000000000000036, -0.2500000000000000000 ) ) ;
#1659 = CARTESIAN_POINT ( 'NONE',  ( -1.250000000000000000, -0.1500000002051034009, -7.549999999999999822 ) ) ;
#1660 = EDGE_CURVE ( 'NONE', #1881, #1744, #1555, .T. ) ;
#1661 = EDGE_CURVE ( 'NONE', #1299, #1250, #3745, .T. ) ;
#1662 = CARTESIAN_POINT ( 'NONE',  ( -0.8601000496910771176, 4.679799900860102113, -2.206587955999999906 ) ) ;
#1663 = CARTESIAN_POINT ( 'NONE',  ( 1.875000000583765036, 7.399999999343100043, -14.09999999999999964 ) ) ;
#1664 = B_SPLINE_CURVE_WITH_KNOTS ( 'NONE', 1,
 ( #2085, #4048 ),
 .UNSPECIFIED., .F., .F.,
 ( 2, 2 ),
 ( -1.000000000000000000, 0.000000000000000000 ),
 .UNSPECIFIED. ) ;
#1665 = PRESENTATION_STYLE_ASSIGNMENT (( #2998 ) ) ;
#1666 = CARTESIAN_POINT ( 'NONE',  ( 4.899999999999999467, -2.400000001385214521, -11.90000000000000036 ) ) ;
#1667 = CARTESIAN_POINT ( 'NONE',  ( 1.350000000000001421, 3.700000000000000178, -14.10000000000001563 ) ) ;
#1668 =( BOUNDED_SURFACE ( )  B_SPLINE_SURFACE ( 1, 3, ( 
 ( #1450, #1149, #168, #2426 ),
 ( #1511, #829, #2097, #3378 ) ),
 .UNSPECIFIED., .F., .F., .F. ) 
 B_SPLINE_SURFACE_WITH_KNOTS ( ( 2, 2 ),
 ( 4, 4 ),
 ( 0.000000000000000000, 1.000000000000000000 ),
 ( 0.000000000000000000, 1.000000000000000000 ),
 .UNSPECIFIED. ) 
 GEOMETRIC_REPRESENTATION_ITEM ( )  RATIONAL_B_SPLINE_SURFACE ( (
 ( 1.000000000000000000, 0.8047378543117239547, 0.8047378543117239547, 1.000000000000000000),
 ( 1.000000000000000000, 0.8047378543117239547, 0.8047378543117239547, 1.000000000000000000) ) ) 
 REPRESENTATION_ITEM ( '' )  SURFACE ( )  );
#1669 = CARTESIAN_POINT ( 'NONE',  ( 1.250000000000000000, -1.979975502756305072, -6.805336374020139800 ) ) ;
#1670 = ORIENTED_EDGE ( 'NONE', *, *, #2724, .F. ) ;
#1671 = CARTESIAN_POINT ( 'NONE',  ( 1.225735931000000445, 6.400000000000006573, -14.40000000000000568 ) ) ;
#1672 = UNCERTAINTY_MEASURE_WITH_UNIT (LENGTH_MEASURE( 1.000000000000000082E-05 ), #548, 'distance_accuracy_value', 'NONE');
#1673 = CARTESIAN_POINT ( 'NONE',  ( -1.000000000000000000, 6.399999999910209958, -3.000000000000000000 ) ) ;
#1674 = FILL_AREA_STYLE ('',( #2321 ) ) ;
#1675 = CARTESIAN_POINT ( 'NONE',  ( 1.621584369384733826, 5.006737009148758411, -14.09999999999999964 ) ) ;
#1676 = ORIENTED_EDGE ( 'NONE', *, *, #1152, .F. ) ;
#1677 = CARTESIAN_POINT ( 'NONE',  ( 1.875000000000000000, 7.400000000000000355, -12.05999999999999872 ) ) ;
#1678 = ADVANCED_FACE ( 'NONE', ( #46 ), #225, .F. ) ;
#1679 = SURFACE_STYLE_FILL_AREA ( #2618 ) ;
#1680 = MECHANICAL_DESIGN_GEOMETRIC_PRESENTATION_REPRESENTATION (  '', ( #2346 ), #740 ) ;
#1681 = CARTESIAN_POINT ( 'NONE',  ( 4.334314574999996950, 10.79999999999999893, -0.1035533909999999391 ) ) ;
#1682 = CARTESIAN_POINT ( 'NONE',  ( 1.250000000000000000, -0.1499999996548333769, -7.549999999879180024 ) ) ;
#1683 = CARTESIAN_POINT ( 'NONE',  ( 2.449999999999999734, 5.299999999271410189, -13.70000000000000107 ) ) ;
#1684 = VERTEX_POINT ( 'NONE', #3414 ) ;
#1685 = CARTESIAN_POINT ( 'NONE',  ( 1.250000000000000000, -0.3677808534578610455, -7.500079437333839749 ) ) ;
#1686 = CARTESIAN_POINT ( 'NONE',  ( 4.500000000000000000, 4.000000000000000000, -9.500000001749999257 ) ) ;
#1687 =( BOUNDED_SURFACE ( )  B_SPLINE_SURFACE ( 1, 3, ( 
 ( #2530, #974, #33, #924 ),
 ( #3799, #1872, #944, #2554 ) ),
 .UNSPECIFIED., .F., .F., .F. ) 
 B_SPLINE_SURFACE_WITH_KNOTS ( ( 2, 2 ),
 ( 4, 4 ),
 ( 1.443289932012704045E-16, 1.000000000000000000 ),
 ( 0.000000000000000000, 1.000000000000000000 ),
 .UNSPECIFIED. ) 
 GEOMETRIC_REPRESENTATION_ITEM ( )  RATIONAL_B_SPLINE_SURFACE ( (
 ( 1.000000000000000000, 0.8047378540760217192, 0.8047378540760217192, 1.000000000000000000),
 ( 1.000000000000000000, 0.8047378540760217192, 0.8047378540760217192, 1.000000000000000000) ) ) 
 REPRESENTATION_ITEM ( '' )  SURFACE ( )  );
#1688 = B_SPLINE_SURFACE_WITH_KNOTS ( 'NONE', 1, 1, ( 
 ( #1536, #3778 ),
 ( #1897, #3448 ) ),
 .UNSPECIFIED., .F., .F., .F.,
 ( 2, 2 ),
 ( 2, 2 ),
 ( 0.000000000000000000, 1.000000000000000000 ),
 ( 0.000000000000000000, 1.000000000000000000 ),
 .UNSPECIFIED. ) ;
#1689 = CARTESIAN_POINT ( 'NONE',  ( 1.449999999999999956, -1.858694062455174878, -14.55250166619295982 ) ) ;
#1690 = CARTESIAN_POINT ( 'NONE',  ( -3.431396495632577537, 13.63485605420277658, -3.500000000000000444 ) ) ;
#1691 = EDGE_CURVE ( 'NONE', #3617, #608, #2082, .T. ) ;
#1692 = CARTESIAN_POINT ( 'NONE',  ( 1.250000000000000000, -2.145717554016997042, -7.130189538166860963 ) ) ;
#1693 = ORIENTED_EDGE ( 'NONE', *, *, #3292, .T. ) ;
#1694 = CARTESIAN_POINT ( 'NONE',  ( 1.049999999826399799, 6.400000000000000355, -14.40000000000000036 ) ) ;
#1695 = CARTESIAN_POINT ( 'NONE',  ( 0.8380591770000009877, 4.723881646000001489, -2.081587956000001682 ) ) ;
#1696 = B_SPLINE_CURVE_WITH_KNOTS ( 'NONE', 1,
 ( #441, #2416 ),
 .UNSPECIFIED., .F., .F.,
 ( 2, 2 ),
 ( 0.000000000000000000, 1.000000000000000000 ),
 .UNSPECIFIED. ) ;
#1697 = CARTESIAN_POINT ( 'NONE',  ( 1.000000000000000000, 6.399999999589800481, -3.000000000000000000 ) ) ;
#1698 = EDGE_CURVE ( 'NONE', #3051, #386, #1115, .T. ) ;
#1699 = ORIENTED_EDGE ( 'NONE', *, *, #4011, .F. ) ;
#1700 = EDGE_CURVE ( 'NONE', #3031, #3706, #905, .T. ) ;
#1701 =( GEOMETRIC_REPRESENTATION_CONTEXT ( 3 ) GLOBAL_UNCERTAINTY_ASSIGNED_CONTEXT ( ( #2589 ) ) GLOBAL_UNIT_ASSIGNED_CONTEXT ( ( #3553, #2987, #3580 ) ) REPRESENTATION_CONTEXT ( 'NONE', 'WORKASPACE' ) );
#1702 = CARTESIAN_POINT ( 'NONE',  ( 1.375000000750931983, 6.399999999623981140, -10.00000000000000000 ) ) ;
#1703 = CARTESIAN_POINT ( 'NONE',  ( 3.199999999470934942, 6.399999999808439810, -10.00000000000000000 ) ) ;
#1704 = EDGE_CURVE ( 'NONE', #1803, #3031, #3342, .T. ) ;
#1705 = B_SPLINE_CURVE_WITH_KNOTS ( 'NONE', 1,
 ( #2692, #2729 ),
 .UNSPECIFIED., .F., .F.,
 ( 2, 2 ),
 ( 0.000000000000000000, 1.000000000000000000 ),
 .UNSPECIFIED. ) ;
#1706 = CARTESIAN_POINT ( 'NONE',  ( 1.447360780082724174, -2.614563275719659963, -14.52925285267032152 ) ) ;
#1707 =( GEOMETRIC_REPRESENTATION_CONTEXT ( 3 ) GLOBAL_UNCERTAINTY_ASSIGNED_CONTEXT ( ( #3920 ) ) GLOBAL_UNIT_ASSIGNED_CONTEXT ( ( #815, #3307, #778 ) ) REPRESENTATION_CONTEXT ( 'NONE', 'WORKASPACE' ) );
#1708 = VERTEX_POINT ( 'NONE', #3006 ) ;
#1709 = ADVANCED_FACE ( 'NONE', ( #3653 ), #1497, .F. ) ;
#1710 = CARTESIAN_POINT ( 'NONE',  ( -1.449999999777961790, -0.1569835848586045024, -14.09999999989426200 ) ) ;
#1711 = CARTESIAN_POINT ( 'NONE',  ( 1.000000000003332001, 6.399999999726531108, -9.199999999999999289 ) ) ;
#1712 = ORIENTED_EDGE ( 'NONE', *, *, #2205, .T. ) ;
#1713 =( BOUNDED_CURVE ( )  B_SPLINE_CURVE ( 3, ( #3171, #4133, #1227, #938 ),
 .UNSPECIFIED., .F., .T. ) 
 B_SPLINE_CURVE_WITH_KNOTS ( ( 4, 4 ),
 ( -0.5115495430538089527, 0.000000000000000000 ),
 .UNSPECIFIED. ) 
 CURVE ( )  GEOMETRIC_REPRESENTATION_ITEM ( )  RATIONAL_B_SPLINE_CURVE ( ( 1.000000000000000000, 0.9783117152339841915, 0.9783117152339841915, 1.000000000000000000 ) ) 
 REPRESENTATION_ITEM ( '' )  );
#1714 = EDGE_LOOP ( 'NONE', ( #3156, #2436, #3808, #310 ) ) ;
#1715 = CARTESIAN_POINT ( 'NONE',  ( -1.250000000000000000, -1.644796056000000117, -6.882167491999999775 ) ) ;
#1716 = CARTESIAN_POINT ( 'NONE',  ( 4.396446608999998951, 10.40000000000000568, 0.000000000000000000 ) ) ;
#1717 = CARTESIAN_POINT ( 'NONE',  ( -1.250000000000000000, -0.3677808534578610455, -7.500079437333839749 ) ) ;
#1718 = CARTESIAN_POINT ( 'NONE',  ( 1.250000000000000000, -0.3677808534578610455, -7.500079437333839749 ) ) ;
#1719 = EDGE_CURVE ( 'NONE', #1441, #2702, #93, .T. ) ;
#1720 = ORIENTED_EDGE ( 'NONE', *, *, #1554, .T. ) ;
#1721 = CARTESIAN_POINT ( 'NONE',  ( -1.201234138059999124, 5.706987594427332944, -9.199999999999997513 ) ) ;
#1722 = CARTESIAN_POINT ( 'NONE',  ( 2.455000000236164936, 7.400000000395420052, -13.70000000020266029 ) ) ;
#1723 = CARTESIAN_POINT ( 'NONE',  ( 4.500000000000000000, -2.400000000564084690, -11.90000000000000036 ) ) ;
#1724 = EDGE_CURVE ( 'NONE', #2068, #3062, #243, .T. ) ;
#1725 = CARTESIAN_POINT ( 'NONE',  ( 1.099952387822933142, 5.555408725299199268, -9.999999999999998224 ) ) ;
#1726 = CARTESIAN_POINT ( 'NONE',  ( 1.250000000000000000, -2.350600058060285047, -6.900466952425300171 ) ) ;
#1727 = ORIENTED_EDGE ( 'NONE', *, *, #3380, .F. ) ;
#1728 = CARTESIAN_POINT ( 'NONE',  ( -4.004645795999998370, 7.301111653333332896, -3.499999999999999112 ) ) ;
#1729 = FACE_OUTER_BOUND ( 'NONE', #3250, .T. ) ;
#1730 = CARTESIAN_POINT ( 'NONE',  ( 4.099999999961529973, -2.574980159653075003E-16, -0.2500000000240429898 ) ) ;
#1731 = ORIENTED_EDGE ( 'NONE', *, *, #1179, .F. ) ;
#1732 = FACE_OUTER_BOUND ( 'NONE', #2563, .T. ) ;
#1733 = CARTESIAN_POINT ( 'NONE',  ( 4.500000000000000000, 4.000000000000000000, -11.90000000000000036 ) ) ;
#1734 = EDGE_CURVE ( 'NONE', #2639, #1151, #808, .T. ) ;
#1735 = FACE_OUTER_BOUND ( 'NONE', #4041, .T. ) ;
#1736 = FACE_OUTER_BOUND ( 'NONE', #3584, .T. ) ;
#1737 = ORIENTED_EDGE ( 'NONE', *, *, #622, .T. ) ;
#1738 =( BOUNDED_SURFACE ( )  B_SPLINE_SURFACE ( 1, 3, ( 
 ( #372, #714, #1662, #2935 ),
 ( #3518, #2872, #3868, #3264 ) ),
 .UNSPECIFIED., .F., .F., .T. ) 
 B_SPLINE_SURFACE_WITH_KNOTS ( ( 2, 2 ),
 ( 4, 4 ),
 ( 0.000000000000000000, 1.000000000000000000 ),
 ( 0.000000000000000000, 1.000000000000000000 ),
 .UNSPECIFIED. ) 
 GEOMETRIC_REPRESENTATION_ITEM ( )  RATIONAL_B_SPLINE_SURFACE ( (
 ( 1.000000000000000000, 0.3333333335299311084, 0.3333333335299311084, 1.000000000000000000),
 ( 1.000000000000000000, 0.3333333335299311084, 0.3333333335299311084, 1.000000000000000000) ) ) 
 REPRESENTATION_ITEM ( '' )  SURFACE ( )  );
#1739 = CARTESIAN_POINT ( 'NONE',  ( -1.250000000000000222, -1.903333792305063277, -7.109145533000001294 ) ) ;
#1740 = PRESENTATION_STYLE_ASSIGNMENT (( #3688 ) ) ;
#1741 = CARTESIAN_POINT ( 'NONE',  ( 4.396446608999997174, 0.2263455969999998707, 0.000000000000000000 ) ) ;
#1742 = CARTESIAN_POINT ( 'NONE',  ( 0.3283046799999972953, -3.599999999983598542, -7.587086316612013270 ) ) ;
#1743 = CARTESIAN_POINT ( 'NONE',  ( -1.000000000000000000, 6.400000000000000355, -3.000000000000000000 ) ) ;
#1744 = VERTEX_POINT ( 'NONE', #481 ) ;
#1745 = CARTESIAN_POINT ( 'NONE',  ( -4.099999999999997868, 0.000000000000000000, -0.1035533909999999669 ) ) ;
#1746 = PRESENTATION_LAYER_ASSIGNMENT (  '', '', ( #1627 ) ) ;
#1747 = CARTESIAN_POINT ( 'NONE',  ( -1.391499999999999959, 5.008499999999999730, -9.199999999999999289 ) ) ;
#1748 = ORIENTED_EDGE ( 'NONE', *, *, #569, .F. ) ;
#1749 = PRESENTATION_LAYER_ASSIGNMENT (  '', '', ( #270 ) ) ;
#1750 =( GEOMETRIC_REPRESENTATION_CONTEXT ( 3 ) GLOBAL_UNCERTAINTY_ASSIGNED_CONTEXT ( ( #3879 ) ) GLOBAL_UNIT_ASSIGNED_CONTEXT ( ( #1522, #1759, #2058 ) ) REPRESENTATION_CONTEXT ( 'NONE', 'WORKASPACE' ) );
#1751 = CARTESIAN_POINT ( 'NONE',  ( 4.500000000000000888, 0.4000000000000000222, -0.2499999999487244051 ) ) ;
#1752 = COLOUR_RGB ( '',0.7490196078431372584, 0.7490196078431372584, 0.7490196078431372584 ) ;
#1753 = CARTESIAN_POINT ( 'NONE',  ( 4.899999999999999467, 3.699999999958980101, -9.500000000000000000 ) ) ;
#1754 = B_SPLINE_CURVE_WITH_KNOTS ( 'NONE', 1,
 ( #2891, #3196 ),
 .UNSPECIFIED., .F., .F.,
 ( 2, 2 ),
 ( 0.000000000000000000, 1.000000000000000000 ),
 .UNSPECIFIED. ) ;
#1755 = ORIENTED_EDGE ( 'NONE', *, *, #69, .T. ) ;
#1756 = CARTESIAN_POINT ( 'NONE',  ( -1.374999999317999988, 6.219432425515995178, -9.199999999999999289 ) ) ;
#1757 =( GEOMETRIC_REPRESENTATION_CONTEXT ( 3 ) GLOBAL_UNCERTAINTY_ASSIGNED_CONTEXT ( ( #3290 ) ) GLOBAL_UNIT_ASSIGNED_CONTEXT ( ( #239, #4143, #2130 ) ) REPRESENTATION_CONTEXT ( 'NONE', 'WORKASPACE' ) );
#1758 = CARTESIAN_POINT ( 'NONE',  ( -2.415863602846887837, 7.224050982403000809, -14.09999999999999787 ) ) ;
#1759 =( NAMED_UNIT ( * ) PLANE_ANGLE_UNIT ( ) SI_UNIT ( $, .RADIAN. ) );
#1760 = CARTESIAN_POINT ( 'NONE',  ( 0.8380591770000002105, 6.400000000000002132, -2.081587955999998130 ) ) ;
#1761 = CARTESIAN_POINT ( 'NONE',  ( 2.449999999999999734, 7.500000000000000000, -13.70000000000000107 ) ) ;
#1762 =( BOUNDED_SURFACE ( )  B_SPLINE_SURFACE ( 1, 3, ( 
 ( #121, #482, #768, #3068, #3025, #3373, #2989 ),
 ( #1743, #2400, #3007, #805, #2718, #2044, #1482 ) ),
 .UNSPECIFIED., .F., .F., .F. ) 
 B_SPLINE_SURFACE_WITH_KNOTS ( ( 2, 2 ),
 ( 4, 3, 4 ),
 ( 0.000000000000000000, 1.000000000000000000 ),
 ( 0.000000000000000000, 0.5000000000000000000, 1.000000000000000000 ),
 .UNSPECIFIED. ) 
 GEOMETRIC_REPRESENTATION_ITEM ( )  RATIONAL_B_SPLINE_SURFACE ( (
 ( 1.000000000000000000, 0.8047378540760217192, 0.8047378540760217192, 1.000000000000000000, 0.8047378540760217192, 0.8047378540760217192, 1.000000000000000000),
 ( 1.000000000000000000, 0.8047378540760217192, 0.8047378540760217192, 1.000000000000000000, 0.8047378540760217192, 0.8047378540760217192, 1.000000000000000000) ) ) 
 REPRESENTATION_ITEM ( '' )  SURFACE ( )  );
#1763 = ORIENTED_EDGE ( 'NONE', *, *, #1845, .T. ) ;
#1764 = CARTESIAN_POINT ( 'NONE',  ( 2.550000000091665164, 5.400000000000000355, -12.05999999999999872 ) ) ;
#1765 = ORIENTED_EDGE ( 'NONE', *, *, #2739, .F. ) ;
#1766 = SURFACE_STYLE_FILL_AREA ( #3736 ) ;
#1767 =( LENGTH_UNIT ( ) NAMED_UNIT ( * ) SI_UNIT ( .MILLI., .METRE. ) );
#1768 = ORIENTED_EDGE ( 'NONE', *, *, #1325, .T. ) ;
#1769 = FILL_AREA_STYLE ('',( #2368 ) ) ;
#1770 = CARTESIAN_POINT ( 'NONE',  ( 2.460000000112169793, 7.399999999501670978, -14.09999999999999964 ) ) ;
#1771 = EDGE_CURVE ( 'NONE', #2730, #1550, #1406, .T. ) ;
#1772 = CARTESIAN_POINT ( 'NONE',  ( 4.500000000000000000, -2.400000000564084690, -11.90000000000000036 ) ) ;
#1773 = FACE_OUTER_BOUND ( 'NONE', #3505, .T. ) ;
#1774 = EDGE_LOOP ( 'NONE', ( #136, #1225, #3649, #1748, #1880, #1483, #269, #2990 ) ) ;
#1775 = CARTESIAN_POINT ( 'NONE',  ( 1.209515693157651617, 8.647783076091878129, -13.70000000000000107 ) ) ;
#1776 = CARTESIAN_POINT ( 'NONE',  ( 1.375000000330403704, 7.205456351303948459, -9.199999999999999289 ) ) ;
#1777 = CARTESIAN_POINT ( 'NONE',  ( 1.250000000000000000, -2.401908811502160734, -6.928664155657903834 ) ) ;
#1778 = ADVANCED_FACE ( 'NONE', ( #460 ), #2515, .T. ) ;
#1779 = ORIENTED_EDGE ( 'NONE', *, *, #116, .T. ) ;
#1780 = B_SPLINE_SURFACE_WITH_KNOTS ( 'NONE', 1, 1, ( 
 ( #1335, #2601 ),
 ( #3449, #579 ) ),
 .UNSPECIFIED., .F., .F., .F.,
 ( 2, 2 ),
 ( 2, 2 ),
 ( 0.000000000000000000, 1.000000000000000000 ),
 ( 0.000000000000000000, 1.000000000000000000 ),
 .UNSPECIFIED. ) ;
#1781 = CARTESIAN_POINT ( 'NONE',  ( -4.500000000000000000, 0.4000000000000000222, -0.2500000000000000000 ) ) ;
#1782 = VERTEX_POINT ( 'NONE', #4017 ) ;
#1783 = UNCERTAINTY_MEASURE_WITH_UNIT (LENGTH_MEASURE( 1.000000000000000082E-05 ), #3493, 'distance_accuracy_value', 'NONE');
#1784 =( BOUNDED_CURVE ( )  B_SPLINE_CURVE ( 3, ( #725, #3206, #983, #954, #2220, #311, #1631 ),
 .UNSPECIFIED., .F., .T. ) 
 B_SPLINE_CURVE_WITH_KNOTS ( ( 4, 3, 4 ),
 ( -3.961412463773025028, -2.225684895013376519, -0.4899573262537280094 ),
 .UNSPECIFIED. ) 
 CURVE ( )  GEOMETRIC_REPRESENTATION_ITEM ( )  RATIONAL_B_SPLINE_CURVE ( ( 1.000000000000000000, 0.7643052306766616733, 0.7643052306766616733, 1.000000000000000000, 0.7643052306766615622, 0.7643052306766615622, 1.000000000000000000 ) ) 
 REPRESENTATION_ITEM ( '' )  );
#1785 = FACE_OUTER_BOUND ( 'NONE', #3557, .T. ) ;
#1786 = CARTESIAN_POINT ( 'NONE',  ( -1.249999998933331913, 0.000000000000000000, -7.850000001416669981 ) ) ;
#1787 = ORIENTED_EDGE ( 'NONE', *, *, #2767, .T. ) ;
#1788 = B_SPLINE_CURVE_WITH_KNOTS ( 'NONE', 1,
 ( #2161, #1552 ),
 .UNSPECIFIED., .F., .F.,
 ( 2, 2 ),
 ( -1.000000000000000000, 0.000000000000000000 ),
 .UNSPECIFIED. ) ;
#1789 = SURFACE_STYLE_FILL_AREA ( #1174 ) ;
#1790 =( LENGTH_UNIT ( ) NAMED_UNIT ( * ) SI_UNIT ( .MILLI., .METRE. ) );
#1791 = EDGE_CURVE ( 'NONE', #2024, #2929, #1369, .T. ) ;
#1792 = B_SPLINE_CURVE_WITH_KNOTS ( 'NONE', 3,
 ( #2789, #1557, #2513, #1210 ),
 .UNSPECIFIED., .F., .F.,
 ( 4, 4 ),
 ( -8.673781984965770603E-05, 0.000000000000000000 ),
 .UNSPECIFIED. ) ;
#1793 = CARTESIAN_POINT ( 'NONE',  ( -1.000000000000000000, 6.400000000000000355, -9.199999999999999289 ) ) ;
#1794 = CARTESIAN_POINT ( 'NONE',  ( -4.334314575170910899, 10.79999999995194493, -0.2500000000000000000 ) ) ;
#1795 = EDGE_LOOP ( 'NONE', ( #3272, #4075, #1315, #4086 ) ) ;
#1796 = B_SPLINE_CURVE_WITH_KNOTS ( 'NONE', 1,
 ( #3963, #1107 ),
 .UNSPECIFIED., .F., .F.,
 ( 2, 2 ),
 ( 0.000000000000000000, 1.000000000000000000 ),
 .UNSPECIFIED. ) ;
#1797 =( NAMED_UNIT ( * ) PLANE_ANGLE_UNIT ( ) SI_UNIT ( $, .RADIAN. ) );
#1798 = FACE_BOUND ( 'NONE', #90, .T. ) ;
#1799 = EDGE_CURVE ( 'NONE', #4022, #3706, #1890, .T. ) ;
#1800 = CARTESIAN_POINT ( 'NONE',  ( -3.950000000000000178, 6.433445945999999971, -12.00000000000000000 ) ) ;
#1801 = ORIENTED_EDGE ( 'NONE', *, *, #2445, .T. ) ;
#1802 = CARTESIAN_POINT ( 'NONE',  ( -4.249999999999999112, 0.3121320340000002247, 0.000000000000000000 ) ) ;
#1803 = VERTEX_POINT ( 'NONE', #1080 ) ;
#1804 = FILL_AREA_STYLE_COLOUR ( '', #537 ) ;
#1805 = CARTESIAN_POINT ( 'NONE',  ( 1.649999999999999911, 3.833445946000000326, -14.50000000000000000 ) ) ;
#1806 = ORIENTED_EDGE ( 'NONE', *, *, #576, .F. ) ;
#1807 = MECHANICAL_DESIGN_GEOMETRIC_PRESENTATION_REPRESENTATION (  '', ( #3417 ), #2421 ) ;
#1808 =( BOUNDED_CURVE ( )  B_SPLINE_CURVE ( 3, ( #667, #968, #3312, #766 ),
 .UNSPECIFIED., .F., .T. ) 
 B_SPLINE_CURVE_WITH_KNOTS ( ( 4, 4 ),
 ( -3.141592653589795336, 0.000000000000000000 ),
 .UNSPECIFIED. ) 
 CURVE ( )  GEOMETRIC_REPRESENTATION_ITEM ( )  RATIONAL_B_SPLINE_CURVE ( ( 1.000000000000000000, 0.3333333335299309419, 0.3333333335299309419, 1.000000000000000000 ) ) 
 REPRESENTATION_ITEM ( '' )  );
#1809 = CARTESIAN_POINT ( 'NONE',  ( 3.950000000000000178, 5.299999999271410189, -13.70000000000000107 ) ) ;
#1810 = CARTESIAN_POINT ( 'NONE',  ( 0.7273335161472908039, -3.632172111640096013, -13.74751783225669222 ) ) ;
#1811 = COLOUR_RGB ( '',0.7490196078431372584, 0.7490196078431372584, 0.7490196078431372584 ) ;
#1812 = ADVANCED_FACE ( 'NONE', ( #1732 ), #1625, .F. ) ;
#1813 = STYLED_ITEM ( 'NONE', ( #1116 ), #1869 ) ;
#1814 = CARTESIAN_POINT ( 'NONE',  ( 4.100000001282039896, -3.433306879537430050E-16, -12.00000000000000000 ) ) ;
#1815 = CARTESIAN_POINT ( 'NONE',  ( -1.099952379187201901, 5.555408733934933174, -10.00000000000000000 ) ) ;
#1816 = VERTEX_POINT ( 'NONE', #467 ) ;
#1817 = PRESENTATION_LAYER_ASSIGNMENT (  '', '', ( #418 ) ) ;
#1818 = CARTESIAN_POINT ( 'NONE',  ( -1.250000000000000000, -1.761305987863900135, -7.159066095794660356 ) ) ;
#1819 = CARTESIAN_POINT ( 'NONE',  ( 1.764544381274234297, 5.192895714852208577, -13.70000000000000284 ) ) ;
#1820 = FILL_AREA_STYLE ('',( #1125 ) ) ;
#1821 = ORIENTED_EDGE ( 'NONE', *, *, #3726, .F. ) ;
#1822 = EDGE_CURVE ( 'NONE', #2498, #3617, #2754, .T. ) ;
#1823 = ORIENTED_EDGE ( 'NONE', *, *, #3461, .T. ) ;
#1824 = B_SPLINE_CURVE_WITH_KNOTS ( 'NONE', 1,
 ( #1683, #1066 ),
 .UNSPECIFIED., .F., .F.,
 ( 2, 2 ),
 ( 0.000000000000000000, 1.000000000000000000 ),
 .UNSPECIFIED. ) ;
#1825 = ADVANCED_FACE ( 'NONE', ( #435 ), #206, .F. ) ;
#1826 = MECHANICAL_DESIGN_GEOMETRIC_PRESENTATION_REPRESENTATION (  '', ( #283 ), #764 ) ;
#1827 = VERTEX_POINT ( 'NONE', #3035 ) ;
#1828 = CARTESIAN_POINT ( 'NONE',  ( 1.250000000000000000, -2.350600058060285047, -6.900466952425300171 ) ) ;
#1829 =( GEOMETRIC_REPRESENTATION_CONTEXT ( 3 ) GLOBAL_UNCERTAINTY_ASSIGNED_CONTEXT ( ( #3500 ) ) GLOBAL_UNIT_ASSIGNED_CONTEXT ( ( #2735, #3615, #823 ) ) REPRESENTATION_CONTEXT ( 'NONE', 'WORKASPACE' ) );
#1830 = CARTESIAN_POINT ( 'NONE',  ( -1.000000000003332001, 6.399999999940139794, -9.199999999999999289 ) ) ;
#1831 = ORIENTED_EDGE ( 'NONE', *, *, #2957, .F. ) ;
#1832 = SURFACE_SIDE_STYLE ('',( #1789 ) ) ;
#1833 = CARTESIAN_POINT ( 'NONE',  ( -0.6930124077653349035, 7.601234137992535445, -10.00000000000000000 ) ) ;
#1834 = CARTESIAN_POINT ( 'NONE',  ( 2.950000000000000178, 5.400000000000000355, -13.73995607928000062 ) ) ;
#1835 =( BOUNDED_SURFACE ( )  B_SPLINE_SURFACE ( 3, 3, ( 
 ( #2823, #1863, #552, #3191 ),
 ( #4154, #1248, #317, #271 ),
 ( #3126, #935, #3421, #3110 ),
 ( #3484, #3167, #963, #2865 ) ),
 .UNSPECIFIED., .F., .F., .F. ) 
 B_SPLINE_SURFACE_WITH_KNOTS ( ( 4, 4 ),
 ( 4, 4 ),
 ( 0.000000000000000000, 1.000000000000000000 ),
 ( 0.000000000000000000, 1.000000000000000000 ),
 .UNSPECIFIED. ) 
 GEOMETRIC_REPRESENTATION_ITEM ( )  RATIONAL_B_SPLINE_SURFACE ( (
 ( 1.000000000000000000, 0.3333333333333329818, 0.3333333333333329818, 1.000000000000000000),
 ( 0.8047378541243649375, 0.2682459513747879609, 0.2682459513747879609, 0.8047378541243649375),
 ( 0.8047378541243649375, 0.2682459513747879609, 0.2682459513747879609, 0.8047378541243649375),
 ( 1.000000000000000000, 0.3333333333333329818, 0.3333333333333329818, 1.000000000000000000) ) ) 
 REPRESENTATION_ITEM ( '' )  SURFACE ( )  );
#1836 = CARTESIAN_POINT ( 'NONE',  ( -3.950000000000000178, 3.833445946000000326, -13.70000000000000107 ) ) ;
#1837 = CARTESIAN_POINT ( 'NONE',  ( -4.100000000020510349, 10.80000000000000071, -0.2499999999871810041 ) ) ;
#1838 = EDGE_LOOP ( 'NONE', ( #3201, #3409, #1261, #1499, #148, #1823, #490, #2903, #1319, #3119, #263 ) ) ;
#1839 = FILL_AREA_STYLE ('',( #3433 ) ) ;
#1840 = CARTESIAN_POINT ( 'NONE',  ( -6.563308924123489874E-10, 9.600000000000001421, 0.000000000000000000 ) ) ;
#1841 = ORIENTED_EDGE ( 'NONE', *, *, #3361, .F. ) ;
#1842 = ORIENTED_EDGE ( 'NONE', *, *, #2441, .T. ) ;
#1843 = ORIENTED_EDGE ( 'NONE', *, *, #2364, .F. ) ;
#1844 = CARTESIAN_POINT ( 'NONE',  ( 4.099999999500000492, 10.54999999996582005, 0.000000000000000000 ) ) ;
#1845 = EDGE_CURVE ( 'NONE', #96, #2719, #3297, .T. ) ;
#1846 =( NAMED_UNIT ( * ) SI_UNIT ( $, .STERADIAN. ) SOLID_ANGLE_UNIT ( ) );
#1847 = ORIENTED_EDGE ( 'NONE', *, *, #2934, .T. ) ;
#1848 = B_SPLINE_CURVE_WITH_KNOTS ( 'NONE', 1,
 ( #3951, #1098 ),
 .UNSPECIFIED., .F., .F.,
 ( 2, 2 ),
 ( 0.000000000000000000, 1.000000000000000000 ),
 .UNSPECIFIED. ) ;
#1849 = CARTESIAN_POINT ( 'NONE',  ( 0.8928239473083340316, 5.878610394475667356, -9.200000000000001066 ) ) ;
#1850 = FACE_OUTER_BOUND ( 'NONE', #4078, .T. ) ;
#1851 = CARTESIAN_POINT ( 'NONE',  ( 1.201234137992531315, 7.093012407765336924, -10.00000000000000000 ) ) ;
#1852 = CARTESIAN_POINT ( 'NONE',  ( 4.249999999965814901, 0.4000000007000000246, 0.000000000000000000 ) ) ;
#1853 = CARTESIAN_POINT ( 'NONE',  ( 4.100000001282039896, -3.433306879537430050E-16, -12.00000000000000000 ) ) ;
#1854 = FILL_AREA_STYLE ('',( #3407 ) ) ;
#1855 = CARTESIAN_POINT ( 'NONE',  ( -3.950000000000000178, 3.833445943844799864, -13.70000000000000107 ) ) ;
#1856 = ORIENTED_EDGE ( 'NONE', *, *, #1719, .F. ) ;
#1857 = CARTESIAN_POINT ( 'NONE',  ( 1.250000000000000000, -0.4921630312761798853, -7.773168881203479152 ) ) ;
#1858 = ORIENTED_EDGE ( 'NONE', *, *, #966, .F. ) ;
#1859 = CARTESIAN_POINT ( 'NONE',  ( -1.250000000000000000, -1.979086840863834906, -7.109145532928790701 ) ) ;
#1860 = CARTESIAN_POINT ( 'NONE',  ( 4.100000001305985187, 10.80000000000000071, -3.500000000000000000 ) ) ;
#1861 = EDGE_LOOP ( 'NONE', ( #1607, #1185, #2148, #3288 ) ) ;
#1862 = ORIENTED_EDGE ( 'NONE', *, *, #3380, .T. ) ;
#1863 = CARTESIAN_POINT ( 'NONE',  ( -1.350000000000001421, 3.700000000000000178, -14.10000000000001563 ) ) ;
#1864 = ORIENTED_EDGE ( 'NONE', *, *, #2205, .F. ) ;
#1865 = EDGE_CURVE ( 'NONE', #3073, #1441, #3561, .T. ) ;
#1866 = CARTESIAN_POINT ( 'NONE',  ( 0.2626437399813330575, 5.399999999990000354, -9.199999999999999289 ) ) ;
#1867 = FILL_AREA_STYLE_COLOUR ( '', #138 ) ;
#1868 = CARTESIAN_POINT ( 'NONE',  ( 2.449999999999999734, 7.500000000000000000, -12.00000000000000000 ) ) ;
#1869 = ADVANCED_FACE ( 'NONE', ( #414 ), #3724, .F. ) ;
#1870 = B_SPLINE_CURVE_WITH_KNOTS ( 'NONE', 3,
 ( #3897, #3596, #1932, #3835 ),
 .UNSPECIFIED., .F., .F.,
 ( 4, 4 ),
 ( 0.000000000000000000, 0.2765566330668194905 ),
 .UNSPECIFIED. ) ;
#1871 = CARTESIAN_POINT ( 'NONE',  ( -1.050000000000000933, 8.499999999999998224, -14.40000000000001279 ) ) ;
#1872 = CARTESIAN_POINT ( 'NONE',  ( -4.500000000056338045, 10.40000000000000036, -0.1035533906656301711 ) ) ;
#1873 = CARTESIAN_POINT ( 'NONE',  ( -1.250000000000000000, -2.350600058060285047, -6.900466952425300171 ) ) ;
#1874 = COLOUR_RGB ( '',0.7490196078431372584, 0.7490196078431372584, 0.7490196078431372584 ) ;
#1875 = VERTEX_POINT ( 'NONE', #1702 ) ;
#1876 = CARTESIAN_POINT ( 'NONE',  ( 0.6138981111185289885, 6.400000000000000355, -2.000000000000000000 ) ) ;
#1877 =( NAMED_UNIT ( * ) SI_UNIT ( $, .STERADIAN. ) SOLID_ANGLE_UNIT ( ) );
#1878 = B_SPLINE_CURVE_WITH_KNOTS ( 'NONE', 1,
 ( #1666, #3224 ),
 .UNSPECIFIED., .F., .F.,
 ( 2, 2 ),
 ( 0.000000000000000000, 1.000000000000000000 ),
 .UNSPECIFIED. ) ;
#1879 =( GEOMETRIC_REPRESENTATION_CONTEXT ( 3 ) GLOBAL_UNCERTAINTY_ASSIGNED_CONTEXT ( ( #1954 ) ) GLOBAL_UNIT_ASSIGNED_CONTEXT ( ( #3074, #3776, #276 ) ) REPRESENTATION_CONTEXT ( 'NONE', 'WORKASPACE' ) );
#1880 = ORIENTED_EDGE ( 'NONE', *, *, #2150, .F. ) ;
#1881 = VERTEX_POINT ( 'NONE', #4068 ) ;
#1882 = CARTESIAN_POINT ( 'NONE',  ( -4.099999999999997868, 10.69644660899999877, 0.000000000000000000 ) ) ;
#1883 = ORIENTED_EDGE ( 'NONE', *, *, #3942, .T. ) ;
#1884 = CARTESIAN_POINT ( 'NONE',  ( 0.8445912687299995669, 7.499952380098001470, -9.200000000000001066 ) ) ;
#1885 = ORIENTED_EDGE ( 'NONE', *, *, #3076, .F. ) ;
#1886 = CARTESIAN_POINT ( 'NONE',  ( -1.449999999999999956, 0.2334459459999999875, -13.70000000000000107 ) ) ;
#1887 = CARTESIAN_POINT ( 'NONE',  ( -1.225735931000000223, 8.851471863000011098, -14.40000000000001457 ) ) ;
#1888 = ORIENTED_EDGE ( 'NONE', *, *, #1660, .F. ) ;
#1889 = COLOUR_RGB ( '',0.7490196078431372584, 0.7490196078431372584, 0.7490196078431372584 ) ;
#1890 = B_SPLINE_CURVE_WITH_KNOTS ( 'NONE', 3,
 ( #3710, #1108, #784, #2060, #3331, #1742, #3024, #3644, #1417, #3949 ),
 .UNSPECIFIED., .F., .F.,
 ( 4, 2, 2, 2, 4 ),
 ( 0.000000000000000000, 0.7853981633974485010, 1.570796326794897224, 2.356194490192346169, 3.141592653589795336 ),
 .UNSPECIFIED. ) ;
#1891 = COLOUR_RGB ( '',0.7490196078431372584, 0.7490196078431372584, 0.7490196078431372584 ) ;
#1892 = CARTESIAN_POINT ( 'NONE',  ( 1.000000000000000000, 6.399999999589793376, -9.199999999999999289 ) ) ;
#1893 = CARTESIAN_POINT ( 'NONE',  ( -1.649999999999999911, 3.833445946000000326, -14.50000000000000000 ) ) ;
#1894 =( NAMED_UNIT ( * ) PLANE_ANGLE_UNIT ( ) SI_UNIT ( $, .RADIAN. ) );
#1895 =( BOUNDED_CURVE ( )  B_SPLINE_CURVE ( 3, ( #2291, #1365, #4146, #1908 ),
 .UNSPECIFIED., .F., .T. ) 
 B_SPLINE_CURVE_WITH_KNOTS ( ( 4, 4 ),
 ( -3.020904498848865138, 0.000000000000000000 ),
 .UNSPECIFIED. ) 
 CURVE ( )  GEOMETRIC_REPRESENTATION_ITEM ( )  RATIONAL_B_SPLINE_CURVE ( ( 1.000000000000000000, 0.3735383073764451112, 0.3735383073764451112, 1.000000000000000000 ) ) 
 REPRESENTATION_ITEM ( '' )  );
#1896 = STYLED_ITEM ( 'NONE', ( #2817 ), #3974 ) ;
#1897 = CARTESIAN_POINT ( 'NONE',  ( -1.250000000000000000, -2.350600057999999937, -6.900466951999999488 ) ) ;
#1898 = ADVANCED_FACE ( 'NONE', ( #2848 ), #3090, .F. ) ;
#1899 = PRESENTATION_STYLE_ASSIGNMENT (( #1308 ) ) ;
#1900 = FACE_BOUND ( 'NONE', #4052, .T. ) ;
#1901 = CARTESIAN_POINT ( 'NONE',  ( -1.449999999999999956, 4.846576362000000415, -13.70000000000000107 ) ) ;
#1902 = EDGE_CURVE ( 'NONE', #2401, #1541, #235, .T. ) ;
#1903 = VERTEX_POINT ( 'NONE', #4114 ) ;
#1904 = B_SPLINE_CURVE_WITH_KNOTS ( 'NONE', 3,
 ( #1045, #3878, #2017, #2316, #2986, #3613 ),
 .UNSPECIFIED., .F., .F.,
 ( 4, 2, 4 ),
 ( 0.000000000000000000, 0.7853981633974475018, 1.570796326794895004 ),
 .UNSPECIFIED. ) ;
#1905 = CARTESIAN_POINT ( 'NONE',  ( 1.875000000074141804, 5.400000000139016265, -14.09999999999999964 ) ) ;
#1906 = CARTESIAN_POINT ( 'NONE',  ( -1.449999999777961790, -0.1569835848586045024, -14.09999999989426200 ) ) ;
#1907 = VERTEX_POINT ( 'NONE', #214 ) ;
#1908 = CARTESIAN_POINT ( 'NONE',  ( 1.447360780082724174, -2.614563275719659963, -14.52925285267032152 ) ) ;
#1909 = CARTESIAN_POINT ( 'NONE',  ( 2.949999999999999734, 7.400000000000000355, -12.05999999999999872 ) ) ;
#1910 = CARTESIAN_POINT ( 'NONE',  ( -4.499999999999999112, 10.63431457500000121, -0.1035533909999999391 ) ) ;
#1911 = B_SPLINE_SURFACE_WITH_KNOTS ( 'NONE', 1, 1, ( 
 ( #4109, #1886 ),
 ( #891, #2478 ) ),
 .UNSPECIFIED., .F., .F., .F.,
 ( 2, 2 ),
 ( 2, 2 ),
 ( 0.000000000000000000, 1.000000000000000000 ),
 ( 0.000000000000000000, 1.000000000000000000 ),
 .UNSPECIFIED. ) ;
#1912 = VERTEX_POINT ( 'NONE', #3718 ) ;
#1913 = UNCERTAINTY_MEASURE_WITH_UNIT (LENGTH_MEASURE( 1.000000000000000082E-05 ), #689, 'distance_accuracy_value', 'NONE');
#1914 = CARTESIAN_POINT ( 'NONE',  ( -0.8601000500000004489, 8.120200100000005250, -2.206587956000000350 ) ) ;
#1915 = EDGE_LOOP ( 'NONE', ( #3834, #3972, #3211, #1864 ) ) ;
#1916 = FACE_OUTER_BOUND ( 'NONE', #2016, .T. ) ;
#1917 = EDGE_CURVE ( 'NONE', #1460, #1509, #3445, .T. ) ;
#1918 = CARTESIAN_POINT ( 'NONE',  ( -1.350000000000001421, 9.099999999999999645, -14.10000000000001563 ) ) ;
#1919 = ORIENTED_EDGE ( 'NONE', *, *, #3181, .F. ) ;
#1920 = FILL_AREA_STYLE ('',( #2847 ) ) ;
#1921 = CARTESIAN_POINT ( 'NONE',  ( -0.9999999996408275305, 4.400000001000000438, -3.000000000000000000 ) ) ;
#1922 = PRESENTATION_STYLE_ASSIGNMENT (( #2577 ) ) ;
#1923 = CARTESIAN_POINT ( 'NONE',  ( -3.950000001000002481, 6.906769653678989762, -12.00000000000000355 ) ) ;
#1924 = FILL_AREA_STYLE_COLOUR ( '', #596 ) ;
#1925 = CARTESIAN_POINT ( 'NONE',  ( 3.199999999333335232, 6.400000001041780351, 0.000000000000000000 ) ) ;
#1926 = CARTESIAN_POINT ( 'NONE',  ( -1.000000000000000000, 6.399999999910209958, -3.000000000000000000 ) ) ;
#1927 = ORIENTED_EDGE ( 'NONE', *, *, #2767, .F. ) ;
#1928 = ADVANCED_FACE ( 'NONE', ( #1850 ), #2270, .F. ) ;
#1929 = CARTESIAN_POINT ( 'NONE',  ( 1.449999999999999956, -1.858694061999999869, -14.55250166600000128 ) ) ;
#1930 = FACE_OUTER_BOUND ( 'NONE', #2736, .T. ) ;
#1931 = VERTEX_POINT ( 'NONE', #5 ) ;
#1932 = CARTESIAN_POINT ( 'NONE',  ( 1.449999999999999956, -0.2286101991073876127, -14.09999999968280093 ) ) ;
#1933 = CARTESIAN_POINT ( 'NONE',  ( 3.950000000333335315, 0.2334459454116664945, -12.00000000000000000 ) ) ;
#1934 = FILL_AREA_STYLE ('',( #1026 ) ) ;
#1935 = VERTEX_POINT ( 'NONE', #2890 ) ;
#1936 = CARTESIAN_POINT ( 'NONE',  ( -1.339434574749334583, 6.759367032999332281, -9.200000000000001066 ) ) ;
#1937 = ORIENTED_EDGE ( 'NONE', *, *, #1388, .T. ) ;
#1938 = FACE_OUTER_BOUND ( 'NONE', #2157, .T. ) ;
#1939 = CARTESIAN_POINT ( 'NONE',  ( -1.375000000750931983, 6.399999999917690197, -10.00000000000000000 ) ) ;
#1940 = ORIENTED_EDGE ( 'NONE', *, *, #2047, .F. ) ;
#1941 = FILL_AREA_STYLE ('',( #4134 ) ) ;
#1942 = B_SPLINE_CURVE_WITH_KNOTS ( 'NONE', 1,
 ( #2804, #1032 ),
 .UNSPECIFIED., .F., .F.,
 ( 2, 2 ),
 ( 0.000000000000000000, 1.000000000000000000 ),
 .UNSPECIFIED. ) ;
#1943 = CARTESIAN_POINT ( 'NONE',  ( 1.449999999999999734, -2.138126023089404359, -14.21601297411288201 ) ) ;
#1944 = CARTESIAN_POINT ( 'NONE',  ( -4.100000001360680102, 10.80000000000000071, -3.500000000000000000 ) ) ;
#1945 = CARTESIAN_POINT ( 'NONE',  ( 1.449999999999999956, -0.4769987545385329653, -13.74453537345265985 ) ) ;
#1946 = B_SPLINE_SURFACE_WITH_KNOTS ( 'NONE', 1, 1, ( 
 ( #1067, #2983 ),
 ( #2266, #1994 ) ),
 .UNSPECIFIED., .F., .F., .F.,
 ( 2, 2 ),
 ( 2, 2 ),
 ( 0.000000000000000000, 1.000000000000000000 ),
 ( 0.000000000000000000, 1.000000000000000000 ),
 .UNSPECIFIED. ) ;
#1947 = SURFACE_STYLE_USAGE ( .BOTH. , #675 ) ;
#1948 = PRESENTATION_STYLE_ASSIGNMENT (( #676 ) ) ;
#1949 =( BOUNDED_SURFACE ( )  B_SPLINE_SURFACE ( 1, 3, ( 
 ( #2073, #473, #2054, #2449 ),
 ( #839, #3040, #3955, #3078 ) ),
 .UNSPECIFIED., .F., .F., .T. ) 
 B_SPLINE_SURFACE_WITH_KNOTS ( ( 2, 2 ),
 ( 4, 4 ),
 ( 0.000000000000000000, 1.000000000000000000 ),
 ( 0.000000000000000000, 1.000000000000000000 ),
 .UNSPECIFIED. ) 
 GEOMETRIC_REPRESENTATION_ITEM ( )  RATIONAL_B_SPLINE_SURFACE ( (
 ( 1.000000000000000000, 0.8047378540760217192, 0.8047378540760217192, 1.000000000000000000),
 ( 1.000000000000000000, 0.8047378540760217192, 0.8047378540760217192, 1.000000000000000000) ) ) 
 REPRESENTATION_ITEM ( '' )  SURFACE ( )  );
#1950 = ORIENTED_EDGE ( 'NONE', *, *, #4099, .F. ) ;
#1951 = CARTESIAN_POINT ( 'NONE',  ( 2.949999999999999734, 5.400000000000000355, -13.61000000032266044 ) ) ;
#1952 = CARTESIAN_POINT ( 'NONE',  ( -3.950000000333335315, 0.2334459454116664945, -12.00000000000000000 ) ) ;
#1953 = STYLED_ITEM ( 'NONE', ( #2280 ), #1413 ) ;
#1954 = UNCERTAINTY_MEASURE_WITH_UNIT (LENGTH_MEASURE( 1.000000000000000082E-05 ), #3074, 'distance_accuracy_value', 'NONE');
#1955 = CARTESIAN_POINT ( 'NONE',  ( 2.455000000106540181, 5.399999999800000339, -13.70000000020266029 ) ) ;
#1956 = ORIENTED_EDGE ( 'NONE', *, *, #1724, .T. ) ;
#1957 = COLOUR_RGB ( '',0.7490196078431372584, 0.7490196078431372584, 0.7490196078431372584 ) ;
#1958 = ADVANCED_FACE ( 'NONE', ( #640 ), #2707, .F. ) ;
#1959 = CARTESIAN_POINT ( 'NONE',  ( 3.431396491385233727, 13.63485605622659058, -3.499999999999999556 ) ) ;
#1960 = CARTESIAN_POINT ( 'NONE',  ( 1.450000000005321921, 4.846576363135629784, -14.09999999989426200 ) ) ;
#1961 = EDGE_LOOP ( 'NONE', ( #977, #3258, #1589, #3178 ) ) ;
#1962 = STYLED_ITEM ( 'NONE', ( #2663 ), #2704 ) ;
#1963 = CARTESIAN_POINT ( 'NONE',  ( -4.099999999500000492, 0.2499999999850344989, 0.000000000000000000 ) ) ;
#1964 = CARTESIAN_POINT ( 'NONE',  ( -1.000000000000000000, 6.399999999820414232, -9.199999999999999289 ) ) ;
#1965 = FACE_OUTER_BOUND ( 'NONE', #2374, .T. ) ;
#1966 = PRESENTATION_LAYER_ASSIGNMENT (  '', '', ( #830 ) ) ;
#1967 = SURFACE_STYLE_FILL_AREA ( #2348 ) ;
#1968 = CARTESIAN_POINT ( 'NONE',  ( 3.199999999470934942, 6.399999999808439810, -10.00000000000000000 ) ) ;
#1969 =( GEOMETRIC_REPRESENTATION_CONTEXT ( 3 ) GLOBAL_UNCERTAINTY_ASSIGNED_CONTEXT ( ( #1582 ) ) GLOBAL_UNIT_ASSIGNED_CONTEXT ( ( #2473, #3437, #863 ) ) REPRESENTATION_CONTEXT ( 'NONE', 'WORKASPACE' ) );
#1970 = B_SPLINE_CURVE_WITH_KNOTS ( 'NONE', 1,
 ( #2293, #2606 ),
 .UNSPECIFIED., .F., .F.,
 ( 2, 2 ),
 ( 0.000000000000000000, 1.000000000000000000 ),
 .UNSPECIFIED. ) ;
#1971 =( NAMED_UNIT ( * ) SI_UNIT ( $, .STERADIAN. ) SOLID_ANGLE_UNIT ( ) );
#1972 =( LENGTH_UNIT ( ) NAMED_UNIT ( * ) SI_UNIT ( .MILLI., .METRE. ) );
#1973 = ORIENTED_EDGE ( 'NONE', *, *, #803, .F. ) ;
#1974 =( NAMED_UNIT ( * ) SI_UNIT ( $, .STERADIAN. ) SOLID_ANGLE_UNIT ( ) );
#1975 = CARTESIAN_POINT ( 'NONE',  ( 2.949999999999999734, 7.400000000000000355, -12.05999999999999872 ) ) ;
#1976 =( BOUNDED_CURVE ( )  B_SPLINE_CURVE ( 3, ( #312, #2565, #955, #887 ),
 .UNSPECIFIED., .F., .T. ) 
 B_SPLINE_CURVE_WITH_KNOTS ( ( 4, 4 ),
 ( 0.000000000000000000, 1.570796326794895004 ),
 .UNSPECIFIED. ) 
 CURVE ( )  GEOMETRIC_REPRESENTATION_ITEM ( )  RATIONAL_B_SPLINE_CURVE ( ( 1.000000000000000000, 0.8047378541243649375, 0.8047378541243649375, 1.000000000000000000 ) ) 
 REPRESENTATION_ITEM ( '' )  );
#1977 = ADVANCED_FACE ( 'NONE', ( #3195 ), #671, .F. ) ;
#1978 = CARTESIAN_POINT ( 'NONE',  ( -1.250000000000000000, -0.4921630309999999731, -7.773168881000001029 ) ) ;
#1979 =( LENGTH_UNIT ( ) NAMED_UNIT ( * ) SI_UNIT ( .MILLI., .METRE. ) );
#1980 = CARTESIAN_POINT ( 'NONE',  ( 4.100000000000000533, 10.69644660932799241, 6.007509912937358971E-11 ) ) ;
#1981 = CARTESIAN_POINT ( 'NONE',  ( 4.500000000000000000, 4.000000000000000000, -9.500000000000000000 ) ) ;
#1982 = ORIENTED_EDGE ( 'NONE', *, *, #1354, .F. ) ;
#1983 = EDGE_CURVE ( 'NONE', #2387, #1212, #184, .T. ) ;
#1984 = CARTESIAN_POINT ( 'NONE',  ( -1.000000000009999779, 6.662643739981330526, -9.199999999999999289 ) ) ;
#1985 = CARTESIAN_POINT ( 'NONE',  ( -4.049999999995434585, 6.800000001390909432, -12.00000000000000000 ) ) ;
#1986 = B_SPLINE_SURFACE_WITH_KNOTS ( 'NONE', 1, 1, ( 
 ( #3327, #500 ),
 ( #140, #3002 ) ),
 .UNSPECIFIED., .F., .F., .F.,
 ( 2, 2 ),
 ( 2, 2 ),
 ( 0.000000000000000000, 1.000000000000000000 ),
 ( 0.000000000000000000, 1.000000000000000000 ),
 .UNSPECIFIED. ) ;
#1987 = FACE_BOUND ( 'NONE', #3768, .T. ) ;
#1988 = B_SPLINE_CURVE_WITH_KNOTS ( 'NONE', 1,
 ( #927, #949 ),
 .UNSPECIFIED., .F., .F.,
 ( 2, 2 ),
 ( 0.000000000000000000, 1.000000000000000000 ),
 .UNSPECIFIED. ) ;
#1989 = CARTESIAN_POINT ( 'NONE',  ( -3.199999999333335232, 6.400000000358230245, 0.000000000000000000 ) ) ;
#1990 = CARTESIAN_POINT ( 'NONE',  ( -4.099999999500000492, 10.54999999996582005, 0.000000000000000000 ) ) ;
#1991 = CARTESIAN_POINT ( 'NONE',  ( -4.100000000153876556, -8.673617379884035472E-16, -12.00000000000000000 ) ) ;
#1992 = EDGE_CURVE ( 'NONE', #3144, #1634, #2447, .T. ) ;
#1993 = CARTESIAN_POINT ( 'NONE',  ( -1.349999999469062129, 6.399999999982130205, -14.09999999999999964 ) ) ;
#1994 = CARTESIAN_POINT ( 'NONE',  ( -1.250000000000000000, 0.000000000000000000, -6.799068392000000571 ) ) ;
#1995 = ORIENTED_EDGE ( 'NONE', *, *, #1097, .T. ) ;
#1996 = CARTESIAN_POINT ( 'NONE',  ( -4.100000000000000533, 10.80000000000000071, -3.500000000000000000 ) ) ;
#1997 = CARTESIAN_POINT ( 'NONE',  ( -1.250000000000000000, -1.761305987863900135, -7.159066095794660356 ) ) ;
#1998 = CARTESIAN_POINT ( 'NONE',  ( -1.250000000000000000, -1.761305988000000156, -7.159066096000000101 ) ) ;
#1999 = UNCERTAINTY_MEASURE_WITH_UNIT (LENGTH_MEASURE( 1.000000000000000082E-05 ), #3900, 'distance_accuracy_value', 'NONE');
#2000 = CARTESIAN_POINT ( 'NONE',  ( 1.449999999999999734, -2.310876781998415286, -14.61583557732379823 ) ) ;
#2001 = CARTESIAN_POINT ( 'NONE',  ( 1.450000000399999767, 0.2334459467167515068, -13.70000000000000107 ) ) ;
#2002 = ORIENTED_EDGE ( 'NONE', *, *, #1458, .T. ) ;
#2003 = SURFACE_SIDE_STYLE ('',( #3259 ) ) ;
#2004 = B_SPLINE_CURVE_WITH_KNOTS ( 'NONE', 1,
 ( #619, #2233 ),
 .UNSPECIFIED., .F., .F.,
 ( 2, 2 ),
 ( 0.000000000000000000, 1.000000000000000000 ),
 .UNSPECIFIED. ) ;
#2005 =( LENGTH_UNIT ( ) NAMED_UNIT ( * ) SI_UNIT ( .MILLI., .METRE. ) );
#2006 = CARTESIAN_POINT ( 'NONE',  ( -0.5857864375170653837, 7.400000000120147803, -2.999999999999956035 ) ) ;
#2007 = EDGE_CURVE ( 'NONE', #2401, #3763, #1808, .T. ) ;
#2008 = VERTEX_POINT ( 'NONE', #1034 ) ;
#2009 = B_SPLINE_CURVE_WITH_KNOTS ( 'NONE', 1,
 ( #1990, #2070 ),
 .UNSPECIFIED., .F., .F.,
 ( 2, 2 ),
 ( -1.000000000000000000, 0.000000000000000000 ),
 .UNSPECIFIED. ) ;
#2010 = STYLED_ITEM ( 'NONE', ( #1534 ), #598 ) ;
#2011 = CARTESIAN_POINT ( 'NONE',  ( 4.099999999999997868, 10.69644660899999877, 0.000000000000000000 ) ) ;
#2012 = CARTESIAN_POINT ( 'NONE',  ( -1.250000000000000222, -1.749744733030826893, -6.831385762719968113 ) ) ;
#2013 = B_SPLINE_CURVE_WITH_KNOTS ( 'NONE', 3,
 ( #4051, #1518, #1193, #3408, #1725, #1559, #538, #1211, #2378, #142, #3743, #2043, #1087, #1815, #2492, #581, #3098, #903 ),
 .UNSPECIFIED., .F., .F.,
 ( 4, 2, 2, 2, 2, 2, 2, 2, 4 ),
 ( 0.000000000000000000, 0.3926990816987245281, 0.7853981633974490562, 1.178097245096173307, 1.570796326794897668, 1.963495408493621808, 2.356194490192346169, 2.748893571891070753, 3.141592653589795336 ),
 .UNSPECIFIED. ) ;
#2014 = SURFACE_SIDE_STYLE ('',( #650 ) ) ;
#2015 = CARTESIAN_POINT ( 'NONE',  ( 1.249999999115409155, -2.360039658985923161, -7.247972245408814906 ) ) ;
#2016 = EDGE_LOOP ( 'NONE', ( #1321, #40, #806, #1737, #1763, #1801, #2202, #909, #582, #1095 ) ) ;
#2017 = CARTESIAN_POINT ( 'NONE',  ( 4.755871120800001073, 3.968392938666668091, -11.90000000000000213 ) ) ;
#2018 =( GEOMETRIC_REPRESENTATION_CONTEXT ( 3 ) GLOBAL_UNCERTAINTY_ASSIGNED_CONTEXT ( ( #3010 ) ) GLOBAL_UNIT_ASSIGNED_CONTEXT ( ( #603, #282, #3245 ) ) REPRESENTATION_CONTEXT ( 'NONE', 'WORKASPACE' ) );
#2019 = CARTESIAN_POINT ( 'NONE',  ( 1.250000000000000000, -2.350600058060285047, -6.900466952425300171 ) ) ;
#2020 = CARTESIAN_POINT ( 'NONE',  ( -1.062599999999999989, 7.462600000000000122, -14.40000000000000036 ) ) ;
#2021 = STYLED_ITEM ( 'NONE', ( #2433 ), #1238 ) ;
#2022 = CARTESIAN_POINT ( 'NONE',  ( -1.450000000087345864, -2.531051023933740041, -14.55536518085374098 ) ) ;
#2023 = CARTESIAN_POINT ( 'NONE',  ( 0.6212648889999999868, 5.778735111000000479, -2.000000000000000000 ) ) ;
#2024 = VERTEX_POINT ( 'NONE', #2041 ) ;
#2025 = PRESENTATION_LAYER_ASSIGNMENT (  '', '', ( #3824 ) ) ;
#2026 = CARTESIAN_POINT ( 'NONE',  ( -1.940121240000000080, 10.04259561199300066, -12.00000000000000178 ) ) ;
#2027 = EDGE_LOOP ( 'NONE', ( #2295, #518, #292, #633 ) ) ;
#2028 =( GEOMETRIC_REPRESENTATION_CONTEXT ( 3 ) GLOBAL_UNCERTAINTY_ASSIGNED_CONTEXT ( ( #2964 ) ) GLOBAL_UNIT_ASSIGNED_CONTEXT ( ( #3746, #907, #1629 ) ) REPRESENTATION_CONTEXT ( 'NONE', 'WORKASPACE' ) );
#2029 = EDGE_CURVE ( 'NONE', #196, #987, #2004, .T. ) ;
#2030 = MECHANICAL_DESIGN_GEOMETRIC_PRESENTATION_REPRESENTATION (  '', ( #2568 ), #2770 ) ;
#2031 = CARTESIAN_POINT ( 'NONE',  ( 4.250000000000000000, 10.40000000000000036, 0.000000000000000000 ) ) ;
#2032 =( LENGTH_UNIT ( ) NAMED_UNIT ( * ) SI_UNIT ( .MILLI., .METRE. ) );
#2033 = MECHANICAL_DESIGN_GEOMETRIC_PRESENTATION_REPRESENTATION (  '', ( #830 ), #2646 ) ;
#2034 = EDGE_CURVE ( 'NONE', #2889, #3763, #2354, .T. ) ;
#2035 = CARTESIAN_POINT ( 'NONE',  ( 4.049999999923370453, 6.800000000664789823, -3.500000000000000000 ) ) ;
#2036 = CARTESIAN_POINT ( 'NONE',  ( -2.107728286314909383, 6.810277987367704178, -13.70000000000000107 ) ) ;
#2037 = VERTEX_POINT ( 'NONE', #3004 ) ;
#2038 = PRESENTATION_STYLE_ASSIGNMENT (( #763 ) ) ;
#2039 = ORIENTED_EDGE ( 'NONE', *, *, #3292, .F. ) ;
#2040 = CARTESIAN_POINT ( 'NONE',  ( 1.875000000024714897, 5.400000000046340176, -13.70000000025334153 ) ) ;
#2041 = CARTESIAN_POINT ( 'NONE',  ( -1.250000000000000000, -1.761305987863900135, -7.159066095794660356 ) ) ;
#2042 = ADVANCED_FACE ( 'NONE', ( #118 ), #2242, .F. ) ;
#2043 = CARTESIAN_POINT ( 'NONE',  ( -0.6930124077653325720, 5.198765862007467042, -10.00000000000000000 ) ) ;
#2044 = CARTESIAN_POINT ( 'NONE',  ( 1.000000000240294007, 6.985786437311962693, -3.000000000000000000 ) ) ;
#2045 = ORIENTED_EDGE ( 'NONE', *, *, #3603, .F. ) ;
#2046 = CARTESIAN_POINT ( 'NONE',  ( -4.499999999999999112, 0.1656854250000000250, -0.1035533909999999391 ) ) ;
#2047 = EDGE_CURVE ( 'NONE', #3606, #702, #3095, .T. ) ;
#2048 = CARTESIAN_POINT ( 'NONE',  ( 0.7408264380000001426, 6.400000000000002132, -2.000000000000002220 ) ) ;
#2049 = CARTESIAN_POINT ( 'NONE',  ( 1.250000000000000000, -1.979975502756305072, -6.805336374020139800 ) ) ;
#2050 = ORIENTED_EDGE ( 'NONE', *, *, #3499, .F. ) ;
#2051 = CARTESIAN_POINT ( 'NONE',  ( -1.250000000000000000, -2.266611848471483448, -7.196628122983924847 ) ) ;
#2052 = FILL_AREA_STYLE_COLOUR ( '', #1153 ) ;
#2053 = PRODUCT ( 'KLDX-0202-AC', 'KLDX-0202-AC', '', ( #2656 ) ) ;
#2054 = CARTESIAN_POINT ( 'NONE',  ( 4.100000000000000533, 0.1035533905245613062, -2.629986134705824338E-11 ) ) ;
#2055 = ORIENTED_EDGE ( 'NONE', *, *, #558, .F. ) ;
#2056 = ADVANCED_FACE ( 'NONE', ( #2131 ), #335, .T. ) ;
#2057 = CARTESIAN_POINT ( 'NONE',  ( -0.8601000500000004489, 4.679799900000005231, -2.206587956000000350 ) ) ;
#2058 =( NAMED_UNIT ( * ) SI_UNIT ( $, .STERADIAN. ) SOLID_ANGLE_UNIT ( ) );
#2059 = FILL_AREA_STYLE_COLOUR ( '', #408 ) ;
#2060 = CARTESIAN_POINT ( 'NONE',  ( -0.6517370108333322420, -3.482591462106999991, -7.522563362057632652 ) ) ;
#2061 = FILL_AREA_STYLE ('',( #785 ) ) ;
#2062 =( BOUNDED_CURVE ( )  B_SPLINE_CURVE ( 3, ( #3954, #2747, #2392, #111 ),
 .UNSPECIFIED., .F., .T. ) 
 B_SPLINE_CURVE_WITH_KNOTS ( ( 4, 4 ),
 ( 0.000000000000000000, 3.141592653589795336 ),
 .UNSPECIFIED. ) 
 CURVE ( )  GEOMETRIC_REPRESENTATION_ITEM ( )  RATIONAL_B_SPLINE_CURVE ( ( 1.000000000000000000, 0.3333333333333329818, 0.3333333333333329818, 1.000000000000000000 ) ) 
 REPRESENTATION_ITEM ( '' )  );
#2063 = EDGE_CURVE ( 'NONE', #3780, #2573, #3784, .T. ) ;
#2064 = ORIENTED_EDGE ( 'NONE', *, *, #1216, .T. ) ;
#2065 = CARTESIAN_POINT ( 'NONE',  ( -3.114308559000002585, 9.096360514666665509, -3.500000000000000888 ) ) ;
#2066 = CARTESIAN_POINT ( 'NONE',  ( -4.206086591999999236, 10.80000000000000071, -3.500000000000000888 ) ) ;
#2067 = SURFACE_STYLE_FILL_AREA ( #1150 ) ;
#2068 = VERTEX_POINT ( 'NONE', #2733 ) ;
#2069 =( NAMED_UNIT ( * ) SI_UNIT ( $, .STERADIAN. ) SOLID_ANGLE_UNIT ( ) );
#2070 = CARTESIAN_POINT ( 'NONE',  ( 4.099999999500000492, 10.54999999996582005, 0.000000000000000000 ) ) ;
#2071 = CLOSED_SHELL ( 'NONE', ( #1514, #3060, #3329, #711, #2710, #1293, #2056, #3519, #643, #3974, #971, #3431, #516, #2107, #679, #172, #4124, #3174, #280, #2126, #2297, #1139, #3542, #513, #3678, #2355, #3647, #3906, #2434, #2704, #321, #1478, #1530, #1928, #3735, #1709, #3215, #3479, #717, #813, #2397, #706, #50, #540, #2258, #303, #3207, #2170, #463, #3978, #1869, #2320, #1678, #1271, #1977, #1825, #1898, #367, #1572, #1341, #2994, #4151, #2878, #2790, #2985, #3038, #1812, #3066, #1413, #833, #360, #204, #1238, #3704, #1020, #780, #2120, #1778, #3043, #1132, #1657, #2391, #2340, #413, #2042, #2659, #3384, #1429, #2229, #3764, #1958, #3819, #3898, #3867, #3262, #598, #3925 ) ) ;
#2072 = EDGE_CURVE ( 'NONE', #3319, #1468, #1613, .T. ) ;
#2073 = CARTESIAN_POINT ( 'NONE',  ( 4.100000000000000533, 2.389836493632053696E-17, -0.2500000000961724034 ) ) ;
#2074 = EDGE_LOOP ( 'NONE', ( #486, #2583, #3452, #3941, #3026, #3530, #2050, #412 ) ) ;
#2075 = CARTESIAN_POINT ( 'NONE',  ( 2.949999999999999734, 5.400000000000000355, -14.09999999999999964 ) ) ;
#2076 = CARTESIAN_POINT ( 'NONE',  ( 0.6138981111185289885, 6.400000000000000355, -2.000000000000000000 ) ) ;
#2077 = VERTEX_POINT ( 'NONE', #2093 ) ;
#2078 = FACE_OUTER_BOUND ( 'NONE', #2993, .T. ) ;
#2079 = ORIENTED_EDGE ( 'NONE', *, *, #2934, .F. ) ;
#2080 = UNCERTAINTY_MEASURE_WITH_UNIT (LENGTH_MEASURE( 1.000000000000000082E-05 ), #2032, 'distance_accuracy_value', 'NONE');
#2081 = EDGE_CURVE ( 'NONE', #1632, #1597, #3099, .T. ) ;
#2082 =( BOUNDED_CURVE ( )  B_SPLINE_CURVE ( 3, ( #2094, #1446, #862, #2734 ),
 .UNSPECIFIED., .F., .T. ) 
 B_SPLINE_CURVE_WITH_KNOTS ( ( 4, 4 ),
 ( -3.141592653589795336, 0.000000000000000000 ),
 .UNSPECIFIED. ) 
 CURVE ( )  GEOMETRIC_REPRESENTATION_ITEM ( )  RATIONAL_B_SPLINE_CURVE ( ( 1.000000000000000000, 0.3333333335299316635, 0.3333333335299316635, 1.000000000000000000 ) ) 
 REPRESENTATION_ITEM ( '' )  );
#2083 = EDGE_LOOP ( 'NONE', ( #3928, #3813, #319, #1247 ) ) ;
#2084 = CARTESIAN_POINT ( 'NONE',  ( 4.899999999999999467, -2.400000001292969642, -9.500000000000000000 ) ) ;
#2085 = CARTESIAN_POINT ( 'NONE',  ( 1.000000000000000000, 6.399999999589800481, -3.000000000000000000 ) ) ;
#2086 = MECHANICAL_DESIGN_GEOMETRIC_PRESENTATION_REPRESENTATION (  '', ( #141 ), #2028 ) ;
#2087 = CARTESIAN_POINT ( 'NONE',  ( -1.249999999705136089, -2.360039658681814867, -7.247972245447050099 ) ) ;
#2088 = STYLED_ITEM ( 'NONE', ( #1390 ), #3038 ) ;
#2089 = VERTEX_POINT ( 'NONE', #3065 ) ;
#2090 = DIRECTION ( 'NONE',  ( 1.000000000000000000, 0.000000000000000000, 0.000000000000000000 ) ) ;
#2091 =( GEOMETRIC_REPRESENTATION_CONTEXT ( 3 ) GLOBAL_UNCERTAINTY_ASSIGNED_CONTEXT ( ( #2335 ) ) GLOBAL_UNIT_ASSIGNED_CONTEXT ( ( #3721, #875, #900 ) ) REPRESENTATION_CONTEXT ( 'NONE', 'WORKASPACE' ) );
#2092 = CARTESIAN_POINT ( 'NONE',  ( 0.8601000500000000049, 6.399999999823590358, -2.206587955999999906 ) ) ;
#2093 = CARTESIAN_POINT ( 'NONE',  ( -1.649999999999999911, 3.833445946000000326, -14.50000000000000000 ) ) ;
#2094 = CARTESIAN_POINT ( 'NONE',  ( -1.249999999705136089, -2.360039658681814867, -7.247972245447050099 ) ) ;
#2095 = ORIENTED_EDGE ( 'NONE', *, *, #1256, .T. ) ;
#2096 = ORIENTED_EDGE ( 'NONE', *, *, #3306, .F. ) ;
#2097 = CARTESIAN_POINT ( 'NONE',  ( 2.512720779387815018, 7.399999999999999467, -13.69999999997972040 ) ) ;
#2098 =( NAMED_UNIT ( * ) PLANE_ANGLE_UNIT ( ) SI_UNIT ( $, .RADIAN. ) );
#2099 = ORIENTED_EDGE ( 'NONE', *, *, #32, .F. ) ;
#2100 = EDGE_CURVE ( 'NONE', #2444, #2298, #2139, .T. ) ;
#2101 = B_SPLINE_CURVE_WITH_KNOTS ( 'NONE', 1,
 ( #772, #2683 ),
 .UNSPECIFIED., .F., .F.,
 ( 2, 2 ),
 ( 0.000000000000000000, 1.000000000000000000 ),
 .UNSPECIFIED. ) ;
#2102 =( BOUNDED_CURVE ( )  B_SPLINE_CURVE ( 3, ( #2366, #2933, #2343, #3945 ),
 .UNSPECIFIED., .F., .T. ) 
 B_SPLINE_CURVE_WITH_KNOTS ( ( 4, 4 ),
 ( 0.000000000000000000, 3.141592653589795336 ),
 .UNSPECIFIED. ) 
 CURVE ( )  GEOMETRIC_REPRESENTATION_ITEM ( )  RATIONAL_B_SPLINE_CURVE ( ( 1.000000000000000000, 0.3333333333333329818, 0.3333333333333329818, 1.000000000000000000 ) ) 
 REPRESENTATION_ITEM ( '' )  );
#2103 = CARTESIAN_POINT ( 'NONE',  ( 0.1805675707733336022, 7.775000002252799192, -9.999999999999994671 ) ) ;
#2104 = PRESENTATION_STYLE_ASSIGNMENT (( #176 ) ) ;
#2105 = FILL_AREA_STYLE_COLOUR ( '', #821 ) ;
#2106 = ORIENTED_EDGE ( 'NONE', *, *, #2466, .T. ) ;
#2107 = ADVANCED_FACE ( 'NONE', ( #2471 ), #948, .F. ) ;
#2108 = FACE_OUTER_BOUND ( 'NONE', #1774, .T. ) ;
#2109 = CARTESIAN_POINT ( 'NONE',  ( -1.449999999999999956, -0.9739698253461248623, -13.88559062674640110 ) ) ;
#2110 = CARTESIAN_POINT ( 'NONE',  ( 1.249999999889618074, -2.504526319857659722, -6.985058561868120464 ) ) ;
#2111 = CARTESIAN_POINT ( 'NONE',  ( -4.334314575000001390, 0.000000000000000000, -0.2500000000000003331 ) ) ;
#2112 = ORIENTED_EDGE ( 'NONE', *, *, #1992, .F. ) ;
#2113 = B_SPLINE_SURFACE_WITH_KNOTS ( 'NONE', 1, 1, ( 
 ( #3533, #3792 ),
 ( #248, #4131 ) ),
 .UNSPECIFIED., .F., .F., .F.,
 ( 2, 2 ),
 ( 2, 2 ),
 ( 0.000000000000000000, 1.000000000000000000 ),
 ( 0.000000000000000000, 1.000000000000000000 ),
 .UNSPECIFIED. ) ;
#2114 = CARTESIAN_POINT ( 'NONE',  ( -4.334314574999996950, 0.000000000000000000, -0.1035533909999999391 ) ) ;
#2115 = EDGE_LOOP ( 'NONE', ( #3462, #1058, #565, #3811 ) ) ;
#2116 = UNCERTAINTY_MEASURE_WITH_UNIT (LENGTH_MEASURE( 1.000000000000000082E-05 ), #2005, 'distance_accuracy_value', 'NONE');
#2117 = CARTESIAN_POINT ( 'NONE',  ( -4.457857272000000037, 10.60782815733333706, -3.500000000000000444 ) ) ;
#2118 = CARTESIAN_POINT ( 'NONE',  ( 2.483869483991667071, 5.400000000000000355, -13.70000000075999935 ) ) ;
#2119 = EDGE_LOOP ( 'NONE', ( #664, #4130, #2798, #2199 ) ) ;
#2120 = ADVANCED_FACE ( 'NONE', ( #262 ), #3980, .T. ) ;
#2121 = CARTESIAN_POINT ( 'NONE',  ( 1.250000000000000000, -0.1569835839999999816, -7.849999999999999645 ) ) ;
#2122 = CARTESIAN_POINT ( 'NONE',  ( 1.425281367379604980, -2.826667339308382321, -14.03069094187436860 ) ) ;
#2123 = B_SPLINE_CURVE_WITH_KNOTS ( 'NONE', 1,
 ( #3577, #631 ),
 .UNSPECIFIED., .F., .F.,
 ( 2, 2 ),
 ( 0.000000000000000000, 1.000000000000000000 ),
 .UNSPECIFIED. ) ;
#2124 =( BOUNDED_CURVE ( )  B_SPLINE_CURVE ( 3, ( #2868, #3820, #4066, #3276 ),
 .UNSPECIFIED., .F., .T. ) 
 B_SPLINE_CURVE_WITH_KNOTS ( ( 4, 4 ),
 ( 0.000000000000000000, 1.570796326794895004 ),
 .UNSPECIFIED. ) 
 CURVE ( )  GEOMETRIC_REPRESENTATION_ITEM ( )  RATIONAL_B_SPLINE_CURVE ( ( 1.000000000000000000, 0.8047378541243649375, 0.8047378541243649375, 1.000000000000000000 ) ) 
 REPRESENTATION_ITEM ( '' )  );
#2125 = CARTESIAN_POINT ( 'NONE',  ( -3.532758042503827411, 8.262696055946568308, -13.69999999999999751 ) ) ;
#2126 = ADVANCED_FACE ( 'NONE', ( #629 ), #1330, .F. ) ;
#2127 = CARTESIAN_POINT ( 'NONE',  ( 1.649999999999999911, 3.833445946000000326, -14.50000000000000000 ) ) ;
#2128 = CARTESIAN_POINT ( 'NONE',  ( 4.500000000000000000, 6.799999999999999822, -3.500000001250000103 ) ) ;
#2129 = STYLED_ITEM ( 'NONE', ( #1899 ), #204 ) ;
#2130 =( NAMED_UNIT ( * ) SI_UNIT ( $, .STERADIAN. ) SOLID_ANGLE_UNIT ( ) );
#2131 = FACE_OUTER_BOUND ( 'NONE', #3864, .T. ) ;
#2132 = CARTESIAN_POINT ( 'NONE',  ( -4.500000000000003553, 0.1656854249999999695, -0.2500000000000003331 ) ) ;
#2133 = ORIENTED_EDGE ( 'NONE', *, *, #3575, .T. ) ;
#2134 = CARTESIAN_POINT ( 'NONE',  ( -4.396446608999998951, 10.40000000000000568, 0.000000000000000000 ) ) ;
#2135 = ORIENTED_EDGE ( 'NONE', *, *, #1409, .T. ) ;
#2136 = CARTESIAN_POINT ( 'NONE',  ( 1.250000000000000000, -2.237038403916352447, -6.838058089176046295 ) ) ;
#2137 = CARTESIAN_POINT ( 'NONE',  ( 1.649999998700000026, 0.2334459459999999875, -14.50000000000000000 ) ) ;
#2138 = VERTEX_POINT ( 'NONE', #2815 ) ;
#2139 = B_SPLINE_CURVE_WITH_KNOTS ( 'NONE', 1,
 ( #4100, #1288 ),
 .UNSPECIFIED., .F., .F.,
 ( 2, 2 ),
 ( 0.000000000000000000, 1.000000000000000000 ),
 .UNSPECIFIED. ) ;
#2140 = COLOUR_RGB ( '',0.7490196078431372584, 0.7490196078431372584, 0.7490196078431372584 ) ;
#2141 = CARTESIAN_POINT ( 'NONE',  ( 1.649999999999999911, 3.833445946000000326, -14.50000000000000000 ) ) ;
#2142 = CARTESIAN_POINT ( 'NONE',  ( -1.201234137992533313, 7.093012407765333371, -10.00000000000000178 ) ) ;
#2143 = CARTESIAN_POINT ( 'NONE',  ( 4.500000000000000000, -3.624000000000000110, -9.500000000000000000 ) ) ;
#2144 = COLOUR_RGB ( '',0.7490196078431372584, 0.7490196078431372584, 0.7490196078431372584 ) ;
#2145 = SURFACE_STYLE_USAGE ( .BOTH. , #902 ) ;
#2146 = B_SPLINE_CURVE_WITH_KNOTS ( 'NONE', 1,
 ( #1571, #2866 ),
 .UNSPECIFIED., .F., .F.,
 ( 2, 2 ),
 ( -1.000000000000000000, 0.000000000000000000 ),
 .UNSPECIFIED. ) ;
#2147 = CARTESIAN_POINT ( 'NONE',  ( 4.049999999923370453, 6.800000002187129411, -12.00000000000000000 ) ) ;
#2148 = ORIENTED_EDGE ( 'NONE', *, *, #864, .F. ) ;
#2149 = STYLED_ITEM ( 'NONE', ( #1580 ), #2397 ) ;
#2150 = EDGE_CURVE ( 'NONE', #1433, #961, #295, .T. ) ;
#2151 = APPLICATION_CONTEXT ( 'automotive_design' ) ;
#2152 = SURFACE_STYLE_FILL_AREA ( #1839 ) ;
#2153 = CARTESIAN_POINT ( 'NONE',  ( -3.200000000000000622, 6.399999998687339264, -10.00000000000000000 ) ) ;
#2154 = ORIENTED_EDGE ( 'NONE', *, *, #2461, .T. ) ;
#2155 = CARTESIAN_POINT ( 'NONE',  ( -4.500000000000000000, 6.799999999999999822, -3.500000000000000000 ) ) ;
#2156 = CARTESIAN_POINT ( 'NONE',  ( -4.099999999999997868, 10.79999999999999716, -0.1035533909999999669 ) ) ;
#2157 = EDGE_LOOP ( 'NONE', ( #885, #1765, #449, #2975 ) ) ;
#2158 = CARTESIAN_POINT ( 'NONE',  ( -0.8445912687299975685, 7.499952380098003246, -9.199999999999999289 ) ) ;
#2159 = CARTESIAN_POINT ( 'NONE',  ( 2.460000000112164908, 5.400000000462570782, -14.09999999999999964 ) ) ;
#2160 = ORIENTED_EDGE ( 'NONE', *, *, #492, .F. ) ;
#2161 = CARTESIAN_POINT ( 'NONE',  ( 4.500000000000000000, 0.3999999999820414986, -11.90000000174999961 ) ) ;
#2162 = FILL_AREA_STYLE_COLOUR ( '', #2140 ) ;
#2163 = CARTESIAN_POINT ( 'NONE',  ( 1.374999999772665848, 6.399999999623981140, -9.199999999999999289 ) ) ;
#2164 = CARTESIAN_POINT ( 'NONE',  ( 4.899999999999999467, -3.643800000000000150, -11.90000000000000036 ) ) ;
#2165 = CARTESIAN_POINT ( 'NONE',  ( 3.950000000000000178, 3.833445945275035349, -14.50000000000000000 ) ) ;
#2166 = CARTESIAN_POINT ( 'NONE',  ( -3.950000000000000178, 3.833445945399999832, -14.50000000000000000 ) ) ;
#2167 = ORIENTED_EDGE ( 'NONE', *, *, #1216, .F. ) ;
#2168 = CARTESIAN_POINT ( 'NONE',  ( -2.152509999999999923, 8.577091902000001156, -14.09999999999999964 ) ) ;
#2169 =( NAMED_UNIT ( * ) PLANE_ANGLE_UNIT ( ) SI_UNIT ( $, .RADIAN. ) );
#2170 = ADVANCED_FACE ( 'NONE', ( #1930 ), #1946, .T. ) ;
#2171 = ORIENTED_EDGE ( 'NONE', *, *, #3353, .F. ) ;
#2172 = CARTESIAN_POINT ( 'NONE',  ( -1.449999999999999734, -0.2990965968385237983, -14.10984126023979535 ) ) ;
#2173 = CARTESIAN_POINT ( 'NONE',  ( -4.500000000000000000, 6.799999999999999822, -12.00000000000000000 ) ) ;
#2174 = EDGE_LOOP ( 'NONE', ( #3732, #2833, #3907, #1919 ) ) ;
#2175 = CARTESIAN_POINT ( 'NONE',  ( 0.1805675744840000152, 7.774999999318001009, -9.199999999999999289 ) ) ;
#2176 = EDGE_LOOP ( 'NONE', ( #3418, #224, #1524, #1842 ) ) ;
#2177 = CARTESIAN_POINT ( 'NONE',  ( 1.250000000000000000, -0.3677808534578610455, -7.500079437333839749 ) ) ;
#2178 = EDGE_CURVE ( 'NONE', #892, #196, #2947, .T. ) ;
#2179 = VERTEX_POINT ( 'NONE', #700 ) ;
#2180 = CARTESIAN_POINT ( 'NONE',  ( 1.649999998700000026, 0.2334459459999999875, -13.70000000000000107 ) ) ;
#2181 =( LENGTH_UNIT ( ) NAMED_UNIT ( * ) SI_UNIT ( .MILLI., .METRE. ) );
#2182 = CARTESIAN_POINT ( 'NONE',  ( 1.449999999661803596, -5.267933308594042074, -13.59646751289456468 ) ) ;
#2183 =( LENGTH_UNIT ( ) NAMED_UNIT ( * ) SI_UNIT ( .MILLI., .METRE. ) );
#2184 = B_SPLINE_CURVE_WITH_KNOTS ( 'NONE', 3,
 ( #299, #2253, #1849, #275, #1866, #3130, #1573, #3489, #2546, #618 ),
 .UNSPECIFIED., .F., .F.,
 ( 4, 2, 2, 2, 4 ),
 ( 0.000000000000000000, 0.7853981633974488341, 1.570796326794897668, 2.356194490192346613, 3.141592653589795336 ),
 .UNSPECIFIED. ) ;
#2185 = SURFACE_STYLE_USAGE ( .BOTH. , #2870 ) ;
#2186 = EDGE_CURVE ( 'NONE', #1568, #931, #2850, .T. ) ;
#2187 =( BOUNDED_CURVE ( )  B_SPLINE_CURVE ( 3, ( #1673, #2943, #456, #2398 ),
 .UNSPECIFIED., .F., .T. ) 
 B_SPLINE_CURVE_WITH_KNOTS ( ( 4, 4 ),
 ( -6.283185307179590673, -3.141592653589795336 ),
 .UNSPECIFIED. ) 
 CURVE ( )  GEOMETRIC_REPRESENTATION_ITEM ( )  RATIONAL_B_SPLINE_CURVE ( ( 1.000000000000000000, 0.3333333335299309419, 0.3333333335299309419, 1.000000000000000000 ) ) 
 REPRESENTATION_ITEM ( '' )  );
#2188 = CARTESIAN_POINT ( 'NONE',  ( -3.864928744088440116, 7.376240230538034126, -13.70000000000000107 ) ) ;
#2189 = CARTESIAN_POINT ( 'NONE',  ( -3.238399999999999945, 9.638400000000000745, -10.00000000000000000 ) ) ;
#2190 = CARTESIAN_POINT ( 'NONE',  ( 4.500000000000000000, 0.4000000002727220338, -12.00000000000000000 ) ) ;
#2191 = EDGE_LOOP ( 'NONE', ( #3554, #1973, #358, #4132, #2272, #1090 ) ) ;
#2192 = B_SPLINE_CURVE_WITH_KNOTS ( 'NONE', 1,
 ( #3870, #1309 ),
 .UNSPECIFIED., .F., .F.,
 ( 2, 2 ),
 ( 0.000000000000000000, 1.000000000000000000 ),
 .UNSPECIFIED. ) ;
#2193 = SURFACE_STYLE_FILL_AREA ( #1521 ) ;
#2194 = CARTESIAN_POINT ( 'NONE',  ( -1.874516601367270496, 9.599999999615532076, 0.000000000000000000 ) ) ;
#2195 = VERTEX_POINT ( 'NONE', #2331 ) ;
#2196 = VERTEX_POINT ( 'NONE', #2289 ) ;
#2197 = MECHANICAL_DESIGN_GEOMETRIC_PRESENTATION_REPRESENTATION (  '', ( #2129 ), #3336 ) ;
#2198 = SURFACE_STYLE_FILL_AREA ( #930 ) ;
#2199 = ORIENTED_EDGE ( 'NONE', *, *, #390, .T. ) ;
#2200 = UNCERTAINTY_MEASURE_WITH_UNIT (LENGTH_MEASURE( 1.000000000000000082E-05 ), #2183, 'distance_accuracy_value', 'NONE');
#2201 = CARTESIAN_POINT ( 'NONE',  ( -1.449999999999999956, -0.1569835848825495150, -13.70000000000000107 ) ) ;
#2202 = ORIENTED_EDGE ( 'NONE', *, *, #534, .T. ) ;
#2203 = FACE_OUTER_BOUND ( 'NONE', #1183, .T. ) ;
#2204 = EDGE_LOOP ( 'NONE', ( #3990, #810, #3127, #1054 ) ) ;
#2205 = EDGE_CURVE ( 'NONE', #1412, #1181, #1069, .T. ) ;
#2206 = CARTESIAN_POINT ( 'NONE',  ( 1.374999998871931917, 3.650000001057898569, -10.00000000000000178 ) ) ;
#2207 = CARTESIAN_POINT ( 'NONE',  ( -1.450000000256600696, -2.532066691835254346, -14.55825431195698805 ) ) ;
#2208 = CARTESIAN_POINT ( 'NONE',  ( 2.449999999999999734, 7.500000000000000000, -13.70000000000000107 ) ) ;
#2209 = B_SPLINE_SURFACE_WITH_KNOTS ( 'NONE', 1, 1, ( 
 ( #976, #1019 ),
 ( #328, #646 ) ),
 .UNSPECIFIED., .F., .F., .F.,
 ( 2, 2 ),
 ( 2, 2 ),
 ( 0.000000000000000000, 1.000000000000000000 ),
 ( 0.000000000000000000, 1.000000000000000000 ),
 .UNSPECIFIED. ) ;
#2210 = CARTESIAN_POINT ( 'NONE',  ( 2.949999999948451190, 7.400000000000002132, -13.89703535457186057 ) ) ;
#2211 = FILL_AREA_STYLE ('',( #1924 ) ) ;
#2212 = CARTESIAN_POINT ( 'NONE',  ( -1.649999999999999911, 3.833445946000000326, -14.50000000000000000 ) ) ;
#2213 = MECHANICAL_DESIGN_GEOMETRIC_PRESENTATION_REPRESENTATION (  '', ( #2021 ), #2556 ) ;
#2214 = EDGE_LOOP ( 'NONE', ( #3170, #889, #2904, #3692, #288, #1291 ) ) ;
#2215 = CARTESIAN_POINT ( 'NONE',  ( -1.250000000000000000, -0.1569835843156680288, -7.849999999999999645 ) ) ;
#2216 = CARTESIAN_POINT ( 'NONE',  ( 1.621584369384733826, 5.006737009148761075, -14.10000000000000142 ) ) ;
#2217 = PRESENTATION_STYLE_ASSIGNMENT (( #4144 ) ) ;
#2218 = STYLED_ITEM ( 'NONE', ( #4126 ), #2994 ) ;
#2219 = ORIENTED_EDGE ( 'NONE', *, *, #3105, .F. ) ;
#2220 = CARTESIAN_POINT ( 'NONE',  ( -2.415863602846887837, 7.224050982403001697, -14.10000000000000142 ) ) ;
#2221 = CARTESIAN_POINT ( 'NONE',  ( 3.950000000000000178, 3.833445945275035349, -14.50000000000000000 ) ) ;
#2222 = CARTESIAN_POINT ( 'NONE',  ( -4.500000000000002665, 10.40000000000000568, -0.1035533909999999669 ) ) ;
#2223 = VERTEX_POINT ( 'NONE', #3546 ) ;
#2224 = CARTESIAN_POINT ( 'NONE',  ( 0.8380591770000002105, 6.400000000000002132, -2.081587955999998130 ) ) ;
#2225 = EDGE_LOOP ( 'NONE', ( #2516, #1982, #1295, #3333 ) ) ;
#2226 = CARTESIAN_POINT ( 'NONE',  ( 1.249999999999999778, -2.109556040081523420, -6.805336374060408033 ) ) ;
#2227 = B_SPLINE_CURVE_WITH_KNOTS ( 'NONE', 1,
 ( #1208, #2830 ),
 .UNSPECIFIED., .F., .F.,
 ( 2, 2 ),
 ( 0.000000000000000000, 1.000000000000000000 ),
 .UNSPECIFIED. ) ;
#2228 = CARTESIAN_POINT ( 'NONE',  ( 1.225735931000000667, 6.400000000000006573, -14.40000000000000568 ) ) ;
#2229 = ADVANCED_FACE ( 'NONE', ( #1363 ), #2566, .F. ) ;
#2230 = ORIENTED_EDGE ( 'NONE', *, *, #1064, .F. ) ;
#2231 =( GEOMETRIC_REPRESENTATION_CONTEXT ( 3 ) GLOBAL_UNCERTAINTY_ASSIGNED_CONTEXT ( ( #3510 ) ) GLOBAL_UNIT_ASSIGNED_CONTEXT ( ( #1287, #2535, #2876 ) ) REPRESENTATION_CONTEXT ( 'NONE', 'WORKASPACE' ) );
#2232 = PRESENTATION_LAYER_ASSIGNMENT (  '', '', ( #1386 ) ) ;
#2233 = CARTESIAN_POINT ( 'NONE',  ( -4.250000000014964918, 0.4000000007000000246, 0.000000000000000000 ) ) ;
#2234 = SURFACE_STYLE_USAGE ( .BOTH. , #3217 ) ;
#2235 = CARTESIAN_POINT ( 'NONE',  ( 2.949999999999999734, 5.400000000000000355, -13.61000000032266044 ) ) ;
#2236 = EDGE_CURVE ( 'NONE', #2862, #1282, #3050, .T. ) ;
#2237 = B_SPLINE_CURVE_WITH_KNOTS ( 'NONE', 3,
 ( #3180, #3248, #307, #3203 ),
 .UNSPECIFIED., .F., .F.,
 ( 4, 4 ),
 ( 0.000000000000000000, 0.5025048036375000526 ),
 .UNSPECIFIED. ) ;
#2238 = FACE_BOUND ( 'NONE', #3377, .T. ) ;
#2239 = CARTESIAN_POINT ( 'NONE',  ( -1.449999999999999956, -0.3677808543892330251, -14.12933590679218021 ) ) ;
#2240 = SURFACE_STYLE_FILL_AREA ( #696 ) ;
#2241 = ORIENTED_EDGE ( 'NONE', *, *, #3687, .T. ) ;
#2242 =( BOUNDED_SURFACE ( )  B_SPLINE_SURFACE ( 1, 3, ( 
 ( #802, #162, #4001, #1445, #543, #1776, #201 ),
 ( #3651, #2454, #3392, #2716, #520, #3082, #458 ) ),
 .UNSPECIFIED., .F., .F., .T. ) 
 B_SPLINE_SURFACE_WITH_KNOTS ( ( 2, 2 ),
 ( 4, 3, 4 ),
 ( 5.551115123125780178E-14, 1.000000000000000000 ),
 ( 0.000000000000000000, 0.5000000000000000000, 1.000000000000000000 ),
 .UNSPECIFIED. ) 
 GEOMETRIC_REPRESENTATION_ITEM ( )  RATIONAL_B_SPLINE_SURFACE ( (
 ( 1.000000000000000000, 0.8047378540760217192, 0.8047378540760217192, 1.000000000000000000, 0.8047378540760217192, 0.8047378540760217192, 1.000000000000000000),
 ( 1.000000000000000000, 0.8047378540760217192, 0.8047378540760217192, 1.000000000000000000, 0.8047378540760217192, 0.8047378540760217192, 1.000000000000000000) ) ) 
 REPRESENTATION_ITEM ( '' )  SURFACE ( )  );
#2243 = CARTESIAN_POINT ( 'NONE',  ( 3.200000000000000178, 6.400000000000000355, 0.000000000000000000 ) ) ;
#2244 = B_SPLINE_CURVE_WITH_KNOTS ( 'NONE', 1,
 ( #4087, #1531 ),
 .UNSPECIFIED., .F., .F.,
 ( 2, 2 ),
 ( 0.000000000000000000, 1.000000000000000000 ),
 .UNSPECIFIED. ) ;
#2245 = ORIENTED_EDGE ( 'NONE', *, *, #731, .F. ) ;
#2246 = CARTESIAN_POINT ( 'NONE',  ( 3.950000000000000178, 5.400000000000000355, -13.70000000000000107 ) ) ;
#2247 = CARTESIAN_POINT ( 'NONE',  ( 3.950000000333335315, 5.299999998649330024, -12.00000000000000000 ) ) ;
#2248 = B_SPLINE_SURFACE_WITH_KNOTS ( 'NONE', 1, 1, ( 
 ( #392, #1060 ),
 ( #1733, #2307 ) ),
 .UNSPECIFIED., .F., .F., .F.,
 ( 2, 2 ),
 ( 2, 2 ),
 ( 0.000000000000000000, 1.000000000000000000 ),
 ( 0.000000000000000000, 1.000000000000000000 ),
 .UNSPECIFIED. ) ;
#2249 = ORIENTED_EDGE ( 'NONE', *, *, #1700, .T. ) ;
#2250 = UNCERTAINTY_MEASURE_WITH_UNIT (LENGTH_MEASURE( 1.000000000000000082E-05 ), #3466, 'distance_accuracy_value', 'NONE');
#2251 = CARTESIAN_POINT ( 'NONE',  ( -1.449999999777961790, -0.1569835848586045024, -14.09999999989426200 ) ) ;
#2252 = CARTESIAN_POINT ( 'NONE',  ( -1.350000000000000977, 9.099999999999997868, -14.27573593100000160 ) ) ;
#2253 = CARTESIAN_POINT ( 'NONE',  ( 1.000000000009999557, 6.137356260018665743, -9.199999999999999289 ) ) ;
#2254 = CARTESIAN_POINT ( 'NONE',  ( 4.099999999917959492, 10.80000000000000071, -0.2500000000000000000 ) ) ;
#2255 = FILL_AREA_STYLE_COLOUR ( '', #2746 ) ;
#2256 = PRESENTATION_STYLE_ASSIGNMENT (( #2185 ) ) ;
#2257 = B_SPLINE_CURVE_WITH_KNOTS ( 'NONE', 1,
 ( #3976, #3664 ),
 .UNSPECIFIED., .F., .F.,
 ( 2, 2 ),
 ( 0.000000000000000000, 1.000000000000000000 ),
 .UNSPECIFIED. ) ;
#2258 = ADVANCED_FACE ( 'NONE', ( #4032 ), #3366, .F. ) ;
#2259 = CARTESIAN_POINT ( 'NONE',  ( -1.460704260000000199, 10.13383490120400054, -12.00000000000000178 ) ) ;
#2260 = CARTESIAN_POINT ( 'NONE',  ( -1.450000000324890070, -2.397910676604904978, -14.17663859323592135 ) ) ;
#2261 = CARTESIAN_POINT ( 'NONE',  ( 3.199999999333335232, 6.400000001041780351, 0.000000000000000000 ) ) ;
#2262 = CARTESIAN_POINT ( 'NONE',  ( -1.449999999708752041, 4.846576363024159839, -14.09999999989426200 ) ) ;
#2263 = CARTESIAN_POINT ( 'NONE',  ( -4.500000000000000000, 10.40000000000000036, -12.00000000000000000 ) ) ;
#2264 = EDGE_CURVE ( 'NONE', #2781, #1110, #952, .T. ) ;
#2265 = CARTESIAN_POINT ( 'NONE',  ( 1.250000000000000000, -0.4921630309562550210, -7.773168881016840892 ) ) ;
#2266 = CARTESIAN_POINT ( 'NONE',  ( -1.250000000000000000, -2.519553478000000180, -6.799068392000000571 ) ) ;
#2267 = ORIENTED_EDGE ( 'NONE', *, *, #2803, .F. ) ;
#2268 = CARTESIAN_POINT ( 'NONE',  ( -1.249999999889618074, -2.504526319923234823, -6.985058561904160079 ) ) ;
#2269 = CARTESIAN_POINT ( 'NONE',  ( 1.349999999646215976, 6.399999999982130205, -14.09999999999999964 ) ) ;
#2270 =( BOUNDED_SURFACE ( )  B_SPLINE_SURFACE ( 1, 3, ( 
 ( #1190, #2463, #2826, #1230 ),
 ( #2507, #2182, #3216, #2207 ) ),
 .UNSPECIFIED., .F., .F., .F. ) 
 B_SPLINE_SURFACE_WITH_KNOTS ( ( 2, 2 ),
 ( 4, 4 ),
 ( 0.000000000000000000, 1.000000000000000000 ),
 ( 0.000000000000000000, 1.000000000000000000 ),
 .UNSPECIFIED. ) 
 GEOMETRIC_REPRESENTATION_ITEM ( )  RATIONAL_B_SPLINE_SURFACE ( (
 ( 1.000000000000000000, 0.3333333335299311084, 0.3333333335299311084, 1.000000000000000000),
 ( 1.000000000000000000, 0.3333333335299311084, 0.3333333335299311084, 1.000000000000000000) ) ) 
 REPRESENTATION_ITEM ( '' )  SURFACE ( )  );
#2271 = SURFACE_STYLE_USAGE ( .BOTH. , #2586 ) ;
#2272 = ORIENTED_EDGE ( 'NONE', *, *, #3609, .T. ) ;
#2273 = CARTESIAN_POINT ( 'NONE',  ( -4.500000000000000000, 10.39999999994530100, -3.500000001250000103 ) ) ;
#2274 = ORIENTED_EDGE ( 'NONE', *, *, #2671, .F. ) ;
#2275 = CARTESIAN_POINT ( 'NONE',  ( 2.949999999999999734, 7.400000000000000355, -12.05999999999999872 ) ) ;
#2276 = MECHANICAL_DESIGN_GEOMETRIC_PRESENTATION_REPRESENTATION (  '', ( #122 ), #2810 ) ;
#2277 = CARTESIAN_POINT ( 'NONE',  ( 1.464729109999999945, -2.614563276000000158, -14.52925285299999913 ) ) ;
#2278 = CARTESIAN_POINT ( 'NONE',  ( 0.9999999991795871512, 4.400000000769380470, -9.200000000000001066 ) ) ;
#2279 = CARTESIAN_POINT ( 'NONE',  ( 0.5031599039999999912, 10.49999999695499930, -11.99999999999999822 ) ) ;
#2280 = PRESENTATION_STYLE_ASSIGNMENT (( #3620 ) ) ;
#2281 = SURFACE_SIDE_STYLE ('',( #3565 ) ) ;
#2282 = CARTESIAN_POINT ( 'NONE',  ( -6.563302607063239076E-10, 9.600000000000001421, -10.00000000000000000 ) ) ;
#2283 = CARTESIAN_POINT ( 'NONE',  ( -1.874516601367269386, 9.599999999615532076, 0.000000000000000000 ) ) ;
#2284 = SURFACE_STYLE_USAGE ( .BOTH. , #3801 ) ;
#2285 = ADVANCED_BREP_SHAPE_REPRESENTATION ( 'KLDX-0202-AC', ( #775, #2980 ), #1111 ) ;
#2286 = CARTESIAN_POINT ( 'NONE',  ( -1.449999999999999956, -0.2657212531475218187, -13.70000000000000107 ) ) ;
#2287 =( GEOMETRIC_REPRESENTATION_CONTEXT ( 3 ) GLOBAL_UNCERTAINTY_ASSIGNED_CONTEXT ( ( #3335 ) ) GLOBAL_UNIT_ASSIGNED_CONTEXT ( ( #1235, #305, #375 ) ) REPRESENTATION_CONTEXT ( 'NONE', 'WORKASPACE' ) );
#2288 =( NAMED_UNIT ( * ) SI_UNIT ( $, .STERADIAN. ) SOLID_ANGLE_UNIT ( ) );
#2289 = CARTESIAN_POINT ( 'NONE',  ( -1.447360780311150119, -2.481903027443725041, -14.15189193987129990 ) ) ;
#2290 = ORIENTED_EDGE ( 'NONE', *, *, #3947, .F. ) ;
#2291 = CARTESIAN_POINT ( 'NONE',  ( -1.447360780074889997, -2.614563275801400355, -14.52925285264158006 ) ) ;
#2292 = EDGE_CURVE ( 'NONE', #1592, #982, #1705, .T. ) ;
#2293 = CARTESIAN_POINT ( 'NONE',  ( -1.450000001189809762, 0.2334459467167515068, -13.70000000000000107 ) ) ;
#2294 =( GEOMETRIC_REPRESENTATION_CONTEXT ( 3 ) GLOBAL_UNCERTAINTY_ASSIGNED_CONTEXT ( ( #3838 ) ) GLOBAL_UNIT_ASSIGNED_CONTEXT ( ( #1073, #1410, #3905 ) ) REPRESENTATION_CONTEXT ( 'NONE', 'WORKASPACE' ) );
#2295 = ORIENTED_EDGE ( 'NONE', *, *, #3128, .T. ) ;
#2296 = UNCERTAINTY_MEASURE_WITH_UNIT (LENGTH_MEASURE( 1.000000000000000082E-05 ), #1120, 'distance_accuracy_value', 'NONE');
#2297 = ADVANCED_FACE ( 'NONE', ( #1773 ), #2458, .F. ) ;
#2298 = VERTEX_POINT ( 'NONE', #112 ) ;
#2299 =( GEOMETRIC_REPRESENTATION_CONTEXT ( 3 ) GLOBAL_UNCERTAINTY_ASSIGNED_CONTEXT ( ( #1005 ) ) GLOBAL_UNIT_ASSIGNED_CONTEXT ( ( #919, #3113, #3465 ) ) REPRESENTATION_CONTEXT ( 'NONE', 'WORKASPACE' ) );
#2300 = FILL_AREA_STYLE ('',( #2323 ) ) ;
#2301 = CARTESIAN_POINT ( 'NONE',  ( -1.249999998933331913, 0.000000000000000000, -7.550000000879180995 ) ) ;
#2302 = CARTESIAN_POINT ( 'NONE',  ( -0.8601000500000004489, 4.679799900000005231, -2.206587956000000350 ) ) ;
#2303 = CARTESIAN_POINT ( 'NONE',  ( -1.250000000000000222, -0.2995910744652258706, -7.533074564458650535 ) ) ;
#2304 = EDGE_CURVE ( 'NONE', #3617, #4022, #2955, .T. ) ;
#2305 = PRESENTATION_LAYER_ASSIGNMENT (  '', '', ( #2437 ) ) ;
#2306 = CARTESIAN_POINT ( 'NONE',  ( -2.293622339999999760, 9.683958505787996884, -11.99999999999999822 ) ) ;
#2307 = CARTESIAN_POINT ( 'NONE',  ( 4.599999999999999645, 4.000000000000000000, -11.90000000000000036 ) ) ;
#2308 = CARTESIAN_POINT ( 'NONE',  ( 4.500000000000000000, 10.40000000000000036, -0.2499999999871810041 ) ) ;
#2309 = CARTESIAN_POINT ( 'NONE',  ( 4.899999999999999467, -2.715172477837260789, -11.90000000000000213 ) ) ;
#2310 = PRESENTATION_LAYER_ASSIGNMENT (  '', '', ( #1896 ) ) ;
#2311 = CARTESIAN_POINT ( 'NONE',  ( -4.499999999903883108, 0.1656854249328362227, -0.2500000000000000000 ) ) ;
#2312 = CARTESIAN_POINT ( 'NONE',  ( -1.649999999999999911, 0.2334459459999999875, -13.70000000000000107 ) ) ;
#2313 = PRESENTATION_STYLE_ASSIGNMENT (( #421 ) ) ;
#2314 = ORIENTED_EDGE ( 'NONE', *, *, #2519, .F. ) ;
#2315 = CARTESIAN_POINT ( 'NONE',  ( 1.875000000523904919, 5.400000000508909714, -14.09999999999999964 ) ) ;
#2316 = CARTESIAN_POINT ( 'NONE',  ( 4.868392947999999443, 3.855871125333333094, -11.89999999999999858 ) ) ;
#2317 = B_SPLINE_CURVE_WITH_KNOTS ( 'NONE', 3,
 ( #3252, #1651, #382, #59 ),
 .UNSPECIFIED., .F., .F.,
 ( 4, 4 ),
 ( -0.0005234451534684219851, -0.0004364769676112580316 ),
 .UNSPECIFIED. ) ;
#2318 =( NAMED_UNIT ( * ) SI_UNIT ( $, .STERADIAN. ) SOLID_ANGLE_UNIT ( ) );
#2319 = CARTESIAN_POINT ( 'NONE',  ( 1.875000000024714897, 5.400000000046340176, -13.70000000025334153 ) ) ;
#2320 = ADVANCED_FACE ( 'NONE', ( #1736 ), #1949, .F. ) ;
#2321 = FILL_AREA_STYLE_COLOUR ( '', #1874 ) ;
#2322 = EDGE_LOOP ( 'NONE', ( #1539, #2045, #4149, #1326, #3238, #2171 ) ) ;
#2323 = FILL_AREA_STYLE_COLOUR ( '', #2834 ) ;
#2324 = EDGE_CURVE ( 'NONE', #439, #1827, #2497, .T. ) ;
#2325 = SURFACE_SIDE_STYLE ('',( #2644 ) ) ;
#2326 = ORIENTED_EDGE ( 'NONE', *, *, #1704, .F. ) ;
#2327 = CARTESIAN_POINT ( 'NONE',  ( 2.907616427999998532, 9.148644288357004939, -11.99999999999999822 ) ) ;
#2328 = CARTESIAN_POINT ( 'NONE',  ( 4.899999999999999467, 3.699999999958980101, -9.500000000000000000 ) ) ;
#2329 = CARTESIAN_POINT ( 'NONE',  ( -3.199999997374679328, 2.462013232173987376E-09, -10.00000000000000000 ) ) ;
#2330 = CARTESIAN_POINT ( 'NONE',  ( -4.500000000000000000, 0.4000000000000000222, -12.00000000000000000 ) ) ;
#2331 = CARTESIAN_POINT ( 'NONE',  ( -3.950000000000000178, 0.2334459459999999875, -14.50000000000000000 ) ) ;
#2332 = VERTEX_POINT ( 'NONE', #1718 ) ;
#2333 = CARTESIAN_POINT ( 'NONE',  ( 2.460000000112164908, 5.400000000462570782, -14.09999999999999964 ) ) ;
#2334 = FACE_OUTER_BOUND ( 'NONE', #687, .T. ) ;
#2335 = UNCERTAINTY_MEASURE_WITH_UNIT (LENGTH_MEASURE( 1.000000000000000082E-05 ), #3721, 'distance_accuracy_value', 'NONE');
#2336 = FILL_AREA_STYLE_COLOUR ( '', #484 ) ;
#2337 = CARTESIAN_POINT ( 'NONE',  ( 4.099999999961529973, -2.574980159653075003E-16, -0.2500000000240429898 ) ) ;
#2338 = CARTESIAN_POINT ( 'NONE',  ( -0.6212648889999999868, 7.021264889000000231, -2.000000000000000000 ) ) ;
#2339 = ORIENTED_EDGE ( 'NONE', *, *, #827, .F. ) ;
#2340 = ADVANCED_FACE ( 'NONE', ( #2772 ), #3237, .T. ) ;
#2341 = SURFACE_STYLE_USAGE ( .BOTH. , #2003 ) ;
#2342 = CARTESIAN_POINT ( 'NONE',  ( -3.866687463000001657, 7.789454745590001394, -12.00000000000000178 ) ) ;
#2343 = CARTESIAN_POINT ( 'NONE',  ( -0.8601000500000004489, 8.120200100000003474, -2.206587956000000350 ) ) ;
#2344 = EDGE_LOOP ( 'NONE', ( #616, #1344 ) ) ;
#2345 = EDGE_CURVE ( 'NONE', #2420, #2627, #1792, .T. ) ;
#2346 = STYLED_ITEM ( 'NONE', ( #424 ), #172 ) ;
#2347 = CARTESIAN_POINT ( 'NONE',  ( 4.049999999999999822, 6.799999999999999822, -3.500000000000000000 ) ) ;
#2348 = FILL_AREA_STYLE ('',( #2668 ) ) ;
#2349 = CARTESIAN_POINT ( 'NONE',  ( 1.649999999999999911, 3.833445946000000326, -13.70000000000000107 ) ) ;
#2350 = CARTESIAN_POINT ( 'NONE',  ( -0.5857864375170659388, 7.400000000120148691, -9.199999999999999289 ) ) ;
#2351 = SURFACE_SIDE_STYLE ('',( #2919 ) ) ;
#2352 = ORIENTED_EDGE ( 'NONE', *, *, #2466, .F. ) ;
#2353 = SHAPE_DEFINITION_REPRESENTATION ( #2427, #2285 ) ;
#2354 = B_SPLINE_CURVE_WITH_KNOTS ( 'NONE', 1,
 ( #442, #1723 ),
 .UNSPECIFIED., .F., .F.,
 ( 2, 2 ),
 ( 0.000000000000000000, 1.000000000000000000 ),
 .UNSPECIFIED. ) ;
#2355 = ADVANCED_FACE ( 'NONE', ( #4095 ), #3027, .F. ) ;
#2356 = PRESENTATION_LAYER_ASSIGNMENT (  '', '', ( #3685 ) ) ;
#2357 = FILL_AREA_STYLE ('',( #3233 ) ) ;
#2358 = B_SPLINE_CURVE_WITH_KNOTS ( 'NONE', 1,
 ( #3938, #2791 ),
 .UNSPECIFIED., .F., .F.,
 ( 2, 2 ),
 ( -1.000000000000000000, 0.000000000000000000 ),
 .UNSPECIFIED. ) ;
#2359 = CARTESIAN_POINT ( 'NONE',  ( 3.950000000333335315, 0.2334459454116664945, -12.00000000000000000 ) ) ;
#2360 = PRESENTATION_LAYER_ASSIGNMENT (  '', '', ( #2021 ) ) ;
#2361 = CARTESIAN_POINT ( 'NONE',  ( 1.250000000000000000, -2.219897943239924842, -7.170956061292850237 ) ) ;
#2362 = ORIENTED_EDGE ( 'NONE', *, *, #777, .T. ) ;
#2363 = CARTESIAN_POINT ( 'NONE',  ( -0.5213896129456654371, 7.292823954729668046, -9.199999999999997513 ) ) ;
#2364 = EDGE_CURVE ( 'NONE', #4022, #1803, #3246, .T. ) ;
#2365 = CARTESIAN_POINT ( 'NONE',  ( 2.550000000091665164, 7.400000000000000355, -13.61000000030563939 ) ) ;
#2366 = CARTESIAN_POINT ( 'NONE',  ( 0.8601000500000000049, 6.399999999823590358, -2.206587955999999906 ) ) ;
#2367 = ORIENTED_EDGE ( 'NONE', *, *, #1700, .F. ) ;
#2368 = FILL_AREA_STYLE_COLOUR ( '', #692 ) ;
#2369 = EDGE_CURVE ( 'NONE', #1907, #207, #2550, .T. ) ;
#2370 = CARTESIAN_POINT ( 'NONE',  ( 4.396446608999997174, 10.57365440299999371, 0.000000000000000000 ) ) ;
#2371 = UNCERTAINTY_MEASURE_WITH_UNIT (LENGTH_MEASURE( 1.000000000000000082E-05 ), #2584, 'distance_accuracy_value', 'NONE');
#2372 = CARTESIAN_POINT ( 'NONE',  ( -3.950000000000000178, 0.2334459459999999875, -12.00000000000000000 ) ) ;
#2373 = CARTESIAN_POINT ( 'NONE',  ( 3.950000000000000178, 3.833445945671605237, -13.70000000000000107 ) ) ;
#2374 = EDGE_LOOP ( 'NONE', ( #108, #3214, #2505, #1000, #1104, #313, #1074, #1447, #3389, #152, #3309 ) ) ;
#2375 = DIRECTION ( 'NONE',  ( 0.000000000000000000, 0.000000000000000000, 1.000000000000000000 ) ) ;
#2376 = CARTESIAN_POINT ( 'NONE',  ( -0.1726875895257057314, 8.946691179861330667, -14.09999999999999787 ) ) ;
#2377 = CARTESIAN_POINT ( 'NONE',  ( 2.949999999999999734, 5.400000000000000355, -12.05999999999999872 ) ) ;
#2378 = CARTESIAN_POINT ( 'NONE',  ( 0.1805675707733331858, 5.024999997747200631, -10.00000000000000000 ) ) ;
#2379 = EDGE_CURVE ( 'NONE', #3706, #608, #497, .T. ) ;
#2380 = CARTESIAN_POINT ( 'NONE',  ( 4.500000000000000888, 0.3999999999281652618, -12.00000000000000000 ) ) ;
#2381 = CARTESIAN_POINT ( 'NONE',  ( 1.000000000000000000, 6.399999999589800481, -3.000000000000000000 ) ) ;
#2382 = ORIENTED_EDGE ( 'NONE', *, *, #4, .F. ) ;
#2383 = CARTESIAN_POINT ( 'NONE',  ( 1.250000000000000000, -1.979086840863834906, -7.109145532928790701 ) ) ;
#2384 =( BOUNDED_CURVE ( )  B_SPLINE_CURVE ( 3, ( #130, #53, #1017, #2282, #3566, #415, #1703 ),
 .UNSPECIFIED., .F., .T. ) 
 B_SPLINE_CURVE_WITH_KNOTS ( ( 4, 3, 4 ),
 ( -3.141592653589795336, -1.570796326794897668, 0.000000000000000000 ),
 .UNSPECIFIED. ) 
 CURVE ( )  GEOMETRIC_REPRESENTATION_ITEM ( )  RATIONAL_B_SPLINE_CURVE ( ( 1.000000000000000000, 0.8047378540760217192, 0.8047378540760217192, 1.000000000000000000, 0.8047378540760217192, 0.8047378540760217192, 1.000000000000000000 ) ) 
 REPRESENTATION_ITEM ( '' )  );
#2385 = CARTESIAN_POINT ( 'NONE',  ( 1.449999999999999956, 4.846576362000000415, -13.70000000000000107 ) ) ;
#2386 = CARTESIAN_POINT ( 'NONE',  ( 4.600000000020509461, 4.000000000000000000, -9.500000000000000000 ) ) ;
#2387 = VERTEX_POINT ( 'NONE', #580 ) ;
#2388 = CARTESIAN_POINT ( 'NONE',  ( -1.250000000000000000, -2.219897943239924842, -7.170956061292850237 ) ) ;
#2389 = CARTESIAN_POINT ( 'NONE',  ( 4.899999999999999467, -2.400000001292969642, -9.500000000000000000 ) ) ;
#2390 = B_SPLINE_SURFACE_WITH_KNOTS ( 'NONE', 1, 1, ( 
 ( #566, #2168 ),
 ( #4054, #3432 ) ),
 .UNSPECIFIED., .F., .F., .F.,
 ( 2, 2 ),
 ( 2, 2 ),
 ( 0.000000000000000000, 1.000000000000000000 ),
 ( 0.000000000000000000, 1.000000000000000000 ),
 .UNSPECIFIED. ) ;
#2391 = ADVANCED_FACE ( 'NONE', ( #1900, #1234 ), #2394, .T. ) ;
#2392 = CARTESIAN_POINT ( 'NONE',  ( 0.6138981110000001351, 7.627796222999993603, -2.000000000000000444 ) ) ;
#2393 = CARTESIAN_POINT ( 'NONE',  ( 4.500000000000000000, 10.40000000000000036, -0.2499999999871810041 ) ) ;
#2394 = B_SPLINE_SURFACE_WITH_KNOTS ( 'NONE', 1, 1, ( 
 ( #975, #2189 ),
 ( #536, #281 ) ),
 .UNSPECIFIED., .F., .F., .F.,
 ( 2, 2 ),
 ( 2, 2 ),
 ( 0.000000000000000000, 1.000000000000000000 ),
 ( 0.000000000000000000, 1.000000000000000000 ),
 .UNSPECIFIED. ) ;
#2395 = ORIENTED_EDGE ( 'NONE', *, *, #3129, .F. ) ;
#2396 = CARTESIAN_POINT ( 'NONE',  ( 1.250000000000000000, -1.979086840999999763, -7.109145533000000405 ) ) ;
#2397 = ADVANCED_FACE ( 'NONE', ( #1192 ), #1128, .F. ) ;
#2398 = CARTESIAN_POINT ( 'NONE',  ( 1.000000000000000000, 6.399999999589800481, -3.000000000000000000 ) ) ;
#2399 = CARTESIAN_POINT ( 'NONE',  ( 1.764795906666667191, 5.193367328530540838, -13.70000000000000107 ) ) ;
#2400 = CARTESIAN_POINT ( 'NONE',  ( -1.000000000000000000, 6.985786437722169673, -3.000000000000000000 ) ) ;
#2401 = VERTEX_POINT ( 'NONE', #2808 ) ;
#2402 = CARTESIAN_POINT ( 'NONE',  ( 2.449999999999999734, 5.299999999271410189, -13.70000000000000107 ) ) ;
#2403 = EDGE_LOOP ( 'NONE', ( #1699, #2666, #2501, #1169 ) ) ;
#2404 = ORIENTED_EDGE ( 'NONE', *, *, #3809, .T. ) ;
#2405 =( BOUNDED_CURVE ( )  B_SPLINE_CURVE ( 3, ( #2908, #340, #1370, #1323 ),
 .UNSPECIFIED., .F., .T. ) 
 B_SPLINE_CURVE_WITH_KNOTS ( ( 4, 4 ),
 ( 0.000000000000000000, 1.570796326794895004 ),
 .UNSPECIFIED. ) 
 CURVE ( )  GEOMETRIC_REPRESENTATION_ITEM ( )  RATIONAL_B_SPLINE_CURVE ( ( 1.000000000000000000, 0.8047378541243649375, 0.8047378541243649375, 1.000000000000000000 ) ) 
 REPRESENTATION_ITEM ( '' )  );
#2406 = SURFACE_STYLE_USAGE ( .BOTH. , #109 ) ;
#2407 = CARTESIAN_POINT ( 'NONE',  ( 4.500000000000000000, -2.400000000471834483, -9.500000000000000000 ) ) ;
#2408 = CARTESIAN_POINT ( 'NONE',  ( 2.455000000236164936, 7.400000000395420052, -13.70000000020266029 ) ) ;
#2409 = B_SPLINE_CURVE_WITH_KNOTS ( 'NONE', 1,
 ( #3313, #3135 ),
 .UNSPECIFIED., .F., .F.,
 ( 2, 2 ),
 ( 0.000000000000000000, 1.000000000000000000 ),
 .UNSPECIFIED. ) ;
#2410 = PRESENTATION_LAYER_ASSIGNMENT (  '', '', ( #2010 ) ) ;
#2411 = CARTESIAN_POINT ( 'NONE',  ( 4.899999999999999467, 3.699999999876937284, -11.90000000000000036 ) ) ;
#2412 = CARTESIAN_POINT ( 'NONE',  ( -1.249999999889618074, -2.504526319923234823, -6.985058561904160079 ) ) ;
#2413 = EDGE_CURVE ( 'NONE', #25, #3861, #1465, .T. ) ;
#2414 = ORIENTED_EDGE ( 'NONE', *, *, #2981, .F. ) ;
#2415 = B_SPLINE_CURVE_WITH_KNOTS ( 'NONE', 1,
 ( #620, #969 ),
 .UNSPECIFIED., .F., .F.,
 ( 2, 2 ),
 ( 0.000000000000000000, 1.000000000000000000 ),
 .UNSPECIFIED. ) ;
#2416 = CARTESIAN_POINT ( 'NONE',  ( 4.099999999500000492, 0.2499999999850344989, 0.000000000000000000 ) ) ;
#2417 = CARTESIAN_POINT ( 'NONE',  ( 1.449999999999999956, -0.1569835848825495150, -13.70000000000000107 ) ) ;
#2418 = CARTESIAN_POINT ( 'NONE',  ( 4.499999999957919883, 0.1656854248392977680, -0.2500000000000000000 ) ) ;
#2419 = SURFACE_STYLE_USAGE ( .BOTH. , #1467 ) ;
#2420 = VERTEX_POINT ( 'NONE', #4072 ) ;
#2421 =( GEOMETRIC_REPRESENTATION_CONTEXT ( 3 ) GLOBAL_UNCERTAINTY_ASSIGNED_CONTEXT ( ( #3968 ) ) GLOBAL_UNIT_ASSIGNED_CONTEXT ( ( #3814, #296, #2503 ) ) REPRESENTATION_CONTEXT ( 'NONE', 'WORKASPACE' ) );
#2422 = CARTESIAN_POINT ( 'NONE',  ( 1.001950463999995655, 10.40662188399999799, -3.500000000000000000 ) ) ;
#2423 = ORIENTED_EDGE ( 'NONE', *, *, #2612, .T. ) ;
#2424 = UNCERTAINTY_MEASURE_WITH_UNIT (LENGTH_MEASURE( 1.000000000000000082E-05 ), #2549, 'distance_accuracy_value', 'NONE');
#2425 = COLOUR_RGB ( '',0.7490196078431372584, 0.7490196078431372584, 0.7490196078431372584 ) ;
#2426 = CARTESIAN_POINT ( 'NONE',  ( 2.460000000034622047, 5.400000000000000355, -13.70000000000000107 ) ) ;
#2427 = PRODUCT_DEFINITION_SHAPE ( 'NONE', 'NONE',  #655 ) ;
#2428 = CARTESIAN_POINT ( 'NONE',  ( -1.000000000000000000, 6.399999999910209958, -3.000000000000000000 ) ) ;
#2429 = VERTEX_POINT ( 'NONE', #2491 ) ;
#2430 = PRESENTATION_STYLE_ASSIGNMENT (( #2406 ) ) ;
#2431 = CARTESIAN_POINT ( 'NONE',  ( -0.3593670334378651909, 7.739434576503470886, -10.00000000000000178 ) ) ;
#2432 = MECHANICAL_DESIGN_GEOMETRIC_PRESENTATION_REPRESENTATION (  '', ( #1813 ), #3149 ) ;
#2433 = PRESENTATION_STYLE_ASSIGNMENT (( #3426 ) ) ;
#2434 = ADVANCED_FACE ( 'NONE', ( #3760 ), #508, .T. ) ;
#2435 = CARTESIAN_POINT ( 'NONE',  ( -1.000000000000000000, 6.985786437722169673, -9.199999999999999289 ) ) ;
#2436 = ORIENTED_EDGE ( 'NONE', *, *, #3783, .F. ) ;
#2437 = STYLED_ITEM ( 'NONE', ( #2104 ), #3764 ) ;
#2438 = CARTESIAN_POINT ( 'NONE',  ( 2.550000000091665164, 5.400000000000000355, -12.05999999999999872 ) ) ;
#2439 = CARTESIAN_POINT ( 'NONE',  ( 1.250000000000000000, -1.761305987863900135, -7.159066095794660356 ) ) ;
#2440 = ORIENTED_EDGE ( 'NONE', *, *, #2519, .T. ) ;
#2441 = EDGE_CURVE ( 'NONE', #3677, #3269, #850, .T. ) ;
#2442 = CARTESIAN_POINT ( 'NONE',  ( -2.371354574999998466, 9.775108589333338927, -3.500000000000000888 ) ) ;
#2443 =( NAMED_UNIT ( * ) SI_UNIT ( $, .STERADIAN. ) SOLID_ANGLE_UNIT ( ) );
#2444 = VERTEX_POINT ( 'NONE', #2579 ) ;
#2445 = EDGE_CURVE ( 'NONE', #2719, #2889, #2192, .T. ) ;
#2446 = CARTESIAN_POINT ( 'NONE',  ( 1.250000000000000000, 0.000000000000000000, -7.849999999999999645 ) ) ;
#2447 = B_SPLINE_CURVE_WITH_KNOTS ( 'NONE', 1,
 ( #2301, #1350 ),
 .UNSPECIFIED., .F., .F.,
 ( 2, 2 ),
 ( 0.000000000000000000, 1.000000000000000000 ),
 .UNSPECIFIED. ) ;
#2448 = FACE_OUTER_BOUND ( 'NONE', #2723, .T. ) ;
#2449 = CARTESIAN_POINT ( 'NONE',  ( 4.100000000000000533, 0.2499999999551034136, -4.482457593107257935E-17 ) ) ;
#2450 = SURFACE_STYLE_FILL_AREA ( #1180 ) ;
#2451 = ORIENTED_EDGE ( 'NONE', *, *, #1398, .T. ) ;
#2452 = B_SPLINE_SURFACE_WITH_KNOTS ( 'NONE', 1, 1, ( 
 ( #4018, #2338 ),
 ( #2023, #102 ) ),
 .UNSPECIFIED., .F., .F., .F.,
 ( 2, 2 ),
 ( 2, 2 ),
 ( 0.000000000000000000, 1.000000000000000000 ),
 ( 0.000000000000000000, 1.000000000000000000 ),
 .UNSPECIFIED. ) ;
#2453 = CARTESIAN_POINT ( 'NONE',  ( -1.449999999999999956, -1.470940894125200016, -14.02664587966100029 ) ) ;
#2454 = CARTESIAN_POINT ( 'NONE',  ( -1.375000000000000222, 7.205456351867982612, -10.00000000000000000 ) ) ;
#2455 = CARTESIAN_POINT ( 'NONE',  ( 4.099999999846124510, 8.673617379884035472E-16, -0.2500000000000000000 ) ) ;
#2456 = CARTESIAN_POINT ( 'NONE',  ( 1.250000000000000000, -2.519553478000000180, -7.849999999999999645 ) ) ;
#2457 = EDGE_LOOP ( 'NONE', ( #245, #652, #3142, #265 ) ) ;
#2458 = B_SPLINE_SURFACE_WITH_KNOTS ( 'NONE', 1, 1, ( 
 ( #3995, #3061 ),
 ( #1496, #2127 ) ),
 .UNSPECIFIED., .F., .F., .F.,
 ( 2, 2 ),
 ( 2, 2 ),
 ( 0.000000000000000000, 1.000000000000000000 ),
 ( 0.000000000000000000, 1.000000000000000000 ),
 .UNSPECIFIED. ) ;
#2459 = FILL_AREA_STYLE_COLOUR ( '', #3227 ) ;
#2460 = ORIENTED_EDGE ( 'NONE', *, *, #3405, .F. ) ;
#2461 = EDGE_CURVE ( 'NONE', #1568, #2493, #4111, .T. ) ;
#2462 = ORIENTED_EDGE ( 'NONE', *, *, #1661, .F. ) ;
#2463 = CARTESIAN_POINT ( 'NONE',  ( 1.450000000384186638, -5.132972359638533710, -13.21256209917582680 ) ) ;
#2464 =( LENGTH_UNIT ( ) NAMED_UNIT ( * ) SI_UNIT ( .MILLI., .METRE. ) );
#2465 =( NAMED_UNIT ( * ) SI_UNIT ( $, .STERADIAN. ) SOLID_ANGLE_UNIT ( ) );
#2466 = EDGE_CURVE ( 'NONE', #1449, #1931, #343, .T. ) ;
#2467 = CARTESIAN_POINT ( 'NONE',  ( -1.250000000000000000, -2.219897942965268101, -7.170956061229770917 ) ) ;
#2468 = CARTESIAN_POINT ( 'NONE',  ( -4.500000000000000000, 10.39999999995898072, -0.2500000000240429898 ) ) ;
#2469 = CARTESIAN_POINT ( 'NONE',  ( 4.600000000020509461, 4.000000000000000000, -9.500000000000000000 ) ) ;
#2470 = CARTESIAN_POINT ( 'NONE',  ( 1.450000000150617252, 4.846576361849991521, -14.09999999999999964 ) ) ;
#2471 = FACE_OUTER_BOUND ( 'NONE', #904, .T. ) ;
#2472 = EDGE_LOOP ( 'NONE', ( #2480, #4026, #3069, #2844 ) ) ;
#2473 =( LENGTH_UNIT ( ) NAMED_UNIT ( * ) SI_UNIT ( .MILLI., .METRE. ) );
#2474 = CARTESIAN_POINT ( 'NONE',  ( -3.950000000333335315, 0.2334459454116664945, -12.00000000000000000 ) ) ;
#2475 = CARTESIAN_POINT ( 'NONE',  ( 4.099999999500000492, 0.2499999999850344989, 0.000000000000000000 ) ) ;
#2476 = ORIENTED_EDGE ( 'NONE', *, *, #1051, .F. ) ;
#2477 = CARTESIAN_POINT ( 'NONE',  ( -4.206086591999999236, 3.811648262644349985E-18, -11.99999999999999822 ) ) ;
#2478 = CARTESIAN_POINT ( 'NONE',  ( 1.449999999999999956, 0.2334459459999999875, -13.70000000000000107 ) ) ;
#2479 = FACE_OUTER_BOUND ( 'NONE', #3655, .T. ) ;
#2480 = ORIENTED_EDGE ( 'NONE', *, *, #1152, .T. ) ;
#2481 = CARTESIAN_POINT ( 'NONE',  ( -0.6138981111185289885, 6.400000000000000355, -2.000000000000000000 ) ) ;
#2482 = MECHANICAL_DESIGN_GEOMETRIC_PRESENTATION_REPRESENTATION (  '', ( #3220 ), #3749 ) ;
#2483 = FILL_AREA_STYLE_COLOUR ( '', #1156 ) ;
#2484 = CARTESIAN_POINT ( 'NONE',  ( 1.099952379187202123, 7.244591266065067536, -10.00000000000000000 ) ) ;
#2485 = CARTESIAN_POINT ( 'NONE',  ( 4.499999999969964470, 10.40000000000000036, -0.1035533905181821451 ) ) ;
#2486 = MECHANICAL_DESIGN_GEOMETRIC_PRESENTATION_REPRESENTATION (  '', ( #1953 ), #2630 ) ;
#2487 =( BOUNDED_SURFACE ( )  B_SPLINE_SURFACE ( 3, 3, ( 
 ( #3812, #960, #890, #1547 ),
 ( #2822, #932, #986, #1223 ),
 ( #2224, #3482, #572, #3771 ),
 ( #1246, #3529, #1914, #914 ) ),
 .UNSPECIFIED., .F., .F., .F. ) 
 B_SPLINE_SURFACE_WITH_KNOTS ( ( 4, 4 ),
 ( 4, 4 ),
 ( 0.000000000000000000, 1.000000000000000000 ),
 ( 0.000000000000000000, 1.000000000000000000 ),
 .UNSPECIFIED. ) 
 GEOMETRIC_REPRESENTATION_ITEM ( )  RATIONAL_B_SPLINE_SURFACE ( (
 ( 1.000000000000000000, 0.3333333333333329818, 0.3333333333333329818, 1.000000000000000000),
 ( 0.8440296287459840840, 0.2813432095819949907, 0.2813432095819949907, 0.8440296287459840840),
 ( 0.8440296287459840840, 0.2813432095819949907, 0.2813432095819949907, 0.8440296287459840840),
 ( 1.000000000000000000, 0.3333333333333329818, 0.3333333333333329818, 1.000000000000000000) ) ) 
 REPRESENTATION_ITEM ( '' )  SURFACE ( )  );
#2488 = EDGE_CURVE ( 'NONE', #4098, #96, #438, .T. ) ;
#2489 = PRESENTATION_LAYER_ASSIGNMENT (  '', '', ( #3356 ) ) ;
#2490 = CARTESIAN_POINT ( 'NONE',  ( 4.500000000000000000, 10.40000000000000036, -0.2499999999871810041 ) ) ;
#2491 = CARTESIAN_POINT ( 'NONE',  ( 2.550000000091665164, 7.400000000000000355, -12.05999999999999872 ) ) ;
#2492 = CARTESIAN_POINT ( 'NONE',  ( -1.201234137992531759, 5.706987592234665563, -9.999999999999998224 ) ) ;
#2493 = VERTEX_POINT ( 'NONE', #2261 ) ;
#2494 = COLOUR_RGB ( '',0.7490196078431372584, 0.7490196078431372584, 0.7490196078431372584 ) ;
#2495 =( NAMED_UNIT ( * ) SI_UNIT ( $, .STERADIAN. ) SOLID_ANGLE_UNIT ( ) );
#2496 = CARTESIAN_POINT ( 'NONE',  ( 1.621584369384733826, 5.006737009148761075, -13.70000000000000284 ) ) ;
#2497 = B_SPLINE_CURVE_WITH_KNOTS ( 'NONE', 1,
 ( #3323, #2373 ),
 .UNSPECIFIED., .F., .F.,
 ( 2, 2 ),
 ( 0.000000000000000000, 1.000000000000000000 ),
 .UNSPECIFIED. ) ;
#2498 = VERTEX_POINT ( 'NONE', #695 ) ;
#2499 = CARTESIAN_POINT ( 'NONE',  ( 1.250000000000000000, 0.000000000000000000, -7.849999999999999645 ) ) ;
#2500 = CARTESIAN_POINT ( 'NONE',  ( 4.500000000000000000, 10.40000000000000036, -0.2499999999871810041 ) ) ;
#2501 = ORIENTED_EDGE ( 'NONE', *, *, #760, .T. ) ;
#2502 = CARTESIAN_POINT ( 'NONE',  ( 1.249999998933331913, 0.000000000000000000, -7.550000000879180995 ) ) ;
#2503 =( NAMED_UNIT ( * ) SI_UNIT ( $, .STERADIAN. ) SOLID_ANGLE_UNIT ( ) );
#2504 = COLOUR_RGB ( '',0.7490196078431372584, 0.7490196078431372584, 0.7490196078431372584 ) ;
#2505 = ORIENTED_EDGE ( 'NONE', *, *, #251, .F. ) ;
#2506 = FACE_OUTER_BOUND ( 'NONE', #1861, .T. ) ;
#2507 = CARTESIAN_POINT ( 'NONE',  ( 1.450000000256600696, -2.532066691589590413, -14.55825431204335096 ) ) ;
#2508 = CARTESIAN_POINT ( 'NONE',  ( 2.550000000000000266, 5.400000000000000355, -12.05999999999999872 ) ) ;
#2509 =( NAMED_UNIT ( * ) PLANE_ANGLE_UNIT ( ) SI_UNIT ( $, .RADIAN. ) );
#2510 = B_SPLINE_CURVE_WITH_KNOTS ( 'NONE', 1,
 ( #2333, #1405 ),
 .UNSPECIFIED., .F., .F.,
 ( 2, 2 ),
 ( -1.000000000000000000, 0.000000000000000000 ),
 .UNSPECIFIED. ) ;
#2511 = FILL_AREA_STYLE ('',( #3175 ) ) ;
#2512 = CARTESIAN_POINT ( 'NONE',  ( 3.849802813000000157, 10.44434594600000210, -13.70000000000000107 ) ) ;
#2513 = CARTESIAN_POINT ( 'NONE',  ( 1.449120259874465022, -2.587089462817671492, -14.53891120013835092 ) ) ;
#2514 = PRESENTATION_STYLE_ASSIGNMENT (( #2284 ) ) ;
#2515 =( BOUNDED_SURFACE ( )  B_SPLINE_SURFACE ( 1, 3, ( 
 ( #3372, #3067, #2779, #822 ),
 ( #163, #2701, #2755, #4038 ) ),
 .UNSPECIFIED., .F., .F., .T. ) 
 B_SPLINE_SURFACE_WITH_KNOTS ( ( 2, 2 ),
 ( 4, 4 ),
 ( 0.000000000000000000, 1.000000000000000000 ),
 ( 0.000000000000000000, 1.000000000000000000 ),
 .UNSPECIFIED. ) 
 GEOMETRIC_REPRESENTATION_ITEM ( )  RATIONAL_B_SPLINE_SURFACE ( (
 ( 1.000000000000000000, 0.3333333335299311084, 0.3333333335299311084, 1.000000000000000000),
 ( 1.000000000000000000, 0.3333333335299311084, 0.3333333335299311084, 1.000000000000000000) ) ) 
 REPRESENTATION_ITEM ( '' )  SURFACE ( )  );
#2516 = ORIENTED_EDGE ( 'NONE', *, *, #521, .F. ) ;
#2517 = CARTESIAN_POINT ( 'NONE',  ( -0.8601000500000000049, 6.399999999961390351, -2.206587955999999906 ) ) ;
#2518 = SURFACE_STYLE_FILL_AREA ( #331 ) ;
#2519 = EDGE_CURVE ( 'NONE', #2138, #2781, #4081, .T. ) ;
#2520 = VERTEX_POINT ( 'NONE', #1018 ) ;
#2521 = CARTESIAN_POINT ( 'NONE',  ( 1.449999999999999734, -0.2990965968385237983, -14.10984126023979535 ) ) ;
#2522 = EDGE_CURVE ( 'NONE', #2520, #931, #1283, .T. ) ;
#2523 = VERTEX_POINT ( 'NONE', #2895 ) ;
#2524 = CARTESIAN_POINT ( 'NONE',  ( 3.950000000000000178, 0.2334459459999999875, -14.50000000000000000 ) ) ;
#2525 = ORIENTED_EDGE ( 'NONE', *, *, #3012, .F. ) ;
#2526 = FILL_AREA_STYLE ('',( #2544 ) ) ;
#2527 = SURFACE_STYLE_FILL_AREA ( #1252 ) ;
#2528 = SURFACE_SIDE_STYLE ('',( #323 ) ) ;
#2529 = CARTESIAN_POINT ( 'NONE',  ( 4.334314575000001390, 10.79999999999999716, -0.2500000000000003331 ) ) ;
#2530 = CARTESIAN_POINT ( 'NONE',  ( -4.500000000000000888, 0.4000000000000000222, -0.2500000000961724034 ) ) ;
#2531 = CARTESIAN_POINT ( 'NONE',  ( -1.250000000000000000, -2.453217565427685987, -6.956861359028446934 ) ) ;
#2532 = CARTESIAN_POINT ( 'NONE',  ( -4.500000000000003553, 10.63431457500000477, -0.2500000000000003331 ) ) ;
#2533 = B_SPLINE_CURVE_WITH_KNOTS ( 'NONE', 1,
 ( #2799, #2502 ),
 .UNSPECIFIED., .F., .F.,
 ( 2, 2 ),
 ( 0.000000000000000000, 1.000000000000000000 ),
 .UNSPECIFIED. ) ;
#2534 = ORIENTED_EDGE ( 'NONE', *, *, #492, .T. ) ;
#2535 =( NAMED_UNIT ( * ) PLANE_ANGLE_UNIT ( ) SI_UNIT ( $, .RADIAN. ) );
#2536 =( BOUNDED_SURFACE ( )  B_SPLINE_SURFACE ( 1, 3, ( 
 ( #448, #128, #691, #370 ),
 ( #1659, #3886, #2303, #713 ) ),
 .UNSPECIFIED., .F., .F., .T. ) 
 B_SPLINE_SURFACE_WITH_KNOTS ( ( 2, 2 ),
 ( 4, 4 ),
 ( 0.000000000000000000, 1.000000000000000000 ),
 ( 0.000000000000000000, 1.000000000000000000 ),
 .UNSPECIFIED. ) 
 GEOMETRIC_REPRESENTATION_ITEM ( )  RATIONAL_B_SPLINE_SURFACE ( (
 ( 1.000000000000000000, 0.9831467894181623590, 0.9831467894181623590, 1.000000000000000000),
 ( 1.000000000000000000, 0.9831467894181623590, 0.9831467894181623590, 1.000000000000000000) ) ) 
 REPRESENTATION_ITEM ( '' )  SURFACE ( )  );
#2537 = VERTEX_POINT ( 'NONE', #1663 ) ;
#2538 = APPLICATION_PROTOCOL_DEFINITION ( 'draft international standard', 'automotive_design', 1998, #2151 ) ;
#2539 = CARTESIAN_POINT ( 'NONE',  ( 1.000000000003332001, 6.399999999726531108, -9.199999999999999289 ) ) ;
#2540 = B_SPLINE_CURVE_WITH_KNOTS ( 'NONE', 1,
 ( #3691, #3028 ),
 .UNSPECIFIED., .F., .F.,
 ( 2, 2 ),
 ( 0.000000000000000000, 1.000000000000000000 ),
 .UNSPECIFIED. ) ;
#2541 = ORIENTED_EDGE ( 'NONE', *, *, #2324, .T. ) ;
#2542 = VERTEX_POINT ( 'NONE', #3541 ) ;
#2543 = CARTESIAN_POINT ( 'NONE',  ( 4.500000000000000000, 0.4000000000000000222, -0.2500000000000000000 ) ) ;
#2544 = FILL_AREA_STYLE_COLOUR ( '', #3490 ) ;
#2545 = ORIENTED_EDGE ( 'NONE', *, *, #11, .T. ) ;
#2546 = CARTESIAN_POINT ( 'NONE',  ( -1.000000000009999779, 6.137356260018671072, -9.199999999999999289 ) ) ;
#2547 = CARTESIAN_POINT ( 'NONE',  ( 1.375000002252800613, 6.580567570773331099, -10.00000000000000178 ) ) ;
#2548 = B_SPLINE_SURFACE_WITH_KNOTS ( 'NONE', 1, 1, ( 
 ( #74, #2349 ),
 ( #2650, #1357 ) ),
 .UNSPECIFIED., .F., .F., .F.,
 ( 2, 2 ),
 ( 2, 2 ),
 ( 0.000000000000000000, 1.000000000000000000 ),
 ( 0.000000000000000000, 1.000000000000000000 ),
 .UNSPECIFIED. ) ;
#2549 =( LENGTH_UNIT ( ) NAMED_UNIT ( * ) SI_UNIT ( .MILLI., .METRE. ) );
#2550 = B_SPLINE_CURVE_WITH_KNOTS ( 'NONE', 3,
 ( #3742, #3152, #3117, #563 ),
 .UNSPECIFIED., .F., .F.,
 ( 4, 4 ),
 ( 0.000000000000000000, 1.000000000000000000 ),
 .UNSPECIFIED. ) ;
#2551 = MECHANICAL_DESIGN_GEOMETRIC_PRESENTATION_REPRESENTATION (  '', ( #3485 ), #1092 ) ;
#2552 = SURFACE_STYLE_USAGE ( .BOTH. , #3197 ) ;
#2553 = B_SPLINE_CURVE_WITH_KNOTS ( 'NONE', 3,
 ( #3993, #3758, #3115, #3738, #1136, #3383, #1810, #3404, #2122, #853 ),
 .UNSPECIFIED., .F., .F.,
 ( 4, 2, 2, 2, 4 ),
 ( 0.000000000000000000, 0.7552261247122162846, 1.510452249424432569, 2.265678374136649076, 3.020904498848865138 ),
 .UNSPECIFIED. ) ;
#2554 = CARTESIAN_POINT ( 'NONE',  ( -4.250000000044896531, 10.40000000000000036, 0.000000000000000000 ) ) ;
#2555 = EDGE_CURVE ( 'NONE', #865, #3144, #1243, .T. ) ;
#2556 =( GEOMETRIC_REPRESENTATION_CONTEXT ( 3 ) GLOBAL_UNCERTAINTY_ASSIGNED_CONTEXT ( ( #3052 ) ) GLOBAL_UNIT_ASSIGNED_CONTEXT ( ( #1790, #873, #2465 ) ) REPRESENTATION_CONTEXT ( 'NONE', 'WORKASPACE' ) );
#2557 = CARTESIAN_POINT ( 'NONE',  ( -4.100000000020510349, 10.80000000000000071, -0.2499999999871810041 ) ) ;
#2558 = VERTEX_POINT ( 'NONE', #34 ) ;
#2559 = CARTESIAN_POINT ( 'NONE',  ( -4.500000000000000000, 10.40000000000000036, -0.2500000000000000000 ) ) ;
#2560 = CARTESIAN_POINT ( 'NONE',  ( -1.449999999999999734, -2.109008857484418797, -14.62354849134247381 ) ) ;
#2561 =( LENGTH_UNIT ( ) NAMED_UNIT ( * ) SI_UNIT ( .MILLI., .METRE. ) );
#2562 = EDGE_CURVE ( 'NONE', #4039, #439, #1456, .T. ) ;
#2563 = EDGE_LOOP ( 'NONE', ( #1397, #657, #3524, #3837 ) ) ;
#2564 = CARTESIAN_POINT ( 'NONE',  ( 1.250000000000000000, -2.313325753188462564, -7.222300184319061067 ) ) ;
#2565 = CARTESIAN_POINT ( 'NONE',  ( -4.099999999999998757, 10.69644660899999877, 0.000000000000000000 ) ) ;
#2566 =( BOUNDED_SURFACE ( )  B_SPLINE_SURFACE ( 1, 3, ( 
 ( #999, #3226, #357, #2939 ),
 ( #2015, #3286, #17, #3894 ) ),
 .UNSPECIFIED., .F., .F., .T. ) 
 B_SPLINE_SURFACE_WITH_KNOTS ( ( 2, 2 ),
 ( 4, 4 ),
 ( 0.000000000000000000, 1.000000000000000000 ),
 ( 0.000000000000000000, 1.000000000000000000 ),
 .UNSPECIFIED. ) 
 GEOMETRIC_REPRESENTATION_ITEM ( )  RATIONAL_B_SPLINE_SURFACE ( (
 ( 1.000000000000000000, 0.3333333335299311084, 0.3333333335299311084, 1.000000000000000000),
 ( 1.000000000000000000, 0.3333333335299311084, 0.3333333335299311084, 1.000000000000000000) ) ) 
 REPRESENTATION_ITEM ( '' )  SURFACE ( )  );
#2567 = EDGE_LOOP ( 'NONE', ( #3528, #2367, #2326, #1843 ) ) ;
#2568 = STYLED_ITEM ( 'NONE', ( #3550 ), #3043 ) ;
#2569 = CARTESIAN_POINT ( 'NONE',  ( 1.250000000000000000, -2.219897943239924842, -7.170956061292850237 ) ) ;
#2570 = ORIENTED_EDGE ( 'NONE', *, *, #3942, .F. ) ;
#2571 = CARTESIAN_POINT ( 'NONE',  ( 4.500000000000000000, 10.40000000000000036, -0.2500000000000000000 ) ) ;
#2572 = CARTESIAN_POINT ( 'NONE',  ( 1.350000000000001421, 9.099999999999999645, -14.10000000000001563 ) ) ;
#2573 = VERTEX_POINT ( 'NONE', #1336 ) ;
#2574 = EDGE_CURVE ( 'NONE', #1527, #2008, #3643, .T. ) ;
#2575 = CARTESIAN_POINT ( 'NONE',  ( -1.375000000000000000, 6.399999999753068103, -9.199999999999999289 ) ) ;
#2576 = CARTESIAN_POINT ( 'NONE',  ( 4.099999999917959492, 10.80000000000000071, -3.500000000000000000 ) ) ;
#2577 = SURFACE_STYLE_USAGE ( .BOTH. , #4090 ) ;
#2578 = EDGE_CURVE ( 'NONE', #2493, #1568, #1129, .T. ) ;
#2579 = CARTESIAN_POINT ( 'NONE',  ( -1.649999998784889899, 3.833445944444800357, -13.70000000000000107 ) ) ;
#2580 = CARTESIAN_POINT ( 'NONE',  ( 4.899999999999999467, 3.699999999958980101, -11.90000000000000036 ) ) ;
#2581 = CARTESIAN_POINT ( 'NONE',  ( -1.249999999705136089, -2.360039658681814867, -7.247972245447050099 ) ) ;
#2582 = CARTESIAN_POINT ( 'NONE',  ( -4.250000000014964918, 10.39999999930000030, 0.000000000000000000 ) ) ;
#2583 = ORIENTED_EDGE ( 'NONE', *, *, #788, .T. ) ;
#2584 =( LENGTH_UNIT ( ) NAMED_UNIT ( * ) SI_UNIT ( .MILLI., .METRE. ) );
#2585 = SURFACE_SIDE_STYLE ('',( #1389 ) ) ;
#2586 = SURFACE_SIDE_STYLE ('',( #425 ) ) ;
#2587 = B_SPLINE_SURFACE_WITH_KNOTS ( 'NONE', 1, 1, ( 
 ( #1253, #941 ),
 ( #1277, #896 ) ),
 .UNSPECIFIED., .F., .F., .F.,
 ( 2, 2 ),
 ( 2, 2 ),
 ( 0.000000000000000000, 1.000000000000000000 ),
 ( 0.000000000000000000, 1.000000000000000000 ),
 .UNSPECIFIED. ) ;
#2588 = EDGE_LOOP ( 'NONE', ( #1731, #222, #2112, #2874 ) ) ;
#2589 = UNCERTAINTY_MEASURE_WITH_UNIT (LENGTH_MEASURE( 1.000000000000000082E-05 ), #3553, 'distance_accuracy_value', 'NONE');
#2590 = CARTESIAN_POINT ( 'NONE',  ( 1.250000000000000000, -3.462927030999999989, -7.854074263999999417 ) ) ;
#2591 = EDGE_LOOP ( 'NONE', ( #947, #660, #3636, #22 ) ) ;
#2592 =( LENGTH_UNIT ( ) NAMED_UNIT ( * ) SI_UNIT ( .MILLI., .METRE. ) );
#2593 = ORIENTED_EDGE ( 'NONE', *, *, #3477, .T. ) ;
#2594 = B_SPLINE_CURVE_WITH_KNOTS ( 'NONE', 1,
 ( #781, #3960 ),
 .UNSPECIFIED., .F., .F.,
 ( 2, 2 ),
 ( -1.000000000000000000, 0.000000000000000000 ),
 .UNSPECIFIED. ) ;
#2595 = PRESENTATION_STYLE_ASSIGNMENT (( #2341 ) ) ;
#2596 = FILL_AREA_STYLE ('',( #2617 ) ) ;
#2597 = CARTESIAN_POINT ( 'NONE',  ( 2.460000000112169793, 7.399999999501670978, -14.09999999999999964 ) ) ;
#2598 = CARTESIAN_POINT ( 'NONE',  ( -1.449999999999999734, -2.481903027123995464, -14.15189193991355232 ) ) ;
#2599 = CARTESIAN_POINT ( 'NONE',  ( -0.06939116399999281648, 10.41109854611399577, -12.00000000000000178 ) ) ;
#2600 = EDGE_CURVE ( 'NONE', #734, #3374, #1713, .T. ) ;
#2601 = CARTESIAN_POINT ( 'NONE',  ( 4.500000000000000000, 10.56299999999999883, -12.00000000000000000 ) ) ;
#2602 = CARTESIAN_POINT ( 'NONE',  ( -6.563302607063239076E-10, 9.600000000000001421, 0.000000000000000000 ) ) ;
#2603 = CARTESIAN_POINT ( 'NONE',  ( 2.550000000091665164, 5.400000000000000355, -12.05999999999999872 ) ) ;
#2604 = CARTESIAN_POINT ( 'NONE',  ( -4.500000000000003553, 10.40000000000000391, -0.1035533909999999530 ) ) ;
#2605 = VERTEX_POINT ( 'NONE', #2180 ) ;
#2606 = CARTESIAN_POINT ( 'NONE',  ( -1.649999997484890013, 0.2334459459999999875, -13.70000000000000107 ) ) ;
#2607 = B_SPLINE_CURVE_WITH_KNOTS ( 'NONE', 1,
 ( #174, #3058 ),
 .UNSPECIFIED., .F., .F.,
 ( 2, 2 ),
 ( 0.000000000000000000, 1.000000000000000000 ),
 .UNSPECIFIED. ) ;
#2608 = CARTESIAN_POINT ( 'NONE',  ( -4.500000000000000000, 0.4000000002419725198, -12.00000000000000000 ) ) ;
#2609 = CARTESIAN_POINT ( 'NONE',  ( 1.449999999999999956, -2.078345257589585771, -14.61484524325880052 ) ) ;
#2610 = VERTEX_POINT ( 'NONE', #2481 ) ;
#2611 = CARTESIAN_POINT ( 'NONE',  ( 4.334314575000001390, 0.000000000000000000, -0.2500000000000003331 ) ) ;
#2612 = EDGE_CURVE ( 'NONE', #1592, #4065, #1306, .T. ) ;
#2613 = CARTESIAN_POINT ( 'NONE',  ( -1.374999999772665848, 6.399999999917690197, -9.199999999999999289 ) ) ;
#2614 = STYLED_ITEM ( 'NONE', ( #215 ), #463 ) ;
#2615 = ORIENTED_EDGE ( 'NONE', *, *, #2739, .T. ) ;
#2616 = CARTESIAN_POINT ( 'NONE',  ( 1.000000000009999779, 6.662643739981328750, -9.199999999999999289 ) ) ;
#2617 = FILL_AREA_STYLE_COLOUR ( '', #1957 ) ;
#2618 = FILL_AREA_STYLE ('',( #1351 ) ) ;
#2619 =( NAMED_UNIT ( * ) SI_UNIT ( $, .STERADIAN. ) SOLID_ANGLE_UNIT ( ) );
#2620 = FACE_OUTER_BOUND ( 'NONE', #1604, .T. ) ;
#2621 = PRESENTATION_STYLE_ASSIGNMENT (( #3243 ) ) ;
#2622 = CARTESIAN_POINT ( 'NONE',  ( 4.500000000000000000, 10.40000000000000036, -3.500000001250000103 ) ) ;
#2623 = CARTESIAN_POINT ( 'NONE',  ( 4.900000000000000355, -3.471388733487800415, -10.07433246959999806 ) ) ;
#2624 = UNCERTAINTY_MEASURE_WITH_UNIT (LENGTH_MEASURE( 1.000000000000000082E-05 ), #4102, 'distance_accuracy_value', 'NONE');
#2625 = CARTESIAN_POINT ( 'NONE',  ( -4.499999999903883108, 0.1656854249328362227, -12.00000000000000000 ) ) ;
#2626 = PRESENTATION_LAYER_ASSIGNMENT (  '', '', ( #3417 ) ) ;
#2627 = VERTEX_POINT ( 'NONE', #3536 ) ;
#2628 = CARTESIAN_POINT ( 'NONE',  ( 3.950000000000000178, 0.2334459459999999875, -13.70000000000000107 ) ) ;
#2629 =( LENGTH_UNIT ( ) NAMED_UNIT ( * ) SI_UNIT ( .MILLI., .METRE. ) );
#2630 =( GEOMETRIC_REPRESENTATION_CONTEXT ( 3 ) GLOBAL_UNCERTAINTY_ASSIGNED_CONTEXT ( ( #2761 ) ) GLOBAL_UNIT_ASSIGNED_CONTEXT ( ( #751, #3014, #2619 ) ) REPRESENTATION_CONTEXT ( 'NONE', 'WORKASPACE' ) );
#2631 = EDGE_CURVE ( 'NONE', #636, #2537, #897, .T. ) ;
#2632 =( BOUNDED_SURFACE ( )  B_SPLINE_SURFACE ( 1, 3, ( 
 ( #3391, #200, #2376, #479, #1758, #2752, #3728 ),
 ( #2715, #1775, #3650, #1124, #4000, #3371, #1162 ) ),
 .UNSPECIFIED., .F., .F., .T. ) 
 B_SPLINE_SURFACE_WITH_KNOTS ( ( 2, 2 ),
 ( 4, 3, 4 ),
 ( 0.000000000000000000, 0.9999999999999070743 ),
 ( 0.000000000000000000, 0.5000000000000000000, 1.000000000000000000 ),
 .UNSPECIFIED. ) 
 GEOMETRIC_REPRESENTATION_ITEM ( )  RATIONAL_B_SPLINE_SURFACE ( (
 ( 1.000000000000000000, 0.7643052306766616733, 0.7643052306766616733, 1.000000000000000000, 0.7643052306766616733, 0.7643052306766616733, 1.000000000000000000),
 ( 1.000000000000000000, 0.7643052306766616733, 0.7643052306766616733, 1.000000000000000000, 0.7643052306766616733, 0.7643052306766616733, 1.000000000000000000) ) ) 
 REPRESENTATION_ITEM ( '' )  SURFACE ( )  );
#2633 = EDGE_CURVE ( 'NONE', #1181, #3987, #3689, .T. ) ;
#2634 = SURFACE_STYLE_USAGE ( .BOTH. , #1367 ) ;
#2635 = UNCERTAINTY_MEASURE_WITH_UNIT (LENGTH_MEASURE( 1.000000000000000082E-05 ), #2561, 'distance_accuracy_value', 'NONE');
#2636 = CARTESIAN_POINT ( 'NONE',  ( -1.062599999999999989, 5.337399999999999700, -14.40000000000000036 ) ) ;
#2637 = STYLED_ITEM ( 'NONE', ( #3413 ), #2042 ) ;
#2638 = CARTESIAN_POINT ( 'NONE',  ( 4.100000000000000533, 0.000000000000000000, -0.2500000000000000000 ) ) ;
#2639 = VERTEX_POINT ( 'NONE', #3194 ) ;
#2640 =( GEOMETRIC_REPRESENTATION_CONTEXT ( 3 ) GLOBAL_UNCERTAINTY_ASSIGNED_CONTEXT ( ( #1672 ) ) GLOBAL_UNIT_ASSIGNED_CONTEXT ( ( #548, #2657, #383 ) ) REPRESENTATION_CONTEXT ( 'NONE', 'WORKASPACE' ) );
#2641 = CARTESIAN_POINT ( 'NONE',  ( 1.000000000003332001, 6.399999999726531108, -9.199999999999999289 ) ) ;
#2642 = CARTESIAN_POINT ( 'NONE',  ( -0.6138981110000000241, 5.172203777000000002, -2.000000000000000444 ) ) ;
#2643 = PRESENTATION_LAYER_ASSIGNMENT (  '', '', ( #2568 ) ) ;
#2644 = SURFACE_STYLE_FILL_AREA ( #1057 ) ;
#2645 = ORIENTED_EDGE ( 'NONE', *, *, #874, .T. ) ;
#2646 =( GEOMETRIC_REPRESENTATION_CONTEXT ( 3 ) GLOBAL_UNCERTAINTY_ASSIGNED_CONTEXT ( ( #1048 ) ) GLOBAL_UNIT_ASSIGNED_CONTEXT ( ( #2732, #3961, #1106 ) ) REPRESENTATION_CONTEXT ( 'NONE', 'WORKASPACE' ) );
#2647 = CARTESIAN_POINT ( 'NONE',  ( 1.249999998933331913, 0.000000000000000000, -7.850000001416669981 ) ) ;
#2648 = CARTESIAN_POINT ( 'NONE',  ( 4.206086591999999236, 10.80000000000000249, -3.500000000000000000 ) ) ;
#2649 = EDGE_CURVE ( 'NONE', #2889, #1541, #1788, .T. ) ;
#2650 = CARTESIAN_POINT ( 'NONE',  ( 3.950000000000000178, 3.833445946000000326, -14.50000000000000000 ) ) ;
#2651 = PRODUCT_DEFINITION_FORMATION_WITH_SPECIFIED_SOURCE ( 'ANY', '', #2053, .NOT_KNOWN. ) ;
#2652 = FACE_OUTER_BOUND ( 'NONE', #2712, .T. ) ;
#2653 = CARTESIAN_POINT ( 'NONE',  ( 1.250000000000000000, -0.3872143542741552924, -7.823950611185589210 ) ) ;
#2654 = CARTESIAN_POINT ( 'NONE',  ( -0.7667994359689962458, 8.405708144649967295, -13.70000000000000284 ) ) ;
#2655 = ORIENTED_EDGE ( 'NONE', *, *, #594, .F. ) ;
#2656 = PRODUCT_CONTEXT ( 'NONE', #2151, 'mechanical' ) ;
#2657 =( NAMED_UNIT ( * ) PLANE_ANGLE_UNIT ( ) SI_UNIT ( $, .RADIAN. ) );
#2658 = CARTESIAN_POINT ( 'NONE',  ( 2.455000000236164936, 7.400000000395420052, -13.70000000020266029 ) ) ;
#2659 = ADVANCED_FACE ( 'NONE', ( #2506 ), #396, .F. ) ;
#2660 = CARTESIAN_POINT ( 'NONE',  ( -1.449999999999999956, -0.2990965968385234652, -14.10984126023979535 ) ) ;
#2661 = SURFACE_STYLE_FILL_AREA ( #444 ) ;
#2662 =( BOUNDED_CURVE ( )  B_SPLINE_CURVE ( 3, ( #1628, #3853, #3225, #3285 ),
 .UNSPECIFIED., .F., .T. ) 
 B_SPLINE_CURVE_WITH_KNOTS ( ( 4, 4 ),
 ( 0.000000000000000000, 1.570796326794895004 ),
 .UNSPECIFIED. ) 
 CURVE ( )  GEOMETRIC_REPRESENTATION_ITEM ( )  RATIONAL_B_SPLINE_CURVE ( ( 1.000000000000000000, 0.8047378541243649375, 0.8047378541243649375, 1.000000000000000000 ) ) 
 REPRESENTATION_ITEM ( '' )  );
#2663 = PRESENTATION_STYLE_ASSIGNMENT (( #1394 ) ) ;
#2664 = CARTESIAN_POINT ( 'NONE',  ( 2.483869483991666183, 7.399999999999999467, -13.70000000075999935 ) ) ;
#2665 = CARTESIAN_POINT ( 'NONE',  ( 4.334314575000001390, 0.000000000000000000, -0.2500000000000003331 ) ) ;
#2666 = ORIENTED_EDGE ( 'NONE', *, *, #4135, .T. ) ;
#2667 =( LENGTH_UNIT ( ) NAMED_UNIT ( * ) SI_UNIT ( .MILLI., .METRE. ) );
#2668 = FILL_AREA_STYLE_COLOUR ( '', #1198 ) ;
#2669 = CARTESIAN_POINT ( 'NONE',  ( 1.250000000000000222, -1.749744733030826893, -6.831385762719968113 ) ) ;
#2670 = B_SPLINE_CURVE_WITH_KNOTS ( 'NONE', 3,
 ( #1272, #2226, #2136, #1828 ),
 .UNSPECIFIED., .F., .F.,
 ( 4, 4 ),
 ( 0.000000000000000000, 0.5025048036375000526 ),
 .UNSPECIFIED. ) ;
#2671 = EDGE_CURVE ( 'NONE', #13, #1452, #2184, .T. ) ;
#2672 = CARTESIAN_POINT ( 'NONE',  ( 0.5857864379272724742, 7.399999999879854684, -9.199999999999999289 ) ) ;
#2673 = CARTESIAN_POINT ( 'NONE',  ( -1.250000000000000000, -1.979975502756305072, -6.805336374020139800 ) ) ;
#2674 = ORIENTED_EDGE ( 'NONE', *, *, #1636, .T. ) ;
#2675 = FILL_AREA_STYLE ('',( #726 ) ) ;
#2676 = EDGE_CURVE ( 'NONE', #3269, #1460, #2244, .T. ) ;
#2677 = CARTESIAN_POINT ( 'NONE',  ( 4.100000000000000533, 10.80000000000000071, -0.2499999999487235169 ) ) ;
#2678 = CARTESIAN_POINT ( 'NONE',  ( 4.899999999999999467, -2.400000000215503526, -9.500000000000000000 ) ) ;
#2679 = CARTESIAN_POINT ( 'NONE',  ( -4.100000001360680102, 10.80000000000000071, -3.500000000000000000 ) ) ;
#2680 = ORIENTED_EDGE ( 'NONE', *, *, #1075, .T. ) ;
#2681 = EDGE_CURVE ( 'NONE', #196, #1935, #2124, .T. ) ;
#2682 =( BOUNDED_CURVE ( )  B_SPLINE_CURVE ( 3, ( #468, #835, #2787, #3075 ),
 .UNSPECIFIED., .F., .T. ) 
 B_SPLINE_CURVE_WITH_KNOTS ( ( 4, 4 ),
 ( 0.000000000000000000, 1.570796326794895004 ),
 .UNSPECIFIED. ) 
 CURVE ( )  GEOMETRIC_REPRESENTATION_ITEM ( )  RATIONAL_B_SPLINE_CURVE ( ( 1.000000000000000000, 0.8047378541243649375, 0.8047378541243649375, 1.000000000000000000 ) ) 
 REPRESENTATION_ITEM ( '' )  );
#2683 = CARTESIAN_POINT ( 'NONE',  ( 4.500000000000000000, 4.000000000000000000, -9.500000001749999257 ) ) ;
#2684 = CARTESIAN_POINT ( 'NONE',  ( 4.500000000000003553, 0.1656854249999999695, -0.2500000000000003331 ) ) ;
#2685 = ORIENTED_EDGE ( 'NONE', *, *, #4, .T. ) ;
#2686 =( GEOMETRIC_REPRESENTATION_CONTEXT ( 3 ) GLOBAL_UNCERTAINTY_ASSIGNED_CONTEXT ( ( #2116 ) ) GLOBAL_UNIT_ASSIGNED_CONTEXT ( ( #2005, #3865, #3885 ) ) REPRESENTATION_CONTEXT ( 'NONE', 'WORKASPACE' ) );
#2687 = EDGE_CURVE ( 'NONE', #2089, #2842, #1942, .T. ) ;
#2688 = CARTESIAN_POINT ( 'NONE',  ( -1.250000000000000000, -0.3677808530000000187, -7.500079437000000127 ) ) ;
#2689 =( NAMED_UNIT ( * ) PLANE_ANGLE_UNIT ( ) SI_UNIT ( $, .RADIAN. ) );
#2690 = EDGE_CURVE ( 'NONE', #1452, #13, #284, .T. ) ;
#2691 = SURFACE_SIDE_STYLE ('',( #1157 ) ) ;
#2692 = CARTESIAN_POINT ( 'NONE',  ( 4.500000000000000000, 6.800000001522329640, -12.00000000000000000 ) ) ;
#2693 = ORIENTED_EDGE ( 'NONE', *, *, #1388, .F. ) ;
#2694 = COLOUR_RGB ( '',0.7490196078431372584, 0.7490196078431372584, 0.7490196078431372584 ) ;
#2695 = CARTESIAN_POINT ( 'NONE',  ( -0.8445912687299996779, 5.300047619901997464, -9.199999999999997513 ) ) ;
#2696 = B_SPLINE_SURFACE_WITH_KNOTS ( 'NONE', 1, 1, ( 
 ( #1567, #2841 ),
 ( #3787, #3163 ) ),
 .UNSPECIFIED., .F., .F., .F.,
 ( 2, 2 ),
 ( 2, 2 ),
 ( 0.000000000000000000, 1.000000000000000000 ),
 ( 0.000000000000000000, 1.000000000000000000 ),
 .UNSPECIFIED. ) ;
#2697 = SURFACE_STYLE_USAGE ( .BOTH. , #3349 ) ;
#2698 = SURFACE_STYLE_USAGE ( .BOTH. , #345 ) ;
#2699 = CARTESIAN_POINT ( 'NONE',  ( -1.250000000000000000, -2.063731034671844711, -7.109145533015202467 ) ) ;
#2700 = PRESENTATION_LAYER_ASSIGNMENT (  '', '', ( #1953 ) ) ;
#2701 = CARTESIAN_POINT ( 'NONE',  ( -3.199999997374676219, 2.462015834259201341E-09, 0.000000000000000000 ) ) ;
#2702 = VERTEX_POINT ( 'NONE', #1694 ) ;
#2703 = CARTESIAN_POINT ( 'NONE',  ( 1.250000000000000000, -1.829495766732934792, -7.126070968479984558 ) ) ;
#2704 = ADVANCED_FACE ( 'NONE', ( #3924 ), #1493, .F. ) ;
#2705 = ORIENTED_EDGE ( 'NONE', *, *, #674, .T. ) ;
#2706 = STYLED_ITEM ( 'NONE', ( #2313 ), #2229 ) ;
#2707 =( BOUNDED_SURFACE ( )  B_SPLINE_SURFACE ( 1, 3, ( 
 ( #1012, #322, #1921, #1640 ),
 ( #1892, #2278, #3560, #1964 ) ),
 .UNSPECIFIED., .F., .F., .T. ) 
 B_SPLINE_SURFACE_WITH_KNOTS ( ( 2, 2 ),
 ( 4, 4 ),
 ( 0.000000000000000000, 1.000000000000000000 ),
 ( 0.000000000000000000, 1.000000000000000000 ),
 .UNSPECIFIED. ) 
 GEOMETRIC_REPRESENTATION_ITEM ( )  RATIONAL_B_SPLINE_SURFACE ( (
 ( 1.000000000000000000, 0.3333333335299311084, 0.3333333335299311084, 1.000000000000000000),
 ( 1.000000000000000000, 0.3333333335299311084, 0.3333333335299311084, 1.000000000000000000) ) ) 
 REPRESENTATION_ITEM ( '' )  SURFACE ( )  );
#2708 = CARTESIAN_POINT ( 'NONE',  ( 1.250000000000000000, -1.979975503138197812, -6.805336373999999466 ) ) ;
#2709 = CARTESIAN_POINT ( 'NONE',  ( -1.250000000000000222, -1.863386443031016304, -6.805336373999999466 ) ) ;
#2710 = ADVANCED_FACE ( 'NONE', ( #3943 ), #376, .T. ) ;
#2711 = FILL_AREA_STYLE ('',( #2728 ) ) ;
#2712 = EDGE_LOOP ( 'NONE', ( #3716, #2525, #709, #3164, #1188, #1779 ) ) ;
#2713 = B_SPLINE_CURVE_WITH_KNOTS ( 'NONE', 1,
 ( #3773, #1030 ),
 .UNSPECIFIED., .F., .F.,
 ( 2, 2 ),
 ( 0.000000000000000000, 1.000000000000000000 ),
 .UNSPECIFIED. ) ;
#2714 = CARTESIAN_POINT ( 'NONE',  ( 1.250000000000000000, -0.1569835840084929934, -7.849999999999999645 ) ) ;
#2715 = CARTESIAN_POINT ( 'NONE',  ( 1.875000000253728372, 7.399999999524259131, -13.70000000000000107 ) ) ;
#2716 = CARTESIAN_POINT ( 'NONE',  ( 2.820174649365014830E-10, 7.775000000000000355, -10.00000000000000000 ) ) ;
#2717 = CARTESIAN_POINT ( 'NONE',  ( 1.449999999999999956, -1.967911962528825054, -14.16770113286352029 ) ) ;
#2718 = CARTESIAN_POINT ( 'NONE',  ( 0.5857864379272724742, 7.399999999879854684, -3.000000000000000000 ) ) ;
#2719 = VERTEX_POINT ( 'NONE', #1327 ) ;
#2720 = CARTESIAN_POINT ( 'NONE',  ( -4.049999999995434585, 6.800000001390909432, -12.00000000000000000 ) ) ;
#2721 = CARTESIAN_POINT ( 'NONE',  ( 4.099999999979490717, 10.80000000000000071, -0.2499999999871810041 ) ) ;
#2722 = FACE_OUTER_BOUND ( 'NONE', #3162, .T. ) ;
#2723 = EDGE_LOOP ( 'NONE', ( #3395, #792, #159, #730 ) ) ;
#2724 = EDGE_CURVE ( 'NONE', #647, #987, #2995, .T. ) ;
#2725 =( LENGTH_UNIT ( ) NAMED_UNIT ( * ) SI_UNIT ( .MILLI., .METRE. ) );
#2726 = FACE_OUTER_BOUND ( 'NONE', #1085, .T. ) ;
#2727 = CARTESIAN_POINT ( 'NONE',  ( -1.450000000983870052, 4.846576361501269581, -13.70000000000000107 ) ) ;
#2728 = FILL_AREA_STYLE_COLOUR ( '', #213 ) ;
#2729 = CARTESIAN_POINT ( 'NONE',  ( 4.500000000000000000, 6.799999999999999822, -3.500000001250000103 ) ) ;
#2730 = VERTEX_POINT ( 'NONE', #688 ) ;
#2731 = CARTESIAN_POINT ( 'NONE',  ( 1.374999999318000432, 6.219432425516007612, -9.200000000000001066 ) ) ;
#2732 =( LENGTH_UNIT ( ) NAMED_UNIT ( * ) SI_UNIT ( .MILLI., .METRE. ) );
#2733 = CARTESIAN_POINT ( 'NONE',  ( -1.250000000000000000, -0.1569835840084929934, -7.849999999999999645 ) ) ;
#2734 = CARTESIAN_POINT ( 'NONE',  ( 1.249999999705136089, -2.360039658616240210, -7.247972245411019365 ) ) ;
#2735 =( LENGTH_UNIT ( ) NAMED_UNIT ( * ) SI_UNIT ( .MILLI., .METRE. ) );
#2736 = EDGE_LOOP ( 'NONE', ( #574, #338, #3935, #1563, #483, #3802, #2838, #3295, #1566, #1371, #1477, #3659, #2451, #3397 ) ) ;
#2737 = CARTESIAN_POINT ( 'NONE',  ( 3.114308559000000365, 9.096360514666667285, -3.500000000000000444 ) ) ;
#2738 = ORIENTED_EDGE ( 'NONE', *, *, #3549, .T. ) ;
#2739 = EDGE_CURVE ( 'NONE', #1816, #586, #87, .T. ) ;
#2740 = PRESENTATION_STYLE_ASSIGNMENT (( #126 ) ) ;
#2741 = B_SPLINE_CURVE_WITH_KNOTS ( 'NONE', 1,
 ( #1626, #1041 ),
 .UNSPECIFIED., .F., .F.,
 ( 2, 2 ),
 ( 0.000000000000000000, 1.000000000000000000 ),
 .UNSPECIFIED. ) ;
#2742 =( LENGTH_UNIT ( ) NAMED_UNIT ( * ) SI_UNIT ( .MILLI., .METRE. ) );
#2743 = ORIENTED_EDGE ( 'NONE', *, *, #3080, .F. ) ;
#2744 = CARTESIAN_POINT ( 'NONE',  ( 3.199999999470934942, 6.399999999808439810, -10.00000000000000000 ) ) ;
#2745 = FACE_OUTER_BOUND ( 'NONE', #1656, .T. ) ;
#2746 = COLOUR_RGB ( '',0.7490196078431372584, 0.7490196078431372584, 0.7490196078431372584 ) ;
#2747 = CARTESIAN_POINT ( 'NONE',  ( -0.6138981110000001351, 7.627796222999993603, -2.000000000000000444 ) ) ;
#2748 = CARTESIAN_POINT ( 'NONE',  ( -1.250000000000000000, -2.408201878388031680, -7.160334351235795758 ) ) ;
#2749 = ORIENTED_EDGE ( 'NONE', *, *, #2063, .T. ) ;
#2750 = EDGE_CURVE ( 'NONE', #3551, #1282, #2540, .T. ) ;
#2751 = CARTESIAN_POINT ( 'NONE',  ( 1.201234141770663566, 5.706987594427325838, -9.199999999999999289 ) ) ;
#2752 = CARTESIAN_POINT ( 'NONE',  ( -2.483779053967640316, 5.811528607125792334, -14.09999999999999787 ) ) ;
#2753 = CARTESIAN_POINT ( 'NONE',  ( 4.099999999500000492, 0.2499999999850344989, 0.000000000000000000 ) ) ;
#2754 = B_SPLINE_CURVE_WITH_KNOTS ( 'NONE', 3,
 ( #2388, #2051, #1453, #3320 ),
 .UNSPECIFIED., .F., .F.,
 ( 4, 4 ),
 ( 0.000000000000000000, 1.000000000000000000 ),
 .UNSPECIFIED. ) ;
#2755 = CARTESIAN_POINT ( 'NONE',  ( 3.199999998850647120, 3.200001028047516213E-09, 0.000000000000000000 ) ) ;
#2756 = EDGE_CURVE ( 'NONE', #982, #1931, #491, .T. ) ;
#2757 = ORIENTED_EDGE ( 'NONE', *, *, #28, .T. ) ;
#2758 = MECHANICAL_DESIGN_GEOMETRIC_PRESENTATION_REPRESENTATION (  '', ( #1627 ), #2287 ) ;
#2759 = CARTESIAN_POINT ( 'NONE',  ( 3.419577518999999288, 8.690993586666662551, -3.499999999999999556 ) ) ;
#2760 = ORIENTED_EDGE ( 'NONE', *, *, #2186, .F. ) ;
#2761 = UNCERTAINTY_MEASURE_WITH_UNIT (LENGTH_MEASURE( 1.000000000000000082E-05 ), #751, 'distance_accuracy_value', 'NONE');
#2762 = B_SPLINE_CURVE_WITH_KNOTS ( 'NONE', 1,
 ( #2166, #1855 ),
 .UNSPECIFIED., .F., .F.,
 ( 2, 2 ),
 ( 0.000000000000000000, 1.000000000000000000 ),
 .UNSPECIFIED. ) ;
#2763 = COLOUR_RGB ( '',0.7490196078431372584, 0.7490196078431372584, 0.7490196078431372584 ) ;
#2764 = CARTESIAN_POINT ( 'NONE',  ( -4.100000001360680102, 10.80000000000000071, -3.500000000000000000 ) ) ;
#2765 = CARTESIAN_POINT ( 'NONE',  ( -1.450000001189809762, 0.2334459467167515068, -13.70000000000000107 ) ) ;
#2766 = ORIENTED_EDGE ( 'NONE', *, *, #1206, .F. ) ;
#2767 = EDGE_CURVE ( 'NONE', #3840, #2138, #3287, .T. ) ;
#2768 = CARTESIAN_POINT ( 'NONE',  ( 4.899999999999999467, 4.000000000000000000, -11.90000000000000036 ) ) ;
#2769 = STYLED_ITEM ( 'NONE', ( #3722 ), #2340 ) ;
#2770 =( GEOMETRIC_REPRESENTATION_CONTEXT ( 3 ) GLOBAL_UNCERTAINTY_ASSIGNED_CONTEXT ( ( #61 ) ) GLOBAL_UNIT_ASSIGNED_CONTEXT ( ( #3231, #1797, #841 ) ) REPRESENTATION_CONTEXT ( 'NONE', 'WORKASPACE' ) );
#2771 = CARTESIAN_POINT ( 'NONE',  ( -2.666262662994080213, 9.386000561772634754, -13.70000000000000462 ) ) ;
#2772 = FACE_OUTER_BOUND ( 'NONE', #2591, .T. ) ;
#2773 = CARTESIAN_POINT ( 'NONE',  ( -1.250000000000000000, -1.979086840863834906, -7.109145532928790701 ) ) ;
#2774 = ORIENTED_EDGE ( 'NONE', *, *, #1704, .T. ) ;
#2775 = PRESENTATION_STYLE_ASSIGNMENT (( #4035 ) ) ;
#2776 = FACE_OUTER_BOUND ( 'NONE', #1364, .T. ) ;
#2777 = EDGE_CURVE ( 'NONE', #3696, #64, #3435, .T. ) ;
#2778 = CARTESIAN_POINT ( 'NONE',  ( -1.649999997484890013, 0.2334459459999999875, -13.70000000000000107 ) ) ;
#2779 = CARTESIAN_POINT ( 'NONE',  ( 3.199999998850647120, 3.200001028047516213E-09, -10.00000000000000178 ) ) ;
#2780 =( NAMED_UNIT ( * ) SI_UNIT ( $, .STERADIAN. ) SOLID_ANGLE_UNIT ( ) );
#2781 = VERTEX_POINT ( 'NONE', #3334 ) ;
#2782 = CARTESIAN_POINT ( 'NONE',  ( 4.500000000000000000, 10.40000000000000036, -3.500000001250000103 ) ) ;
#2783 = ORIENTED_EDGE ( 'NONE', *, *, #803, .T. ) ;
#2784 = EDGE_CURVE ( 'NONE', #3987, #2542, #2797, .T. ) ;
#2785 = CARTESIAN_POINT ( 'NONE',  ( 1.391499999999999959, 7.791500000000000092, -9.199999999999999289 ) ) ;
#2786 = EDGE_LOOP ( 'NONE', ( #2910, #4141, #290, #2812 ) ) ;
#2787 = CARTESIAN_POINT ( 'NONE',  ( -4.500000000000003553, 0.4000000000000000777, -0.1035533909999999530 ) ) ;
#2788 = PRESENTATION_STYLE_ASSIGNMENT (( #2807 ) ) ;
#2789 = CARTESIAN_POINT ( 'NONE',  ( 1.450000000087345864, -2.531051023851849546, -14.55536518088251974 ) ) ;
#2790 = ADVANCED_FACE ( 'NONE', ( #147 ), #825, .T. ) ;
#2791 = CARTESIAN_POINT ( 'NONE',  ( 2.550000000091665164, 7.400000000000000355, -13.61000000030563939 ) ) ;
#2792 = B_SPLINE_CURVE_WITH_KNOTS ( 'NONE', 3,
 ( #117, #308, #2814, #567 ),
 .UNSPECIFIED., .F., .F.,
 ( 4, 4 ),
 ( 0.000000000000000000, 0.5445954764782959812 ),
 .UNSPECIFIED. ) ;
#2793 =( NAMED_UNIT ( * ) PLANE_ANGLE_UNIT ( ) SI_UNIT ( $, .RADIAN. ) );
#2794 = SURFACE_STYLE_USAGE ( .BOTH. , #1217 ) ;
#2795 = ORIENTED_EDGE ( 'NONE', *, *, #496, .F. ) ;
#2796 = ORIENTED_EDGE ( 'NONE', *, *, #99, .T. ) ;
#2797 = B_SPLINE_CURVE_WITH_KNOTS ( 'NONE', 3,
 ( #771, #446, #1469, #828 ),
 .UNSPECIFIED., .F., .F.,
 ( 4, 4 ),
 ( 0.000000000000000000, 1.000000000000000000 ),
 .UNSPECIFIED. ) ;
#2798 = ORIENTED_EDGE ( 'NONE', *, *, #966, .T. ) ;
#2799 = CARTESIAN_POINT ( 'NONE',  ( 1.250000000000000000, -0.1499999996548333769, -7.549999999879180024 ) ) ;
#2800 =( NAMED_UNIT ( * ) SI_UNIT ( $, .STERADIAN. ) SOLID_ANGLE_UNIT ( ) );
#2801 = CARTESIAN_POINT ( 'NONE',  ( -3.950000000000000178, 6.433445946185130104, -13.70000000000000107 ) ) ;
#2802 = EDGE_LOOP ( 'NONE', ( #1427, #1858, #915, #3684, #3474, #1615 ) ) ;
#2803 = EDGE_CURVE ( 'NONE', #2929, #1881, #1255, .T. ) ;
#2804 = CARTESIAN_POINT ( 'NONE',  ( -4.500000000000000000, 6.800000001522329640, -12.00000000000000000 ) ) ;
#2805 = CARTESIAN_POINT ( 'NONE',  ( -1.250000000000000000, 0.000000000000000000, -7.550000000000000711 ) ) ;
#2806 = CARTESIAN_POINT ( 'NONE',  ( 4.500000000000000000, 0.4000000000000000222, -11.90000000000000036 ) ) ;
#2807 = SURFACE_STYLE_USAGE ( .BOTH. , #855 ) ;
#2808 = CARTESIAN_POINT ( 'NONE',  ( 4.500000000000000000, -2.400000000471834483, -9.500000000000000000 ) ) ;
#2809 = CARTESIAN_POINT ( 'NONE',  ( 4.334314574999996950, 0.000000000000000000, -0.1035533909999999391 ) ) ;
#2810 =( GEOMETRIC_REPRESENTATION_CONTEXT ( 3 ) GLOBAL_UNCERTAINTY_ASSIGNED_CONTEXT ( ( #2200 ) ) GLOBAL_UNIT_ASSIGNED_CONTEXT ( ( #2183, #3147, #3492 ) ) REPRESENTATION_CONTEXT ( 'NONE', 'WORKASPACE' ) );
#2811 =( BOUNDED_SURFACE ( )  B_SPLINE_SURFACE ( 1, 3, ( 
 ( #4029, #2485, #898, #469 ),
 ( #1751, #3037, #155, #1455 ) ),
 .UNSPECIFIED., .F., .F., .F. ) 
 B_SPLINE_SURFACE_WITH_KNOTS ( ( 2, 2 ),
 ( 4, 4 ),
 ( 0.000000000000000000, 1.000000000000000000 ),
 ( 0.000000000000000000, 1.000000000000000000 ),
 .UNSPECIFIED. ) 
 GEOMETRIC_REPRESENTATION_ITEM ( )  RATIONAL_B_SPLINE_SURFACE ( (
 ( 1.000000000000000000, 0.8047378540760217192, 0.8047378540760217192, 1.000000000000000000),
 ( 1.000000000000000000, 0.8047378540760217192, 0.8047378540760217192, 1.000000000000000000) ) ) 
 REPRESENTATION_ITEM ( '' )  SURFACE ( )  );
#2812 = ORIENTED_EDGE ( 'NONE', *, *, #3984, .T. ) ;
#2813 =( NAMED_UNIT ( * ) PLANE_ANGLE_UNIT ( ) SI_UNIT ( $, .RADIAN. ) );
#2814 = CARTESIAN_POINT ( 'NONE',  ( -1.449999999999999734, -2.310876781998414842, -14.61583557732379823 ) ) ;
#2815 = CARTESIAN_POINT ( 'NONE',  ( 4.249999999965814901, 10.39999999930000030, 0.000000000000000000 ) ) ;
#2816 = ORIENTED_EDGE ( 'NONE', *, *, #3472, .T. ) ;
#2817 = PRESENTATION_STYLE_ASSIGNMENT (( #1241 ) ) ;
#2818 = CARTESIAN_POINT ( 'NONE',  ( 2.550000000091665164, 5.400000000000000355, -12.05999999999999872 ) ) ;
#2819 = B_SPLINE_CURVE_WITH_KNOTS ( 'NONE', 1,
 ( #588, #2818 ),
 .UNSPECIFIED., .F., .F.,
 ( 2, 2 ),
 ( 0.000000000000000000, 1.000000000000000000 ),
 .UNSPECIFIED. ) ;
#2820 = CARTESIAN_POINT ( 'NONE',  ( 1.450000000399999767, 0.2334459467167515068, -13.70000000000000107 ) ) ;
#2821 = ORIENTED_EDGE ( 'NONE', *, *, #99, .F. ) ;
#2822 = CARTESIAN_POINT ( 'NONE',  ( 0.7408264380000001426, 6.400000000000002132, -2.000000000000002220 ) ) ;
#2823 = CARTESIAN_POINT ( 'NONE',  ( -1.350000000000000089, 6.400000000000000355, -14.09999999999999964 ) ) ;
#2824 = ORIENTED_EDGE ( 'NONE', *, *, #3053, .T. ) ;
#2825 = CARTESIAN_POINT ( 'NONE',  ( -1.375000000000000000, 6.399999999753068103, -10.00000000000000000 ) ) ;
#2826 = CARTESIAN_POINT ( 'NONE',  ( -1.449999999863381905, -5.132972359884196756, -13.21256209908946389 ) ) ;
#2827 = FACE_OUTER_BOUND ( 'NONE', #1714, .T. ) ;
#2828 = PRESENTATION_LAYER_ASSIGNMENT (  '', '', ( #3223 ) ) ;
#2829 = COLOUR_RGB ( '',0.7490196078431372584, 0.7490196078431372584, 0.7490196078431372584 ) ;
#2830 = CARTESIAN_POINT ( 'NONE',  ( 1.450000000399999767, 0.2334459467167515068, -13.70000000000000107 ) ) ;
#2831 = EDGE_CURVE ( 'NONE', #867, #4039, #2949, .T. ) ;
#2832 = CARTESIAN_POINT ( 'NONE',  ( -1.250000000000000000, -1.979086841089793047, -7.109145533000000405 ) ) ;
#2833 = ORIENTED_EDGE ( 'NONE', *, *, #1009, .F. ) ;
#2834 = COLOUR_RGB ( '',0.7490196078431372584, 0.7490196078431372584, 0.7490196078431372584 ) ;
#2835 =( BOUNDED_SURFACE ( )  B_SPLINE_SURFACE ( 3, 3, ( 
 ( #4064, #2572, #1918, #964 ),
 ( #318, #989, #2252, #2888 ),
 ( #2228, #3816, #1887, #3443 ),
 ( #1614, #4110, #1202, #573 ) ),
 .UNSPECIFIED., .F., .F., .T. ) 
 B_SPLINE_SURFACE_WITH_KNOTS ( ( 4, 4 ),
 ( 4, 4 ),
 ( 0.000000000000000000, 1.000000000000000000 ),
 ( 0.000000000000000000, 1.000000000000000000 ),
 .UNSPECIFIED. ) 
 GEOMETRIC_REPRESENTATION_ITEM ( )  RATIONAL_B_SPLINE_SURFACE ( (
 ( 1.000000000000000000, 0.3333333333333329818, 0.3333333333333329818, 1.000000000000000000),
 ( 0.8047378541243649375, 0.2682459513747879609, 0.2682459513747879609, 0.8047378541243649375),
 ( 0.8047378541243649375, 0.2682459513747879609, 0.2682459513747879609, 0.8047378541243649375),
 ( 1.000000000000000000, 0.3333333333333329818, 0.3333333333333329818, 1.000000000000000000) ) ) 
 REPRESENTATION_ITEM ( '' )  SURFACE ( )  );
#2836 = CARTESIAN_POINT ( 'NONE',  ( 3.200000000000000178, 8.274516600710942527, 0.000000000000000000 ) ) ;
#2837 =( GEOMETRIC_REPRESENTATION_CONTEXT ( 3 ) GLOBAL_UNCERTAINTY_ASSIGNED_CONTEXT ( ( #401 ) ) GLOBAL_UNIT_ASSIGNED_CONTEXT ( ( #3001, #2793, #4076 ) ) REPRESENTATION_CONTEXT ( 'NONE', 'WORKASPACE' ) );
#2838 = ORIENTED_EDGE ( 'NONE', *, *, #2633, .T. ) ;
#2839 = CARTESIAN_POINT ( 'NONE',  ( 1.449999999999999956, -0.3677808539073370575, -14.12933590664532169 ) ) ;
#2840 = EDGE_LOOP ( 'NONE', ( #1022, #2314, #1927, #2339 ) ) ;
#2841 = CARTESIAN_POINT ( 'NONE',  ( 4.250000000000000000, 10.55000000000000071, 0.000000000000000000 ) ) ;
#2842 = VERTEX_POINT ( 'NONE', #2720 ) ;
#2843 = CARTESIAN_POINT ( 'NONE',  ( 4.249999999965814901, 10.39999999930000030, 0.000000000000000000 ) ) ;
#2844 = ORIENTED_EDGE ( 'NONE', *, *, #11, .F. ) ;
#2845 = ORIENTED_EDGE ( 'NONE', *, *, #395, .T. ) ;
#2846 = B_SPLINE_CURVE_WITH_KNOTS ( 'NONE', 3,
 ( #3803, #260, #1561, #1818 ),
 .UNSPECIFIED., .F., .F.,
 ( 4, 4 ),
 ( 0.000000000000000000, 1.000000000000000000 ),
 .UNSPECIFIED. ) ;
#2847 = FILL_AREA_STYLE_COLOUR ( '', #3825 ) ;
#2848 = FACE_OUTER_BOUND ( 'NONE', #2802, .T. ) ;
#2849 = CARTESIAN_POINT ( 'NONE',  ( -1.447360780074889997, -2.614563275801400355, -14.52925285264158006 ) ) ;
#2850 = B_SPLINE_CURVE_WITH_KNOTS ( 'NONE', 1,
 ( #379, #723 ),
 .UNSPECIFIED., .F., .F.,
 ( 2, 2 ),
 ( -1.000000000000000000, 0.000000000000000000 ),
 .UNSPECIFIED. ) ;
#2851 = CARTESIAN_POINT ( 'NONE',  ( 2.450000000216039808, 7.500000000282499357, -13.70000000000000107 ) ) ;
#2852 = CARTESIAN_POINT ( 'NONE',  ( 4.334314575000001390, 10.79999999999999716, -0.2500000000000003331 ) ) ;
#2853 = EDGE_LOOP ( 'NONE', ( #2534, #1339, #329, #2845 ) ) ;
#2854 = EDGE_CURVE ( 'NONE', #4059, #3160, #1191, .T. ) ;
#2855 = CARTESIAN_POINT ( 'NONE',  ( -0.6138981111185289885, 6.400000000000000355, -2.000000000000000000 ) ) ;
#2856 = CARTESIAN_POINT ( 'NONE',  ( -1.449999999999999734, -1.858694062767940691, -14.55250166619848784 ) ) ;
#2857 = CARTESIAN_POINT ( 'NONE',  ( -3.200000000768939756, 8.274516599398276995, 0.000000000000000000 ) ) ;
#2858 = ORIENTED_EDGE ( 'NONE', *, *, #3105, .T. ) ;
#2859 = ORIENTED_EDGE ( 'NONE', *, *, #32, .T. ) ;
#2860 = B_SPLINE_CURVE_WITH_KNOTS ( 'NONE', 3,
 ( #66, #3910, #1396, #52 ),
 .UNSPECIFIED., .F., .F.,
 ( 4, 4 ),
 ( 0.000000000000000000, 0.4506621912023169862 ),
 .UNSPECIFIED. ) ;
#2861 = SURFACE_STYLE_USAGE ( .BOTH. , #291 ) ;
#2862 = VERTEX_POINT ( 'NONE', #3672 ) ;
#2863 = CARTESIAN_POINT ( 'NONE',  ( 1.374999999772665848, 6.399999999623981140, -9.199999999999999289 ) ) ;
#2864 = ORIENTED_EDGE ( 'NONE', *, *, #1554, .F. ) ;
#2865 = CARTESIAN_POINT ( 'NONE',  ( 1.050000000000000044, 6.400000000000000355, -14.40000000000000036 ) ) ;
#2866 = CARTESIAN_POINT ( 'NONE',  ( -1.250000000000000000, -1.979086840863834906, -7.109145532928790701 ) ) ;
#2867 = ORIENTED_EDGE ( 'NONE', *, *, #3003, .T. ) ;
#2868 = CARTESIAN_POINT ( 'NONE',  ( -4.250000000014964918, 10.39999999930000030, 0.000000000000000000 ) ) ;
#2869 = PRESENTATION_STYLE_ASSIGNMENT (( #2698 ) ) ;
#2870 = SURFACE_SIDE_STYLE ('',( #1278 ) ) ;
#2871 = EDGE_CURVE ( 'NONE', #3840, #1632, #3412, .T. ) ;
#2872 = CARTESIAN_POINT ( 'NONE',  ( 0.9999999991795871512, 4.400000000769380470, -3.000000000000000000 ) ) ;
#2873 =( NAMED_UNIT ( * ) SI_UNIT ( $, .STERADIAN. ) SOLID_ANGLE_UNIT ( ) );
#2874 = ORIENTED_EDGE ( 'NONE', *, *, #2555, .F. ) ;
#2875 = FACE_OUTER_BOUND ( 'NONE', #1795, .T. ) ;
#2876 =( NAMED_UNIT ( * ) SI_UNIT ( $, .STERADIAN. ) SOLID_ANGLE_UNIT ( ) );
#2877 = CARTESIAN_POINT ( 'NONE',  ( 2.550000000000000266, 7.400000000000000355, -13.61000000000000121 ) ) ;
#2878 = ADVANCED_FACE ( 'NONE', ( #2078 ), #4053, .T. ) ;
#2879 = EDGE_LOOP ( 'NONE', ( #3595, #958, #2135, #205 ) ) ;
#2880 = CARTESIAN_POINT ( 'NONE',  ( -3.950000000000000178, 0.2334459459999999875, -14.50000000000000000 ) ) ;
#2881 =( GEOMETRIC_REPRESENTATION_CONTEXT ( 3 ) GLOBAL_UNCERTAINTY_ASSIGNED_CONTEXT ( ( #1546 ) ) GLOBAL_UNIT_ASSIGNED_CONTEXT ( ( #2464, #4047, #1117 ) ) REPRESENTATION_CONTEXT ( 'NONE', 'WORKASPACE' ) );
#2882 = CARTESIAN_POINT ( 'NONE',  ( 2.550000000091665164, 7.400000000000000355, -12.05999999999999872 ) ) ;
#2883 = ORIENTED_EDGE ( 'NONE', *, *, #3922, .T. ) ;
#2884 = UNCERTAINTY_MEASURE_WITH_UNIT (LENGTH_MEASURE( 1.000000000000000082E-05 ), #1979, 'distance_accuracy_value', 'NONE');
#2885 = CARTESIAN_POINT ( 'NONE',  ( -0.3593670329993345347, 7.739434578459999159, -9.199999999999999289 ) ) ;
#2886 = ORIENTED_EDGE ( 'NONE', *, *, #1209, .F. ) ;
#2887 = EDGE_CURVE ( 'NONE', #3423, #3551, #793, .T. ) ;
#2888 = CARTESIAN_POINT ( 'NONE',  ( -1.349999999999998979, 6.400000000000006573, -14.27573593100000870 ) ) ;
#2889 = VERTEX_POINT ( 'NONE', #3187 ) ;
#2890 = CARTESIAN_POINT ( 'NONE',  ( -4.099999999500000492, 10.54999999996582005, 0.000000000000000000 ) ) ;
#2891 = CARTESIAN_POINT ( 'NONE',  ( -1.649999999999999911, 3.833445946000000326, -14.50000000000000000 ) ) ;
#2892 = B_SPLINE_SURFACE_WITH_KNOTS ( 'NONE', 1, 1, ( 
 ( #2508, #1575 ),
 ( #3131, #992 ) ),
 .UNSPECIFIED., .F., .F., .F.,
 ( 2, 2 ),
 ( 2, 2 ),
 ( 0.000000000000000000, 1.000000000000000000 ),
 ( 0.000000000000000000, 1.000000000000000000 ),
 .UNSPECIFIED. ) ;
#2893 = CARTESIAN_POINT ( 'NONE',  ( -2.666262647999997348, 9.386000567167000597, -12.00000000000000178 ) ) ;
#2894 = CARTESIAN_POINT ( 'NONE',  ( -3.950000000000000178, 0.2334459459999999875, -13.70000000000000107 ) ) ;
#2895 = CARTESIAN_POINT ( 'NONE',  ( -4.500000000000000000, 0.3999999999589795019, -0.2500000000240429898 ) ) ;
#2896 = CARTESIAN_POINT ( 'NONE',  ( 1.450000000050205795, 4.846576362344830358, -13.70000000000000107 ) ) ;
#2897 = ORIENTED_EDGE ( 'NONE', *, *, #440, .F. ) ;
#2898 = PRESENTATION_LAYER_ASSIGNMENT (  '', '', ( #1297 ) ) ;
#2899 = FILL_AREA_STYLE ('',( #1337 ) ) ;
#2900 = CARTESIAN_POINT ( 'NONE',  ( 2.142682943427677067, 13.42162447369155487, -12.00000000000000000 ) ) ;
#2901 =( NAMED_UNIT ( * ) SI_UNIT ( $, .STERADIAN. ) SOLID_ANGLE_UNIT ( ) );
#2902 = PRESENTATION_LAYER_ASSIGNMENT (  '', '', ( #1638 ) ) ;
#2903 = ORIENTED_EDGE ( 'NONE', *, *, #1458, .F. ) ;
#2904 = ORIENTED_EDGE ( 'NONE', *, *, #2600, .T. ) ;
#2905 = ORIENTED_EDGE ( 'NONE', *, *, #1251, .F. ) ;
#2906 = SURFACE_STYLE_FILL_AREA ( #1049 ) ;
#2907 = EDGE_LOOP ( 'NONE', ( #1471, #3190, #461, #3381 ) ) ;
#2908 = CARTESIAN_POINT ( 'NONE',  ( 4.500000000000000000, 0.3999999999820414986, -0.2499999999871810041 ) ) ;
#2909 = SURFACE_SIDE_STYLE ('',( #2661 ) ) ;
#2910 = ORIENTED_EDGE ( 'NONE', *, *, #3625, .T. ) ;
#2911 = EDGE_CURVE ( 'NONE', #1931, #2781, #36, .T. ) ;
#2912 = CARTESIAN_POINT ( 'NONE',  ( 3.866687451000000220, 7.789454759674001139, -12.00000000000000178 ) ) ;
#2913 = CARTESIAN_POINT ( 'NONE',  ( 1.449999999999999734, -2.314979835276103959, -14.21057335412529099 ) ) ;
#2914 =( NAMED_UNIT ( * ) SI_UNIT ( $, .STERADIAN. ) SOLID_ANGLE_UNIT ( ) );
#2915 = FACE_OUTER_BOUND ( 'NONE', #824, .T. ) ;
#2916 = CARTESIAN_POINT ( 'NONE',  ( 3.950000000000000178, 3.833445946000000326, -14.50000000000000000 ) ) ;
#2917 = CARTESIAN_POINT ( 'NONE',  ( -1.249999998933331913, 0.000000000000000000, -7.550000000879180995 ) ) ;
#2918 = CARTESIAN_POINT ( 'NONE',  ( 2.449999999999999734, 5.299999999271410189, -13.70000000000000107 ) ) ;
#2919 = SURFACE_STYLE_FILL_AREA ( #3875 ) ;
#2920 = ORIENTED_EDGE ( 'NONE', *, *, #3809, .F. ) ;
#2921 = CARTESIAN_POINT ( 'NONE',  ( -1.649999998700000026, 0.2334459459999999875, -14.50000000000000000 ) ) ;
#2922 = CARTESIAN_POINT ( 'NONE',  ( 1.049999999826399799, 6.400000000000000355, -14.40000000000000036 ) ) ;
#2923 =( BOUNDED_CURVE ( )  B_SPLINE_CURVE ( 3, ( #356, #1667, #1042, #1993 ),
 .UNSPECIFIED., .F., .T. ) 
 B_SPLINE_CURVE_WITH_KNOTS ( ( 4, 4 ),
 ( 0.000000000000000000, 3.141592653589795336 ),
 .UNSPECIFIED. ) 
 CURVE ( )  GEOMETRIC_REPRESENTATION_ITEM ( )  RATIONAL_B_SPLINE_CURVE ( ( 1.000000000000000000, 0.3333333333333329818, 0.3333333333333329818, 1.000000000000000000 ) ) 
 REPRESENTATION_ITEM ( '' )  );
#2924 = CARTESIAN_POINT ( 'NONE',  ( -4.500000000000000000, 6.800000001522329640, -12.00000000000000000 ) ) ;
#2925 = UNCERTAINTY_MEASURE_WITH_UNIT (LENGTH_MEASURE( 1.000000000000000082E-05 ), #3589, 'distance_accuracy_value', 'NONE');
#2926 = ORIENTED_EDGE ( 'NONE', *, *, #3420, .F. ) ;
#2927 = CARTESIAN_POINT ( 'NONE',  ( 4.100000000000000533, 10.79999999996996252, -0.1035533905181812708 ) ) ;
#2928 = CARTESIAN_POINT ( 'NONE',  ( 3.803283115500775580, 7.500000000411899848, -12.00000000000000000 ) ) ;
#2929 = VERTEX_POINT ( 'NONE', #3458 ) ;
#2930 = CARTESIAN_POINT ( 'NONE',  ( -4.187867966000001552, 0.2500000000000003331, 0.000000000000000000 ) ) ;
#2931 = CARTESIAN_POINT ( 'NONE',  ( 2.450000000216039808, 7.500000000282499357, -13.70000000000000107 ) ) ;
#2932 = CARTESIAN_POINT ( 'NONE',  ( -0.8380591770000009877, 4.723881646000001489, -2.081587956000001682 ) ) ;
#2933 = CARTESIAN_POINT ( 'NONE',  ( 0.8601000500000004489, 8.120200100000003474, -2.206587956000000350 ) ) ;
#2934 = EDGE_CURVE ( 'NONE', #242, #2605, #1551, .T. ) ;
#2935 = CARTESIAN_POINT ( 'NONE',  ( -0.8601000500000000049, 6.399999999845539023, -2.206587955999999906 ) ) ;
#2936 = CARTESIAN_POINT ( 'NONE',  ( 4.500000000000003553, 10.40000000000000391, -0.1035533909999999530 ) ) ;
#2937 = CARTESIAN_POINT ( 'NONE',  ( 4.500000000000000000, 4.000000000000000000, -11.90000000116666179 ) ) ;
#2938 = CARTESIAN_POINT ( 'NONE',  ( 1.450000000005321921, 4.846576363135629784, -14.09999999989426200 ) ) ;
#2939 = CARTESIAN_POINT ( 'NONE',  ( -1.249999999668854223, -2.504526320667683326, -6.985058561783479725 ) ) ;
#2940 = ORIENTED_EDGE ( 'NONE', *, *, #1983, .F. ) ;
#2941 = CARTESIAN_POINT ( 'NONE',  ( 1.250000000000000000, -2.219897943239924842, -7.170956061292850237 ) ) ;
#2942 = CARTESIAN_POINT ( 'NONE',  ( -1.449999999999999734, -0.2653730599138885426, -13.70000000001946461 ) ) ;
#2943 = CARTESIAN_POINT ( 'NONE',  ( -0.9999999996408273084, 4.400000000999999550, -3.000000000000000000 ) ) ;
#2944 = CARTESIAN_POINT ( 'NONE',  ( 2.550000000091665164, 7.400000000000000355, -12.05999999999999872 ) ) ;
#2945 = CARTESIAN_POINT ( 'NONE',  ( -1.249999998933331913, 0.000000000000000000, -7.850000001416669981 ) ) ;
#2946 = STYLED_ITEM ( 'NONE', ( #2621 ), #413 ) ;
#2947 =( BOUNDED_CURVE ( )  B_SPLINE_CURVE ( 3, ( #3574, #2604, #1314, #2582 ),
 .UNSPECIFIED., .F., .T. ) 
 B_SPLINE_CURVE_WITH_KNOTS ( ( 4, 4 ),
 ( 0.000000000000000000, 1.570796326794895004 ),
 .UNSPECIFIED. ) 
 CURVE ( )  GEOMETRIC_REPRESENTATION_ITEM ( )  RATIONAL_B_SPLINE_CURVE ( ( 1.000000000000000000, 0.8047378541243649375, 0.8047378541243649375, 1.000000000000000000 ) ) 
 REPRESENTATION_ITEM ( '' )  );
#2948 = ORIENTED_EDGE ( 'NONE', *, *, #2292, .F. ) ;
#2949 = B_SPLINE_CURVE_WITH_KNOTS ( 'NONE', 1,
 ( #1508, #3656 ),
 .UNSPECIFIED., .F., .F.,
 ( 2, 2 ),
 ( 0.000000000000000000, 1.000000000000000000 ),
 .UNSPECIFIED. ) ;
#2950 = CARTESIAN_POINT ( 'NONE',  ( 2.949999999999999734, 7.400000000000000355, -12.05999999999999872 ) ) ;
#2951 = SURFACE_SIDE_STYLE ('',( #1679 ) ) ;
#2952 = CARTESIAN_POINT ( 'NONE',  ( -3.532758047999996709, 8.262696060402010545, -12.00000000000000178 ) ) ;
#2953 = CARTESIAN_POINT ( 'NONE',  ( 4.273654403000000990, 10.69644660900000588, 0.000000000000000000 ) ) ;
#2954 = CARTESIAN_POINT ( 'NONE',  ( 4.100000001305985187, 10.80000000000000071, -3.500000000000000000 ) ) ;
#2955 = B_SPLINE_CURVE_WITH_KNOTS ( 'NONE', 3,
 ( #2087, #2748, #1158, #2412 ),
 .UNSPECIFIED., .F., .F.,
 ( 4, 4 ),
 ( 0.000000000000000000, 1.000000000000000000 ),
 .UNSPECIFIED. ) ;
#2956 = CARTESIAN_POINT ( 'NONE',  ( -1.250000000000000000, -0.1499999996548333769, -7.549999999879180024 ) ) ;
#2957 = EDGE_CURVE ( 'NONE', #3352, #2429, #3937, .T. ) ;
#2958 = SURFACE_STYLE_FILL_AREA ( #2899 ) ;
#2959 = CARTESIAN_POINT ( 'NONE',  ( -1.649999999999999911, 3.833445946000000326, -13.70000000000000107 ) ) ;
#2960 = CARTESIAN_POINT ( 'NONE',  ( 1.527014650662650741, 7.909659824863368272, -13.70000000000000284 ) ) ;
#2961 = ORIENTED_EDGE ( 'NONE', *, *, #2871, .T. ) ;
#2962 = CARTESIAN_POINT ( 'NONE',  ( -1.250000000000000000, -1.903333792305063499, -7.109145533000001294 ) ) ;
#2963 = SURFACE_STYLE_FILL_AREA ( #1934 ) ;
#2964 = UNCERTAINTY_MEASURE_WITH_UNIT (LENGTH_MEASURE( 1.000000000000000082E-05 ), #3746, 'distance_accuracy_value', 'NONE');
#2965 = CARTESIAN_POINT ( 'NONE',  ( 1.062599999999999989, 7.462600000000000122, -14.40000000000000036 ) ) ;
#2966 = STYLED_ITEM ( 'NONE', ( #2430 ), #1812 ) ;
#2967 = CARTESIAN_POINT ( 'NONE',  ( 4.499999999999999112, 0.1656854250000000250, -0.1035533909999999391 ) ) ;
#2968 = FILL_AREA_STYLE_COLOUR ( '', #2144 ) ;
#2969 = MECHANICAL_DESIGN_GEOMETRIC_PRESENTATION_REPRESENTATION (  '', ( #2218 ), #2640 ) ;
#2970 = CARTESIAN_POINT ( 'NONE',  ( -0.8928239473083344757, 6.921389605524334243, -9.200000000000001066 ) ) ;
#2971 =( BOUNDED_CURVE ( )  B_SPLINE_CURVE ( 3, ( #2386, #3658, #791, #509 ),
 .UNSPECIFIED., .F., .T. ) 
 B_SPLINE_CURVE_WITH_KNOTS ( ( 4, 4 ),
 ( -1.570796326794895004, 0.000000000000000000 ),
 .UNSPECIFIED. ) 
 CURVE ( )  GEOMETRIC_REPRESENTATION_ITEM ( )  RATIONAL_B_SPLINE_CURVE ( ( 1.000000000000000000, 0.8047378540760213861, 0.8047378540760213861, 1.000000000000000000 ) ) 
 REPRESENTATION_ITEM ( '' )  );
#2972 = CARTESIAN_POINT ( 'NONE',  ( 0.8601000500000004489, 4.679799900000005231, -2.206587956000000350 ) ) ;
#2973 = STYLED_ITEM ( 'NONE', ( #1027 ), #3384 ) ;
#2974 = SURFACE_STYLE_FILL_AREA ( #3563 ) ;
#2975 = ORIENTED_EDGE ( 'NONE', *, *, #632, .F. ) ;
#2976 = PRESENTATION_LAYER_ASSIGNMENT (  '', '', ( #283 ) ) ;
#2977 = CARTESIAN_POINT ( 'NONE',  ( 1.250000000000000000, -0.3677808530000000187, -7.500079437000000127 ) ) ;
#2978 = CARTESIAN_POINT ( 'NONE',  ( 4.500000000000000000, 10.40000000000000036, -0.2500000000000000000 ) ) ;
#2979 = FILL_AREA_STYLE ('',( #2052 ) ) ;
#2980 = AXIS2_PLACEMENT_3D ( 'NONE', #81, #2375, #2090 ) ;
#2981 = EDGE_CURVE ( 'NONE', #250, #1449, #3547, .T. ) ;
#2982 = CARTESIAN_POINT ( 'NONE',  ( -3.950000002522797260, 12.58350523929263431, -13.70000000000000107 ) ) ;
#2983 = CARTESIAN_POINT ( 'NONE',  ( -1.250000000000000000, 0.000000000000000000, -7.849999999999999645 ) ) ;
#2984 = ORIENTED_EDGE ( 'NONE', *, *, #754, .F. ) ;
#2985 = ADVANCED_FACE ( 'NONE', ( #1610, #866 ), #2696, .F. ) ;
#2986 = CARTESIAN_POINT ( 'NONE',  ( 4.899999999999999467, 3.779564945066666404, -11.90000000000000213 ) ) ;
#2987 =( NAMED_UNIT ( * ) PLANE_ANGLE_UNIT ( ) SI_UNIT ( $, .RADIAN. ) );
#2988 = CARTESIAN_POINT ( 'NONE',  ( -1.449999999999999956, -0.3677808543892330251, -14.12933590679218021 ) ) ;
#2989 = CARTESIAN_POINT ( 'NONE',  ( 0.8601000500000005600, 6.399999999647183024, -2.206587955999999906 ) ) ;
#2990 = ORIENTED_EDGE ( 'NONE', *, *, #2631, .F. ) ;
#2991 =( NAMED_UNIT ( * ) PLANE_ANGLE_UNIT ( ) SI_UNIT ( $, .RADIAN. ) );
#2992 = CARTESIAN_POINT ( 'NONE',  ( -0.8601000500000000049, 6.400000000000000355, -2.206587955999999906 ) ) ;
#2993 = EDGE_LOOP ( 'NONE', ( #2545, #2680, #4127, #1127 ) ) ;
#2994 = ADVANCED_FACE ( 'NONE', ( #266 ), #48, .F. ) ;
#2995 =( BOUNDED_CURVE ( )  B_SPLINE_CURVE ( 3, ( #1963, #2930, #3376, #3967 ),
 .UNSPECIFIED., .F., .T. ) 
 B_SPLINE_CURVE_WITH_KNOTS ( ( 4, 4 ),
 ( 0.000000000000000000, 1.570796326794895004 ),
 .UNSPECIFIED. ) 
 CURVE ( )  GEOMETRIC_REPRESENTATION_ITEM ( )  RATIONAL_B_SPLINE_CURVE ( ( 1.000000000000000000, 0.8047378541243649375, 0.8047378541243649375, 1.000000000000000000 ) ) 
 REPRESENTATION_ITEM ( '' )  );
#2996 = SURFACE_STYLE_FILL_AREA ( #3662 ) ;
#2997 = SURFACE_STYLE_FILL_AREA ( #3645 ) ;
#2998 = SURFACE_STYLE_USAGE ( .BOTH. , #452 ) ;
#2999 = SURFACE_STYLE_USAGE ( .BOTH. , #3979 ) ;
#3000 = ORIENTED_EDGE ( 'NONE', *, *, #1381, .T. ) ;
#3001 =( LENGTH_UNIT ( ) NAMED_UNIT ( * ) SI_UNIT ( .MILLI., .METRE. ) );
#3002 = CARTESIAN_POINT ( 'NONE',  ( 4.100000000000000533, 0.000000000000000000, -12.00000000000000000 ) ) ;
#3003 = EDGE_CURVE ( 'NONE', #1460, #2605, #133, .T. ) ;
#3004 = CARTESIAN_POINT ( 'NONE',  ( 2.949999999999999734, 5.400000000000000355, -12.05999999999999872 ) ) ;
#3005 = CARTESIAN_POINT ( 'NONE',  ( -4.500000000000000000, 10.39999999994530100, -3.500000001250000103 ) ) ;
#3006 = CARTESIAN_POINT ( 'NONE',  ( 4.899999999999999467, -2.400000001385214521, -11.90000000000000036 ) ) ;
#3007 = CARTESIAN_POINT ( 'NONE',  ( -0.5857864375170659388, 7.400000000120148691, -3.000000000000000000 ) ) ;
#3008 = ORIENTED_EDGE ( 'NONE', *, *, #175, .T. ) ;
#3009 = CARTESIAN_POINT ( 'NONE',  ( 4.500000000000000000, 6.799999999999999822, -3.500000001250000103 ) ) ;
#3010 = UNCERTAINTY_MEASURE_WITH_UNIT (LENGTH_MEASURE( 1.000000000000000082E-05 ), #603, 'distance_accuracy_value', 'NONE');
#3011 = B_SPLINE_CURVE_WITH_KNOTS ( 'NONE', 1,
 ( #3282, #757 ),
 .UNSPECIFIED., .F., .F.,
 ( 2, 2 ),
 ( 0.000000000000000000, 1.000000000000000000 ),
 .UNSPECIFIED. ) ;
#3012 = EDGE_CURVE ( 'NONE', #332, #2089, #4082, .T. ) ;
#3013 = STYLED_ITEM ( 'NONE', ( #1081 ), #367 ) ;
#3014 =( NAMED_UNIT ( * ) PLANE_ANGLE_UNIT ( ) SI_UNIT ( $, .RADIAN. ) );
#3015 = ORIENTED_EDGE ( 'NONE', *, *, #1865, .F. ) ;
#3016 = CARTESIAN_POINT ( 'NONE',  ( 4.500000000000000000, 6.799999999999999822, -12.00000000000000000 ) ) ;
#3017 = CARTESIAN_POINT ( 'NONE',  ( 1.250000000000000000, -1.979975502999999915, -6.805336373999999466 ) ) ;
#3018 = CARTESIAN_POINT ( 'NONE',  ( 4.900000000072090245, 3.875735931193587724, -11.90000000000000036 ) ) ;
#3019 = CARTESIAN_POINT ( 'NONE',  ( -2.084881166313492962, 5.886076790677131854, -13.70000000000000107 ) ) ;
#3020 = VERTEX_POINT ( 'NONE', #43 ) ;
#3021 = CARTESIAN_POINT ( 'NONE',  ( -0.6930124055726677446, 5.198765858229333681, -9.199999999999999289 ) ) ;
#3022 = CARTESIAN_POINT ( 'NONE',  ( 4.249999999999999112, 0.3121320340000002247, 0.000000000000000000 ) ) ;
#3023 = MECHANICAL_DESIGN_GEOMETRIC_PRESENTATION_REPRESENTATION (  '', ( #3627 ), #344 ) ;
#3024 = CARTESIAN_POINT ( 'NONE',  ( 0.6517370175000015697, -3.482591462106997326, -7.522563362057632652 ) ) ;
#3025 = CARTESIAN_POINT ( 'NONE',  ( 0.5038349445505686530, 7.260100049896664132, -2.206587955999999906 ) ) ;
#3026 = ORIENTED_EDGE ( 'NONE', *, *, #2631, .T. ) ;
#3027 = B_SPLINE_SURFACE_WITH_KNOTS ( 'NONE', 1, 1, ( 
 ( #3471, #1836 ),
 ( #2212, #3134 ) ),
 .UNSPECIFIED., .F., .F., .F.,
 ( 2, 2 ),
 ( 2, 2 ),
 ( 0.000000000000000000, 1.000000000000000000 ),
 ( 0.000000000000000000, 1.000000000000000000 ),
 .UNSPECIFIED. ) ;
#3028 = CARTESIAN_POINT ( 'NONE',  ( -1.450000000983870052, 4.846576361501269581, -13.70000000000000107 ) ) ;
#3029 = CARTESIAN_POINT ( 'NONE',  ( 1.449999999999999956, -2.575316788999999940, -14.60539999999999949 ) ) ;
#3030 = CARTESIAN_POINT ( 'NONE',  ( 2.455000000106540181, 5.399999999800000339, -13.70000000020266029 ) ) ;
#3031 = VERTEX_POINT ( 'NONE', #2019 ) ;
#3032 =( GEOMETRIC_REPRESENTATION_CONTEXT ( 3 ) GLOBAL_UNCERTAINTY_ASSIGNED_CONTEXT ( ( #743 ) ) GLOBAL_UNIT_ASSIGNED_CONTEXT ( ( #1972, #761, #2901 ) ) REPRESENTATION_CONTEXT ( 'NONE', 'WORKASPACE' ) );
#3033 = EDGE_CURVE ( 'NONE', #167, #2332, #478, .T. ) ;
#3034 = MECHANICAL_DESIGN_GEOMETRIC_PRESENTATION_REPRESENTATION (  '', ( #2088 ), #3362 ) ;
#3035 = CARTESIAN_POINT ( 'NONE',  ( 3.950000000000000178, 3.833445945671605237, -13.70000000000000107 ) ) ;
#3036 = CARTESIAN_POINT ( 'NONE',  ( 2.589956079725000304, 7.400000000000000355, -14.09999999999999964 ) ) ;
#3037 = CARTESIAN_POINT ( 'NONE',  ( 4.499999999969964470, 0.4000000000000000222, -0.1035533905181821451 ) ) ;
#3038 = ADVANCED_FACE ( 'NONE', ( #2334 ), #3385, .F. ) ;
#3039 = CARTESIAN_POINT ( 'NONE',  ( -3.950000000000000178, 0.2334459459999999875, -14.50000000000000000 ) ) ;
#3040 = CARTESIAN_POINT ( 'NONE',  ( -4.100000000000000533, -5.633647482706618663E-11, -0.1035533906656303099 ) ) ;
#3041 = MECHANICAL_DESIGN_GEOMETRIC_PRESENTATION_REPRESENTATION (  '', ( #899 ), #1829 ) ;
#3042 = ORIENTED_EDGE ( 'NONE', *, *, #3558, .T. ) ;
#3043 = ADVANCED_FACE ( 'NONE', ( #1318 ), #3056, .T. ) ;
#3044 = CARTESIAN_POINT ( 'NONE',  ( -1.339434578460000802, 6.040632967000668430, -9.200000000000001066 ) ) ;
#3045 = CARTESIAN_POINT ( 'NONE',  ( 2.455000000106540181, 5.399999999800000339, -13.70000000020266029 ) ) ;
#3046 = CARTESIAN_POINT ( 'NONE',  ( 1.875000000000000000, 5.400000000000000355, -12.05999999999999872 ) ) ;
#3047 = FILL_AREA_STYLE ('',( #164 ) ) ;
#3048 = ORIENTED_EDGE ( 'NONE', *, *, #3796, .F. ) ;
#3049 = CARTESIAN_POINT ( 'NONE',  ( 0.5031599040000059864, 10.49999999999999645, -3.499999999999999112 ) ) ;
#3050 = B_SPLINE_CURVE_WITH_KNOTS ( 'NONE', 3,
 ( #1648, #1084, #2960, #95, #1043, #77, #3934, #2654, #1385, #3611, #3917, #3629, #2036, #3308, #3019, #1137, #1178, #1440 ),
 .UNSPECIFIED., .F., .F.,
 ( 4, 2, 2, 2, 2, 2, 2, 2, 4 ),
 ( 0.4899573262537280094, 0.9238892184436393595, 1.357821110633550710, 1.791753002823462060, 2.225684895013373410, 2.659616787203286314, 3.093548679393199219, 3.527480571583112123, 3.961412463773025028 ),
 .UNSPECIFIED. ) ;
#3051 = VERTEX_POINT ( 'NONE', #455 ) ;
#3052 = UNCERTAINTY_MEASURE_WITH_UNIT (LENGTH_MEASURE( 1.000000000000000082E-05 ), #1790, 'distance_accuracy_value', 'NONE');
#3053 = EDGE_CURVE ( 'NONE', #1684, #4061, #2594, .T. ) ;
#3054 = CARTESIAN_POINT ( 'NONE',  ( -4.307828159999999684, 10.75785726666666520, -3.499999999999999556 ) ) ;
#3055 = ORIENTED_EDGE ( 'NONE', *, *, #3306, .T. ) ;
#3056 =( BOUNDED_SURFACE ( )  B_SPLINE_SURFACE ( 1, 3, ( 
 ( #2396, #477, #3325, #3370 ),
 ( #1407, #1739, #800, #98 ) ),
 .UNSPECIFIED., .F., .F., .F. ) 
 B_SPLINE_SURFACE_WITH_KNOTS ( ( 2, 2 ),
 ( 4, 4 ),
 ( 0.000000000000000000, 1.000000000000000000 ),
 ( 0.000000000000000000, 1.000000000000000000 ),
 .UNSPECIFIED. ) 
 GEOMETRIC_REPRESENTATION_ITEM ( )  RATIONAL_B_SPLINE_SURFACE ( (
 ( 1.000000000000000000, 0.9831467894181623590, 0.9831467894181623590, 1.000000000000000000),
 ( 1.000000000000000000, 0.9831467894181623590, 0.9831467894181623590, 1.000000000000000000) ) ) 
 REPRESENTATION_ITEM ( '' )  SURFACE ( )  );
#3057 = EDGE_CURVE ( 'NONE', #1650, #3818, #3326, .T. ) ;
#3058 = CARTESIAN_POINT ( 'NONE',  ( 1.249999998933331913, 0.000000000000000000, -7.850000001416669981 ) ) ;
#3059 = CARTESIAN_POINT ( 'NONE',  ( -0.5857864375170659388, 7.400000000120148691, -3.000000000000000000 ) ) ;
#3060 = ADVANCED_FACE ( 'NONE', ( #1140, #2108 ), #2390, .F. ) ;
#3061 = CARTESIAN_POINT ( 'NONE',  ( 1.649999999999999911, 3.833445946000000326, -13.70000000000000107 ) ) ;
#3062 = VERTEX_POINT ( 'NONE', #2714 ) ;
#3063 = CARTESIAN_POINT ( 'NONE',  ( 0.1805675744840046781, 5.025000000682000589, -9.200000000000001066 ) ) ;
#3064 = SURFACE_STYLE_FILL_AREA ( #3669 ) ;
#3065 = CARTESIAN_POINT ( 'NONE',  ( -4.500000000000000000, 6.800000001522329640, -12.00000000000000000 ) ) ;
#3066 = ADVANCED_FACE ( 'NONE', ( #1520 ), #3475, .F. ) ;
#3067 = CARTESIAN_POINT ( 'NONE',  ( -3.199999997374676219, 2.462015834259201341E-09, -10.00000000000000178 ) ) ;
#3068 = CARTESIAN_POINT ( 'NONE',  ( 1.764092344425094439E-10, 7.260100050000001026, -2.206587955999999906 ) ) ;
#3069 = ORIENTED_EDGE ( 'NONE', *, *, #4044, .F. ) ;
#3070 = CARTESIAN_POINT ( 'NONE',  ( 2.550000000091665164, 5.400000000000000355, -13.61000000030563939 ) ) ;
#3071 = ORIENTED_EDGE ( 'NONE', *, *, #838, .F. ) ;
#3072 = FACE_OUTER_BOUND ( 'NONE', #1387, .T. ) ;
#3073 = VERTEX_POINT ( 'NONE', #3136 ) ;
#3074 =( LENGTH_UNIT ( ) NAMED_UNIT ( * ) SI_UNIT ( .MILLI., .METRE. ) );
#3075 = CARTESIAN_POINT ( 'NONE',  ( -4.500000000000000000, 0.3999999999589795019, -0.2500000000240429898 ) ) ;
#3076 = EDGE_CURVE ( 'NONE', #4061, #2024, #2846, .T. ) ;
#3077 = CARTESIAN_POINT ( 'NONE',  ( 2.051032954586418100E-10, 7.400000000000001243, -9.199999999999999289 ) ) ;
#3078 = CARTESIAN_POINT ( 'NONE',  ( -4.100000000000000533, 0.2499999999551034136, -4.482457593107257935E-17 ) ) ;
#3079 = ORIENTED_EDGE ( 'NONE', *, *, #2029, .F. ) ;
#3080 = EDGE_CURVE ( 'NONE', #1110, #1541, #3932, .T. ) ;
#3081 = CARTESIAN_POINT ( 'NONE',  ( -0.8601000500000000049, 6.399999999961390351, -2.206587955999999906 ) ) ;
#3082 = CARTESIAN_POINT ( 'NONE',  ( 1.375000000330403704, 7.205456351303948459, -10.00000000000000000 ) ) ;
#3083 = CARTESIAN_POINT ( 'NONE',  ( 1.049999999826399799, 6.400000000000000355, -14.40000000000000036 ) ) ;
#3084 = ORIENTED_EDGE ( 'NONE', *, *, #3575, .F. ) ;
#3085 = CARTESIAN_POINT ( 'NONE',  ( -4.250000000000000000, 0.4000000000000000222, 0.000000000000000000 ) ) ;
#3086 = ORIENTED_EDGE ( 'NONE', *, *, #3717, .T. ) ;
#3087 = CARTESIAN_POINT ( 'NONE',  ( 2.449999999333334788, 7.500000000281000112, -12.00000000000000000 ) ) ;
#3088 = CARTESIAN_POINT ( 'NONE',  ( 2.506761336299999421, 5.399999999999999467, -13.69051788491999844 ) ) ;
#3089 = VERTEX_POINT ( 'NONE', #1262 ) ;
#3090 = B_SPLINE_SURFACE_WITH_KNOTS ( 'NONE', 1, 1, ( 
 ( #1574, #2768 ),
 ( #233, #575 ) ),
 .UNSPECIFIED., .F., .F., .F.,
 ( 2, 2 ),
 ( 2, 2 ),
 ( 0.000000000000000000, 1.000000000000000000 ),
 ( 0.000000000000000000, 1.000000000000000000 ),
 .UNSPECIFIED. ) ;
#3091 = SURFACE_STYLE_USAGE ( .BOTH. , #3757 ) ;
#3092 = CARTESIAN_POINT ( 'NONE',  ( -1.250000000000000000, -1.979975503138197812, -6.805336373999999466 ) ) ;
#3093 =( GEOMETRIC_REPRESENTATION_CONTEXT ( 3 ) GLOBAL_UNCERTAINTY_ASSIGNED_CONTEXT ( ( #658 ) ) GLOBAL_UNIT_ASSIGNED_CONTEXT ( ( #625, #4118, #2873 ) ) REPRESENTATION_CONTEXT ( 'NONE', 'WORKASPACE' ) );
#3094 = SURFACE_STYLE_FILL_AREA ( #533 ) ;
#3095 = B_SPLINE_CURVE_WITH_KNOTS ( 'NONE', 1,
 ( #2778, #3729 ),
 .UNSPECIFIED., .F., .F.,
 ( 2, 2 ),
 ( 0.000000000000000000, 1.000000000000000000 ),
 .UNSPECIFIED. ) ;
#3096 = CARTESIAN_POINT ( 'NONE',  ( -1.250000000000000000, -1.979086840863834906, -7.109145532928790701 ) ) ;
#3097 = CARTESIAN_POINT ( 'NONE',  ( 2.949999999999999734, 7.400000000000000355, -13.61000000032266044 ) ) ;
#3098 = CARTESIAN_POINT ( 'NONE',  ( -1.375000002252800169, 6.219432429226671388, -10.00000000000000000 ) ) ;
#3099 =( BOUNDED_CURVE ( )  B_SPLINE_CURVE ( 3, ( #2753, #4015, #1164, #3137 ),
 .UNSPECIFIED., .F., .T. ) 
 B_SPLINE_CURVE_WITH_KNOTS ( ( 4, 4 ),
 ( 0.000000000000000000, 1.570796326794895004 ),
 .UNSPECIFIED. ) 
 CURVE ( )  GEOMETRIC_REPRESENTATION_ITEM ( )  RATIONAL_B_SPLINE_CURVE ( ( 1.000000000000000000, 0.8047378541243649375, 0.8047378541243649375, 1.000000000000000000 ) ) 
 REPRESENTATION_ITEM ( '' )  );
#3100 = EDGE_CURVE ( 'NONE', #2730, #2610, #472, .T. ) ;
#3101 = COLOUR_RGB ( '',0.7490196078431372584, 0.7490196078431372584, 0.7490196078431372584 ) ;
#3102 = EDGE_LOOP ( 'NONE', ( #1519, #498, #2460, #2940, #1068, #104 ) ) ;
#3103 = SURFACE_SIDE_STYLE ('',( #1501 ) ) ;
#3104 = CARTESIAN_POINT ( 'NONE',  ( 1.875000000074141804, 5.400000000139016265, -13.70000000000000107 ) ) ;
#3105 = EDGE_CURVE ( 'NONE', #1509, #242, #1988, .T. ) ;
#3106 = ORIENTED_EDGE ( 'NONE', *, *, #2488, .F. ) ;
#3107 = CARTESIAN_POINT ( 'NONE',  ( -4.500000000000000000, 0.3999999999589795019, -0.2500000000240429898 ) ) ;
#3108 = ORIENTED_EDGE ( 'NONE', *, *, #3100, .T. ) ;
#3109 = B_SPLINE_CURVE_WITH_KNOTS ( 'NONE', 3,
 ( #1985, #107, #2342, #749, #1077, #1093, #2026, #432, #1414, #2279, #3639, #346, #3562, #51, #388, #2912, #30, #690 ),
 .UNSPECIFIED., .F., .F.,
 ( 4, 2, 2, 2, 2, 2, 2, 2, 4 ),
 ( 0.000000000000000000, 0.3701337691727799584, 0.7402675383455599167, 1.110401307518339875, 1.480535076691119833, 1.850668845863899792, 2.220802615036679750, 2.590936384209459931, 2.961070153382239667 ),
 .UNSPECIFIED. ) ;
#3110 = CARTESIAN_POINT ( 'NONE',  ( 1.225735931000000667, 6.400000000000006573, -14.40000000000000568 ) ) ;
#3111 = CARTESIAN_POINT ( 'NONE',  ( -4.500000000000000000, 6.799999999999999822, -3.500000001250000103 ) ) ;
#3112 = ORIENTED_EDGE ( 'NONE', *, *, #3791, .F. ) ;
#3113 =( NAMED_UNIT ( * ) PLANE_ANGLE_UNIT ( ) SI_UNIT ( $, .RADIAN. ) );
#3114 = SURFACE_STYLE_FILL_AREA ( #190 ) ;
#3115 = CARTESIAN_POINT ( 'NONE',  ( -1.260481155451490531, -3.158670574991094604, -13.91397606707696966 ) ) ;
#3116 = CARTESIAN_POINT ( 'NONE',  ( 4.099999999979490717, 10.80000000000000071, -0.2499999999871810041 ) ) ;
#3117 = CARTESIAN_POINT ( 'NONE',  ( 1.449999999999999956, -0.8647519250394365420, -14.27039115994760010 ) ) ;
#3118 = CARTESIAN_POINT ( 'NONE',  ( 4.100000000000000533, 0.2500000000000000000, 0.000000000000000000 ) ) ;
#3119 = ORIENTED_EDGE ( 'NONE', *, *, #1064, .T. ) ;
#3120 =( BOUNDED_SURFACE ( )  B_SPLINE_SURFACE ( 3, 3, ( 
 ( #1579, #2852, #737, #2978 ),
 ( #3623, #1681, #3303, #1096 ),
 ( #2011, #2953, #2370, #1716 ),
 ( #3930, #3869, #755, #2031 ) ),
 .UNSPECIFIED., .F., .F., .F. ) 
 B_SPLINE_SURFACE_WITH_KNOTS ( ( 4, 4 ),
 ( 4, 4 ),
 ( 0.000000000000000000, 1.000000000000000000 ),
 ( 0.000000000000000000, 1.000000000000000000 ),
 .UNSPECIFIED. ) 
 GEOMETRIC_REPRESENTATION_ITEM ( )  RATIONAL_B_SPLINE_SURFACE ( (
 ( 1.000000000000000000, 0.8047378541243649375, 0.8047378541243649375, 1.000000000000000000),
 ( 0.8047378541243649375, 0.6476030138606879705, 0.6476030138606879705, 0.8047378541243649375),
 ( 0.8047378541243649375, 0.6476030138606879705, 0.6476030138606879705, 0.8047378541243649375),
 ( 1.000000000000000000, 0.8047378541243649375, 0.8047378541243649375, 1.000000000000000000) ) ) 
 REPRESENTATION_ITEM ( '' )  SURFACE ( )  );
#3121 = CARTESIAN_POINT ( 'NONE',  ( 3.950000000000000178, 5.299999999999999822, -13.70000000000000107 ) ) ;
#3122 = ORIENTED_EDGE ( 'NONE', *, *, #1649, .F. ) ;
#3123 = EDGE_LOOP ( 'NONE', ( #399, #3989, #185, #1148 ) ) ;
#3124 = ORIENTED_EDGE ( 'NONE', *, *, #2413, .F. ) ;
#3125 = CARTESIAN_POINT ( 'NONE',  ( -4.307828171999999789, 0.04214273280700014251, -12.00000000000000178 ) ) ;
#3126 = CARTESIAN_POINT ( 'NONE',  ( -1.225735931000000667, 6.400000000000006573, -14.40000000000000568 ) ) ;
#3127 = ORIENTED_EDGE ( 'NONE', *, *, #1691, .T. ) ;
#3128 = EDGE_CURVE ( 'NONE', #3965, #4098, #3599, .T. ) ;
#3129 = EDGE_CURVE ( 'NONE', #1708, #3763, #1878, .T. ) ;
#3130 = CARTESIAN_POINT ( 'NONE',  ( -0.2626437399813330020, 5.399999999990000354, -9.200000000000001066 ) ) ;
#3131 = CARTESIAN_POINT ( 'NONE',  ( 2.949999999999999734, 5.400000000000000355, -12.05999999999999872 ) ) ;
#3132 = CARTESIAN_POINT ( 'NONE',  ( -1.007206910821914603, 10.28209109970870294, -13.70000000000000284 ) ) ;
#3133 = CARTESIAN_POINT ( 'NONE',  ( 4.099999999961529973, -2.574980159653075003E-16, -0.2500000000240429898 ) ) ;
#3134 = CARTESIAN_POINT ( 'NONE',  ( -1.649999999999999911, 3.833445946000000326, -13.70000000000000107 ) ) ;
#3135 = CARTESIAN_POINT ( 'NONE',  ( 2.449999999333334788, 7.500000000281000112, -12.00000000000000000 ) ) ;
#3136 = CARTESIAN_POINT ( 'NONE',  ( -1.349999999469062129, 6.399999999982130205, -14.09999999999999964 ) ) ;
#3137 = CARTESIAN_POINT ( 'NONE',  ( 4.099999999961529973, -2.574980159653075003E-16, -0.2500000000240429898 ) ) ;
#3138 = ORIENTED_EDGE ( 'NONE', *, *, #2562, .T. ) ;
#3139 = FACE_OUTER_BOUND ( 'NONE', #1485, .T. ) ;
#3140 = EDGE_LOOP ( 'NONE', ( #1821, #3785 ) ) ;
#3141 = CARTESIAN_POINT ( 'NONE',  ( -4.100000000000000533, 10.55000000000000071, 0.000000000000000000 ) ) ;
#3142 = ORIENTED_EDGE ( 'NONE', *, *, #2803, .T. ) ;
#3143 = CARTESIAN_POINT ( 'NONE',  ( -1.250000000000000000, -2.219897943239924842, -7.170956061292850237 ) ) ;
#3144 = VERTEX_POINT ( 'NONE', #2917 ) ;
#3145 = CARTESIAN_POINT ( 'NONE',  ( 4.500000000000000000, 0.4000000000000000222, -12.00000000000000000 ) ) ;
#3146 = PRESENTATION_STYLE_ASSIGNMENT (( #3091 ) ) ;
#3147 =( NAMED_UNIT ( * ) PLANE_ANGLE_UNIT ( ) SI_UNIT ( $, .RADIAN. ) );
#3148 = FACE_OUTER_BOUND ( 'NONE', #2214, .T. ) ;
#3149 =( GEOMETRIC_REPRESENTATION_CONTEXT ( 3 ) GLOBAL_UNCERTAINTY_ASSIGNED_CONTEXT ( ( #1635 ) ) GLOBAL_UNIT_ASSIGNED_CONTEXT ( ( #2667, #1473, #1399 ) ) REPRESENTATION_CONTEXT ( 'NONE', 'WORKASPACE' ) );
#3150 = CARTESIAN_POINT ( 'NONE',  ( -3.288362622070251540, 8.672465048097967255, -13.70000000000000107 ) ) ;
#3151 = FACE_OUTER_BOUND ( 'NONE', #1653, .T. ) ;
#3152 = CARTESIAN_POINT ( 'NONE',  ( 1.449999999999999956, -1.361722993818512029, -14.41144641316399877 ) ) ;
#3153 = CARTESIAN_POINT ( 'NONE',  ( 3.803283115500775580, 7.500000000411899848, -12.00000000000000000 ) ) ;
#3154 = B_SPLINE_CURVE_WITH_KNOTS ( 'NONE', 1,
 ( #3087, #869 ),
 .UNSPECIFIED., .F., .F.,
 ( 2, 2 ),
 ( 0.000000000000000000, 1.000000000000000000 ),
 .UNSPECIFIED. ) ;
#3155 = EDGE_CURVE ( 'NONE', #332, #2523, #2741, .T. ) ;
#3156 = ORIENTED_EDGE ( 'NONE', *, *, #1300, .F. ) ;
#3157 = CARTESIAN_POINT ( 'NONE',  ( 1.449999999999999734, -1.858694062767940691, -14.55250166619848784 ) ) ;
#3158 = CARTESIAN_POINT ( 'NONE',  ( 2.550000000000000266, 5.400000000000000355, -12.05999999999999872 ) ) ;
#3159 = PRESENTATION_LAYER_ASSIGNMENT (  '', '', ( #2088 ) ) ;
#3160 = VERTEX_POINT ( 'NONE', #721 ) ;
#3161 = CARTESIAN_POINT ( 'NONE',  ( 1.250000000000000000, -2.519553478000000180, -6.799068392000000571 ) ) ;
#3162 = EDGE_LOOP ( 'NONE', ( #630, #2883, #545, #114 ) ) ;
#3163 = CARTESIAN_POINT ( 'NONE',  ( -4.250000000000000000, 10.55000000000000071, 0.000000000000000000 ) ) ;
#3164 = ORIENTED_EDGE ( 'NONE', *, *, #4099, .T. ) ;
#3165 = CARTESIAN_POINT ( 'NONE',  ( -1.099952380098002891, 7.244591268729998035, -9.200000000000001066 ) ) ;
#3166 = ORIENTED_EDGE ( 'NONE', *, *, #2379, .T. ) ;
#3167 = CARTESIAN_POINT ( 'NONE',  ( -1.050000000000000933, 4.300000000000000711, -14.40000000000001457 ) ) ;
#3168 = MECHANICAL_DESIGN_GEOMETRIC_PRESENTATION_REPRESENTATION (  '', ( #1046 ), #1969 ) ;
#3169 = CARTESIAN_POINT ( 'NONE',  ( -1.449999999999999956, -0.3677808543892330251, -14.12933590679218021 ) ) ;
#3170 = ORIENTED_EDGE ( 'NONE', *, *, #251, .T. ) ;
#3171 = CARTESIAN_POINT ( 'NONE',  ( -1.449999999999999956, -1.967911962528825054, -14.16770113286352029 ) ) ;
#3172 = FILL_AREA_STYLE ('',( #2255 ) ) ;
#3173 = SURFACE_STYLE_FILL_AREA ( #3538 ) ;
#3174 = ADVANCED_FACE ( 'NONE', ( #978 ), #720, .F. ) ;
#3175 = FILL_AREA_STYLE_COLOUR ( '', #3367 ) ;
#3176 = CARTESIAN_POINT ( 'NONE',  ( 4.899999999999999467, 3.700000000000000178, -9.500000000000000000 ) ) ;
#3177 = CARTESIAN_POINT ( 'NONE',  ( -1.449999999999999956, -2.575316788999999940, -14.60539999999999949 ) ) ;
#3178 = ORIENTED_EDGE ( 'NONE', *, *, #3461, .F. ) ;
#3179 =( BOUNDED_SURFACE ( )  B_SPLINE_SURFACE ( 1, 3, ( 
 ( #3594, #330, #2982, #3916 ),
 ( #980, #2900, #3268, #398 ) ),
 .UNSPECIFIED., .F., .F., .T. ) 
 B_SPLINE_SURFACE_WITH_KNOTS ( ( 2, 2 ),
 ( 4, 4 ),
 ( 0.000000000000000000, 0.9999999999999710232 ),
 ( 0.000000000000000000, 1.000000000000000000 ),
 .UNSPECIFIED. ) 
 GEOMETRIC_REPRESENTATION_ITEM ( )  RATIONAL_B_SPLINE_SURFACE ( (
 ( 1.000000000000000000, 0.4241854906551241200, 0.4241854906551241200, 1.000000000000000000),
 ( 1.000000000000000000, 0.4241854906551241200, 0.4241854906551241200, 1.000000000000000000) ) ) 
 REPRESENTATION_ITEM ( '' )  SURFACE ( )  );
#3180 = CARTESIAN_POINT ( 'NONE',  ( -1.250000000000000000, -2.350600058060285047, -6.900466952425300171 ) ) ;
#3181 = EDGE_CURVE ( 'NONE', #58, #3319, #837, .T. ) ;
#3182 = SURFACE_STYLE_FILL_AREA ( #951 ) ;
#3183 = B_SPLINE_CURVE_WITH_KNOTS ( 'NONE', 1,
 ( #2517, #261 ),
 .UNSPECIFIED., .F., .F.,
 ( 2, 2 ),
 ( -1.000000000000000000, 0.000000000000000000 ),
 .UNSPECIFIED. ) ;
#3184 = VERTEX_POINT ( 'NONE', #2580 ) ;
#3185 = CARTESIAN_POINT ( 'NONE',  ( -4.100000000000000533, 10.80000000000000071, -0.2500000000000000000 ) ) ;
#3186 = CARTESIAN_POINT ( 'NONE',  ( -1.449999999999999956, -0.4769987545385329653, -13.74453537345265985 ) ) ;
#3187 = CARTESIAN_POINT ( 'NONE',  ( 4.500000000000000000, 0.3999999999820414986, -11.90000000174999961 ) ) ;
#3188 = ORIENTED_EDGE ( 'NONE', *, *, #1050, .F. ) ;
#3189 = CARTESIAN_POINT ( 'NONE',  ( -0.1805675744839999597, 7.774999999318001898, -9.200000000000001066 ) ) ;
#3190 = ORIENTED_EDGE ( 'NONE', *, *, #1584, .T. ) ;
#3191 = CARTESIAN_POINT ( 'NONE',  ( 1.350000000000000089, 6.400000000000000355, -14.09999999999999964 ) ) ;
#3192 = SURFACE_STYLE_FILL_AREA ( #2526 ) ;
#3193 = ORIENTED_EDGE ( 'NONE', *, *, #1771, .F. ) ;
#3194 = CARTESIAN_POINT ( 'NONE',  ( 1.450000000050205795, 4.846576362344830358, -13.70000000000000107 ) ) ;
#3195 = FACE_OUTER_BOUND ( 'NONE', #1166, .T. ) ;
#3196 = CARTESIAN_POINT ( 'NONE',  ( -1.649999998784889899, 3.833445944444800357, -13.70000000000000107 ) ) ;
#3197 = SURFACE_SIDE_STYLE ('',( #1279 ) ) ;
#3198 = SURFACE_SIDE_STYLE ('',( #1556 ) ) ;
#3199 = CARTESIAN_POINT ( 'NONE',  ( 3.200000000000001066, 8.274516600710938974, 0.000000000000000000 ) ) ;
#3200 = CARTESIAN_POINT ( 'NONE',  ( 1.374999999772665848, 6.399999999623981140, -9.199999999999999289 ) ) ;
#3201 = ORIENTED_EDGE ( 'NONE', *, *, #760, .F. ) ;
#3202 = B_SPLINE_CURVE_WITH_KNOTS ( 'NONE', 3,
 ( #2190, #3473, #1622, #12, #1310, #35 ),
 .UNSPECIFIED., .F., .F.,
 ( 4, 2, 4 ),
 ( 0.000000000000000000, 0.7853981633974475018, 1.570796326794895004 ),
 .UNSPECIFIED. ) ;
#3203 = CARTESIAN_POINT ( 'NONE',  ( -1.250000000000000000, -1.979975502756305072, -6.805336374020139800 ) ) ;
#3204 = CARTESIAN_POINT ( 'NONE',  ( -1.447360780074889997, -2.614563275801400355, -14.52925285264158006 ) ) ;
#3205 = ORIENTED_EDGE ( 'NONE', *, *, #3848, .T. ) ;
#3206 = CARTESIAN_POINT ( 'NONE',  ( 1.209515693157651395, 8.647783076091878129, -14.09999999999999787 ) ) ;
#3207 = ADVANCED_FACE ( 'NONE', ( #2875 ), #916, .F. ) ;
#3208 = CARTESIAN_POINT ( 'NONE',  ( 2.449999999333334788, 5.299999998649330024, -12.00000000000000000 ) ) ;
#3209 = ORIENTED_EDGE ( 'NONE', *, *, #3947, .T. ) ;
#3210 = UNCERTAINTY_MEASURE_WITH_UNIT (LENGTH_MEASURE( 1.000000000000000082E-05 ), #105, 'distance_accuracy_value', 'NONE');
#3211 = ORIENTED_EDGE ( 'NONE', *, *, #2633, .F. ) ;
#3212 = CARTESIAN_POINT ( 'NONE',  ( 3.431396491385233727, 13.63485605622659058, -11.99999999999999822 ) ) ;
#3213 = CARTESIAN_POINT ( 'NONE',  ( 0.8601000500000000049, 6.399999999823590358, -2.206587955999999906 ) ) ;
#3214 = ORIENTED_EDGE ( 'NONE', *, *, #1698, .T. ) ;
#3215 = ADVANCED_FACE ( 'NONE', ( #2652 ), #3253, .T. ) ;
#3216 = CARTESIAN_POINT ( 'NONE',  ( -1.449999999140998197, -5.267933308839704232, -13.59646751280820176 ) ) ;
#3217 = SURFACE_SIDE_STYLE ('',( #3823 ) ) ;
#3218 = B_SPLINE_SURFACE_WITH_KNOTS ( 'NONE', 1, 1, ( 
 ( #1620, #2512 ),
 ( #2894, #257 ) ),
 .UNSPECIFIED., .F., .F., .F.,
 ( 2, 2 ),
 ( 2, 2 ),
 ( 0.000000000000000000, 1.000000000000000000 ),
 ( 0.000000000000000000, 1.000000000000000000 ),
 .UNSPECIFIED. ) ;
#3219 = CARTESIAN_POINT ( 'NONE',  ( 2.949999999999999734, 5.400000000000000355, -12.05999999999999872 ) ) ;
#3220 = STYLED_ITEM ( 'NONE', ( #1486 ), #706 ) ;
#3221 = CARTESIAN_POINT ( 'NONE',  ( 1.450000000324890070, -2.397910676523015372, -14.17663859326470011 ) ) ;
#3222 = CARTESIAN_POINT ( 'NONE',  ( -3.199999999470934942, 6.399999999124890593, -10.00000000000000000 ) ) ;
#3223 = STYLED_ITEM ( 'NONE', ( #1922 ), #1341 ) ;
#3224 = CARTESIAN_POINT ( 'NONE',  ( 4.500000000000000000, -2.400000000564084690, -11.90000000000000036 ) ) ;
#3225 = CARTESIAN_POINT ( 'NONE',  ( -4.099999999999998757, 0.1035533909999999530, 0.000000000000000000 ) ) ;
#3226 = CARTESIAN_POINT ( 'NONE',  ( 1.249999999156094166, -4.695473677671276214, -8.189114070068992390 ) ) ;
#3227 = COLOUR_RGB ( '',0.7490196078431372584, 0.7490196078431372584, 0.7490196078431372584 ) ;
#3228 = ORIENTED_EDGE ( 'NONE', *, *, #2345, .F. ) ;
#3229 = CARTESIAN_POINT ( 'NONE',  ( 4.100000000000000533, 10.80000000000000071, -3.500000000000000000 ) ) ;
#3230 = FACE_OUTER_BOUND ( 'NONE', #2119, .T. ) ;
#3231 =( LENGTH_UNIT ( ) NAMED_UNIT ( * ) SI_UNIT ( .MILLI., .METRE. ) );
#3232 = STYLED_ITEM ( 'NONE', ( #1408 ), #3329 ) ;
#3233 = FILL_AREA_STYLE_COLOUR ( '', #278 ) ;
#3234 = EDGE_CURVE ( 'NONE', #1803, #1181, #2237, .T. ) ;
#3235 = ORIENTED_EDGE ( 'NONE', *, *, #2578, .F. ) ;
#3236 = CARTESIAN_POINT ( 'NONE',  ( 4.500000000000000000, -4.799999999076741908, -11.89999999901550432 ) ) ;
#3237 =( BOUNDED_SURFACE ( )  B_SPLINE_SURFACE ( 1, 3, ( 
 ( #3703, #3387, #3648, #945 ),
 ( #2467, #3828, #4050, #2832 ) ),
 .UNSPECIFIED., .F., .F., .T. ) 
 B_SPLINE_SURFACE_WITH_KNOTS ( ( 2, 2 ),
 ( 4, 4 ),
 ( 0.000000000000000000, 1.000000000000000000 ),
 ( 0.000000000000000000, 1.000000000000000000 ),
 .UNSPECIFIED. ) 
 GEOMETRIC_REPRESENTATION_ITEM ( )  RATIONAL_B_SPLINE_SURFACE ( (
 ( 1.000000000000000000, 0.9790678752185937306, 0.9790678752185937306, 1.000000000000000000),
 ( 1.000000000000000000, 0.9790678752185937306, 0.9790678752185937306, 1.000000000000000000) ) ) 
 REPRESENTATION_ITEM ( '' )  SURFACE ( )  );
#3238 = ORIENTED_EDGE ( 'NONE', *, *, #3775, .T. ) ;
#3239 = COLOUR_RGB ( '',0.7490196078431372584, 0.7490196078431372584, 0.7490196078431372584 ) ;
#3240 = FILL_AREA_STYLE_COLOUR ( '', #1752 ) ;
#3241 = FILL_AREA_STYLE_COLOUR ( '', #2763 ) ;
#3242 =( NAMED_UNIT ( * ) PLANE_ANGLE_UNIT ( ) SI_UNIT ( $, .RADIAN. ) );
#3243 = SURFACE_STYLE_USAGE ( .BOTH. , #3913 ) ;
#3244 = CARTESIAN_POINT ( 'NONE',  ( -3.199999999333335232, 6.400000000358230245, 0.000000000000000000 ) ) ;
#3245 =( NAMED_UNIT ( * ) SI_UNIT ( $, .STERADIAN. ) SOLID_ANGLE_UNIT ( ) );
#3246 = B_SPLINE_CURVE_WITH_KNOTS ( 'NONE', 3,
 ( #601, #2531, #3800, #1873 ),
 .UNSPECIFIED., .F., .F.,
 ( 4, 4 ),
 ( 0.000000000000000000, 1.000000000000000000 ),
 .UNSPECIFIED. ) ;
#3247 = PRODUCT_DEFINITION_CONTEXT ( 'detailed design', #3948, 'design' ) ;
#3248 = CARTESIAN_POINT ( 'NONE',  ( -1.250000000000000000, -2.237038403916352447, -6.838058089176046295 ) ) ;
#3249 = CARTESIAN_POINT ( 'NONE',  ( 1.250000000000000000, -0.2735726442846511675, -7.849999999952173013 ) ) ;
#3250 = EDGE_LOOP ( 'NONE', ( #681, #786, #3464, #683 ) ) ;
#3251 = FACE_OUTER_BOUND ( 'NONE', #3996, .T. ) ;
#3252 = CARTESIAN_POINT ( 'NONE',  ( 1.447360780316386153, -2.481903027361989977, -14.15189193990002003 ) ) ;
#3253 = B_SPLINE_SURFACE_WITH_KNOTS ( 'NONE', 1, 1, ( 
 ( #2330, #2263 ),
 ( #4142, #2559 ) ),
 .UNSPECIFIED., .F., .F., .F.,
 ( 2, 2 ),
 ( 2, 2 ),
 ( 0.000000000000000000, 1.000000000000000000 ),
 ( 0.000000000000000000, 1.000000000000000000 ),
 .UNSPECIFIED. ) ;
#3254 = UNCERTAINTY_MEASURE_WITH_UNIT (LENGTH_MEASURE( 1.000000000000000082E-05 ), #272, 'distance_accuracy_value', 'NONE');
#3255 = CARTESIAN_POINT ( 'NONE',  ( -3.431396495632577537, 13.63485605420277658, -12.00000000000000000 ) ) ;
#3256 = B_SPLINE_CURVE_WITH_KNOTS ( 'NONE', 1,
 ( #3111, #230 ),
 .UNSPECIFIED., .F., .F.,
 ( 2, 2 ),
 ( 0.000000000000000000, 1.000000000000000000 ),
 .UNSPECIFIED. ) ;
#3257 = CARTESIAN_POINT ( 'NONE',  ( 1.875000000523904919, 5.400000000508909714, -14.09999999999999964 ) ) ;
#3258 = ORIENTED_EDGE ( 'NONE', *, *, #1698, .F. ) ;
#3259 = SURFACE_STYLE_FILL_AREA ( #710 ) ;
#3260 =( BOUNDED_SURFACE ( )  B_SPLINE_SURFACE ( 1, 3, ( 
 ( #1637, #384, #403, #684 ),
 ( #2677, #2927, #1980, #3531 ) ),
 .UNSPECIFIED., .F., .F., .F. ) 
 B_SPLINE_SURFACE_WITH_KNOTS ( ( 2, 2 ),
 ( 4, 4 ),
 ( 1.083144414268443902E-16, 1.000000000000000000 ),
 ( 0.000000000000000000, 1.000000000000000000 ),
 .UNSPECIFIED. ) 
 GEOMETRIC_REPRESENTATION_ITEM ( )  RATIONAL_B_SPLINE_SURFACE ( (
 ( 1.000000000000000000, 0.8047378540760217192, 0.8047378540760217192, 1.000000000000000000),
 ( 1.000000000000000000, 0.8047378540760217192, 0.8047378540760217192, 1.000000000000000000) ) ) 
 REPRESENTATION_ITEM ( '' )  SURFACE ( )  );
#3261 = FACE_OUTER_BOUND ( 'NONE', #1222, .T. ) ;
#3262 = ADVANCED_FACE ( 'NONE', ( #377 ), #2487, .T. ) ;
#3263 = EDGE_CURVE ( 'NONE', #1744, #2498, #4074, .T. ) ;
#3264 = CARTESIAN_POINT ( 'NONE',  ( -1.000000000000000000, 6.399999999820414232, -3.000000000000000000 ) ) ;
#3265 = CARTESIAN_POINT ( 'NONE',  ( 4.307828171999999789, 10.75785726133333320, -3.500000000000000444 ) ) ;
#3266 = CARTESIAN_POINT ( 'NONE',  ( 4.899999999999999467, -2.400000001385214521, -11.90000000000000036 ) ) ;
#3267 = CARTESIAN_POINT ( 'NONE',  ( 1.449999999999999956, -0.3677808530000000187, -14.12933590699999975 ) ) ;
#3268 = CARTESIAN_POINT ( 'NONE',  ( -3.950000002522797260, 12.58350523929263431, -12.00000000000000000 ) ) ;
#3269 = VERTEX_POINT ( 'NONE', #2524 ) ;
#3270 = CARTESIAN_POINT ( 'NONE',  ( 4.600000000020509461, 4.000000000000000000, -9.500000000000000000 ) ) ;
#3271 = CARTESIAN_POINT ( 'NONE',  ( 1.250000000000000000, -1.761305988000000156, -7.159066096000000101 ) ) ;
#3272 = ORIENTED_EDGE ( 'NONE', *, *, #3984, .F. ) ;
#3273 = CARTESIAN_POINT ( 'NONE',  ( 2.949999999999999734, 7.400000000000000355, -13.61000000032266044 ) ) ;
#3274 = CARTESIAN_POINT ( 'NONE',  ( 1.250000000000000000, -2.063731034671844711, -7.109145533015202467 ) ) ;
#3275 = ORIENTED_EDGE ( 'NONE', *, *, #2777, .F. ) ;
#3276 = CARTESIAN_POINT ( 'NONE',  ( -4.099999999500000492, 10.54999999996582005, 0.000000000000000000 ) ) ;
#3277 = CARTESIAN_POINT ( 'NONE',  ( 0.6138981110000000241, 5.172203777000000002, -2.000000000000000444 ) ) ;
#3278 = CARTESIAN_POINT ( 'NONE',  ( 2.051032064707262276E-10, 7.400000000000000355, -2.999999999999891642 ) ) ;
#3279 = EDGE_LOOP ( 'NONE', ( #1806, #3512, #2230, #3632 ) ) ;
#3280 = B_SPLINE_CURVE_WITH_KNOTS ( 'NONE', 3,
 ( #2863, #612, #4084, #659, #3789, #1884, #4150, #4129, #2175, #3189, #2885, #315, #2158, #3165, #3839, #1936, #227, #293 ),
 .UNSPECIFIED., .F., .F.,
 ( 4, 2, 2, 2, 2, 2, 2, 2, 4 ),
 ( 0.000000000000000000, 0.3926990816987244171, 0.7853981633974488341, 1.178097245096173307, 1.570796326794897668, 1.963495408493622030, 2.356194490192346613, 2.748893571891070753, 3.141592653589795336 ),
 .UNSPECIFIED. ) ;
#3281 = CARTESIAN_POINT ( 'NONE',  ( -1.049999999826399799, 6.400000000000000355, -14.40000000000000036 ) ) ;
#3282 = CARTESIAN_POINT ( 'NONE',  ( 1.250000000000000000, -0.1569835840084929934, -7.849999999999999645 ) ) ;
#3283 = B_SPLINE_SURFACE_WITH_KNOTS ( 'NONE', 1, 1, ( 
 ( #2456, #2499 ),
 ( #3161, #587 ) ),
 .UNSPECIFIED., .F., .F., .F.,
 ( 2, 2 ),
 ( 2, 2 ),
 ( 0.000000000000000000, 1.000000000000000000 ),
 ( 0.000000000000000000, 1.000000000000000000 ),
 .UNSPECIFIED. ) ;
#3284 =( GEOMETRIC_REPRESENTATION_CONTEXT ( 3 ) GLOBAL_UNCERTAINTY_ASSIGNED_CONTEXT ( ( #1170 ) ) GLOBAL_UNIT_ASSIGNED_CONTEXT ( ( #1767, #489, #2443 ) ) REPRESENTATION_CONTEXT ( 'NONE', 'WORKASPACE' ) );
#3285 = CARTESIAN_POINT ( 'NONE',  ( -4.099999999500000492, 0.2499999999850344989, 0.000000000000000000 ) ) ;
#3286 = CARTESIAN_POINT ( 'NONE',  ( 1.249999998602648210, -4.550987015216193754, -8.452027753269341304 ) ) ;
#3287 = B_SPLINE_CURVE_WITH_KNOTS ( 'NONE', 1,
 ( #1168, #4006 ),
 .UNSPECIFIED., .F., .F.,
 ( 2, 2 ),
 ( 0.000000000000000000, 1.000000000000000000 ),
 .UNSPECIFIED. ) ;
#3288 = ORIENTED_EDGE ( 'NONE', *, *, #1050, .T. ) ;
#3289 = CARTESIAN_POINT ( 'NONE',  ( 2.949999999999999734, 7.400000000000000355, -13.61000000000000121 ) ) ;
#3290 = UNCERTAINTY_MEASURE_WITH_UNIT (LENGTH_MEASURE( 1.000000000000000082E-05 ), #239, 'distance_accuracy_value', 'NONE');
#3291 = CARTESIAN_POINT ( 'NONE',  ( 4.049999999770111714, 6.800000001994376930, -3.499999999999999556 ) ) ;
#3292 = EDGE_CURVE ( 'NONE', #3818, #1650, #3280, .T. ) ;
#3293 = CARTESIAN_POINT ( 'NONE',  ( 4.099999999846124510, 8.673617379884035472E-16, -12.00000000000000000 ) ) ;
#3294 = CARTESIAN_POINT ( 'NONE',  ( -1.350000000000001421, 9.099999999999999645, -14.10000000000001563 ) ) ;
#3295 = ORIENTED_EDGE ( 'NONE', *, *, #2784, .T. ) ;
#3296 = CARTESIAN_POINT ( 'NONE',  ( 1.464729109999999945, -3.907712619999999859, -14.07464956099999931 ) ) ;
#3297 = B_SPLINE_CURVE_WITH_KNOTS ( 'NONE', 1,
 ( #3992, #834 ),
 .UNSPECIFIED., .F., .F.,
 ( 2, 2 ),
 ( 0.000000000000000000, 1.000000000000000000 ),
 .UNSPECIFIED. ) ;
#3298 = CARTESIAN_POINT ( 'NONE',  ( 0.8380591770000002105, 6.400000000000002132, -2.081587955999998130 ) ) ;
#3299 = PRESENTATION_LAYER_ASSIGNMENT (  '', '', ( #973 ) ) ;
#3300 = CARTESIAN_POINT ( 'NONE',  ( -1.250000000000000000, -0.1569835840084929934, -7.849999999999999645 ) ) ;
#3301 = ORIENTED_EDGE ( 'NONE', *, *, #674, .F. ) ;
#3302 = CARTESIAN_POINT ( 'NONE',  ( -1.225735931000000445, 6.400000000000006573, -14.40000000000000568 ) ) ;
#3303 = CARTESIAN_POINT ( 'NONE',  ( 4.499999999999999112, 10.63431457500000121, -0.1035533909999999391 ) ) ;
#3304 =( NAMED_UNIT ( * ) PLANE_ANGLE_UNIT ( ) SI_UNIT ( $, .RADIAN. ) );
#3305 = B_SPLINE_CURVE_WITH_KNOTS ( 'NONE', 1,
 ( #2765, #4042 ),
 .UNSPECIFIED., .F., .F.,
 ( 2, 2 ),
 ( 0.000000000000000000, 1.000000000000000000 ),
 .UNSPECIFIED. ) ;
#3306 = EDGE_CURVE ( 'NONE', #3734, #2138, #940, .T. ) ;
#3307 =( NAMED_UNIT ( * ) PLANE_ANGLE_UNIT ( ) SI_UNIT ( $, .RADIAN. ) );
#3308 = CARTESIAN_POINT ( 'NONE',  ( -2.137367682600629148, 6.193830352112498439, -13.70000000000000639 ) ) ;
#3309 = ORIENTED_EDGE ( 'NONE', *, *, #3855, .F. ) ;
#3310 = EDGE_CURVE ( 'NONE', #1416, #1634, #2533, .T. ) ;
#3311 = EDGE_CURVE ( 'NONE', #2573, #332, #3480, .T. ) ;
#3312 = CARTESIAN_POINT ( 'NONE',  ( 4.500000000000000000, -4.799999999076744572, -11.89999999901550432 ) ) ;
#3313 = CARTESIAN_POINT ( 'NONE',  ( 2.449999999333334788, 5.299999998649330024, -12.00000000000000000 ) ) ;
#3314 = CARTESIAN_POINT ( 'NONE',  ( 3.803283113855995268, 7.500000000413399981, -13.70000000000000107 ) ) ;
#3315 = CARTESIAN_POINT ( 'NONE',  ( -3.950000000000000178, 3.833445945399999832, -14.50000000000000000 ) ) ;
#3316 = ORIENTED_EDGE ( 'NONE', *, *, #2100, .T. ) ;
#3317 = CARTESIAN_POINT ( 'NONE',  ( -4.099999999999997868, 0.1035533909999999669, 0.000000000000000000 ) ) ;
#3318 =( BOUNDED_CURVE ( )  B_SPLINE_CURVE ( 3, ( #3107, #2132, #2111, #3415 ),
 .UNSPECIFIED., .F., .T. ) 
 B_SPLINE_CURVE_WITH_KNOTS ( ( 4, 4 ),
 ( 3.141592653589795336, 4.712388980384689674 ),
 .UNSPECIFIED. ) 
 CURVE ( )  GEOMETRIC_REPRESENTATION_ITEM ( )  RATIONAL_B_SPLINE_CURVE ( ( 1.000000000000000000, 0.8047378541243649375, 0.8047378541243649375, 1.000000000000000000 ) ) 
 REPRESENTATION_ITEM ( '' )  );
#3319 = VERTEX_POINT ( 'NONE', #2201 ) ;
#3320 = CARTESIAN_POINT ( 'NONE',  ( -1.249999999705136089, -2.360039658681814867, -7.247972245447050099 ) ) ;
#3321 = CARTESIAN_POINT ( 'NONE',  ( 4.899999999999999467, 3.699999999958980101, -11.90000000000000036 ) ) ;
#3322 = SURFACE_STYLE_FILL_AREA ( #2979 ) ;
#3323 = CARTESIAN_POINT ( 'NONE',  ( 3.950000000000000178, 5.299999999271410189, -13.70000000000000107 ) ) ;
#3324 = VERTEX_POINT ( 'NONE', #1593 ) ;
#3325 = CARTESIAN_POINT ( 'NONE',  ( 1.250000000000000222, -1.829495766732934126, -7.126070968479983669 ) ) ;
#3326 = B_SPLINE_CURVE_WITH_KNOTS ( 'NONE', 3,
 ( #3668, #1756, #3044, #1721, #1122, #2695, #3021, #3631, #160, #3063, #179, #1461, #3999, #1442, #2751, #139, #2731, #3708 ),
 .UNSPECIFIED., .F., .F.,
 ( 4, 2, 2, 2, 2, 2, 2, 2, 4 ),
 ( 3.141592653589795336, 3.534291735288519920, 3.926990816987244060, 4.319689898685968643, 4.712388980384693227, 5.105088062083417810, 5.497787143782142394, 5.890486225480866089, 6.283185307179590673 ),
 .UNSPECIFIED. ) ;
#3327 = CARTESIAN_POINT ( 'NONE',  ( -4.100000000000000533, 0.000000000000000000, -0.2500000000000000000 ) ) ;
#3328 =( NAMED_UNIT ( * ) PLANE_ANGLE_UNIT ( ) SI_UNIT ( $, .RADIAN. ) );
#3329 = ADVANCED_FACE ( 'NONE', ( #765 ), #3686, .F. ) ;
#3330 = CARTESIAN_POINT ( 'NONE',  ( 1.449999999999999956, -0.4769987545385329653, -13.74453537345265985 ) ) ;
#3331 = CARTESIAN_POINT ( 'NONE',  ( -0.3283046799999975174, -3.599999999983598098, -7.587086316612013270 ) ) ;
#3332 = CARTESIAN_POINT ( 'NONE',  ( 1.450000000005321921, 4.846576363135629784, -14.09999999989426200 ) ) ;
#3333 = ORIENTED_EDGE ( 'NONE', *, *, #2100, .F. ) ;
#3334 = CARTESIAN_POINT ( 'NONE',  ( 4.500000000000000000, 10.40000000000000036, -0.2499999999871810041 ) ) ;
#3335 = UNCERTAINTY_MEASURE_WITH_UNIT (LENGTH_MEASURE( 1.000000000000000082E-05 ), #1235, 'distance_accuracy_value', 'NONE');
#3336 =( GEOMETRIC_REPRESENTATION_CONTEXT ( 3 ) GLOBAL_UNCERTAINTY_ASSIGNED_CONTEXT ( ( #3419 ) ) GLOBAL_UNIT_ASSIGNED_CONTEXT ( ( #326, #3849, #901 ) ) REPRESENTATION_CONTEXT ( 'NONE', 'WORKASPACE' ) );
#3337 = SURFACE_STYLE_USAGE ( .BOTH. , #3695 ) ;
#3338 = ORIENTED_EDGE ( 'NONE', *, *, #1845, .F. ) ;
#3339 =( NAMED_UNIT ( * ) SI_UNIT ( $, .STERADIAN. ) SOLID_ANGLE_UNIT ( ) );
#3340 = CARTESIAN_POINT ( 'NONE',  ( -1.250000000000000222, -2.110248635791982519, -6.805336374023394086 ) ) ;
#3341 = CARTESIAN_POINT ( 'NONE',  ( 4.899999999999998579, -2.715172477837266118, -9.499999999999998224 ) ) ;
#3342 = B_SPLINE_CURVE_WITH_KNOTS ( 'NONE', 1,
 ( #1466, #3393 ),
 .UNSPECIFIED., .F., .F.,
 ( 2, 2 ),
 ( -1.000000000000000000, 0.000000000000000000 ),
 .UNSPECIFIED. ) ;
#3343 = CARTESIAN_POINT ( 'NONE',  ( 4.775735931378182642, 3.999999999963956832, -9.500000000000001776 ) ) ;
#3344 = SURFACE_STYLE_FILL_AREA ( #453 ) ;
#3345 = ORIENTED_EDGE ( 'NONE', *, *, #3438, .T. ) ;
#3346 = B_SPLINE_CURVE_WITH_KNOTS ( 'NONE', 1,
 ( #3761, #238 ),
 .UNSPECIFIED., .F., .F.,
 ( 2, 2 ),
 ( 0.000000000000000000, 1.000000000000000000 ),
 .UNSPECIFIED. ) ;
#3347 =( GEOMETRIC_REPRESENTATION_CONTEXT ( 3 ) GLOBAL_UNCERTAINTY_ASSIGNED_CONTEXT ( ( #4128 ) ) GLOBAL_UNIT_ASSIGNED_CONTEXT ( ( #1133, #3657, #809 ) ) REPRESENTATION_CONTEXT ( 'NONE', 'WORKASPACE' ) );
#3348 = B_SPLINE_SURFACE_WITH_KNOTS ( 'NONE', 1, 1, ( 
 ( #1761, #1426 ),
 ( #4003, #502 ) ),
 .UNSPECIFIED., .F., .F., .F.,
 ( 2, 2 ),
 ( 2, 2 ),
 ( 0.000000000000000000, 1.000000000000000000 ),
 ( 0.000000000000000000, 1.000000000000000000 ),
 .UNSPECIFIED. ) ;
#3349 = SURFACE_SIDE_STYLE ('',( #3064 ) ) ;
#3350 = MECHANICAL_DESIGN_GEOMETRIC_PRESENTATION_REPRESENTATION (  '', ( #3223 ), #956 ) ;
#3351 = CARTESIAN_POINT ( 'NONE',  ( -4.100000000020510349, 10.80000000000000071, -0.2499999999871810041 ) ) ;
#3352 = VERTEX_POINT ( 'NONE', #3936 ) ;
#3353 = EDGE_CURVE ( 'NONE', #2420, #1907, #78, .T. ) ;
#3354 = CARTESIAN_POINT ( 'NONE',  ( 3.866687463000000324, 7.789454749333334149, -3.500000000000000000 ) ) ;
#3355 = ORIENTED_EDGE ( 'NONE', *, *, #3003, .F. ) ;
#3356 = STYLED_ITEM ( 'NONE', ( #1740 ), #2056 ) ;
#3357 = B_SPLINE_CURVE_WITH_KNOTS ( 'NONE', 1,
 ( #3846, #254 ),
 .UNSPECIFIED., .F., .F.,
 ( 2, 2 ),
 ( 0.000000000000000000, 1.000000000000000000 ),
 .UNSPECIFIED. ) ;
#3358 = ORIENTED_EDGE ( 'NONE', *, *, #1636, .F. ) ;
#3359 = MECHANICAL_DESIGN_GEOMETRIC_PRESENTATION_REPRESENTATION (  '', ( #2149 ), #3093 ) ;
#3360 = EDGE_CURVE ( 'NONE', #604, #1433, #1598, .T. ) ;
#3361 = EDGE_CURVE ( 'NONE', #892, #879, #1451, .T. ) ;
#3362 =( GEOMETRIC_REPRESENTATION_CONTEXT ( 3 ) GLOBAL_UNCERTAINTY_ASSIGNED_CONTEXT ( ( #1999 ) ) GLOBAL_UNIT_ASSIGNED_CONTEXT ( ( #3900, #1047, #2318 ) ) REPRESENTATION_CONTEXT ( 'NONE', 'WORKASPACE' ) );
#3363 = CARTESIAN_POINT ( 'NONE',  ( -1.349999999469062129, 6.399999999982130205, -14.09999999999999964 ) ) ;
#3364 = CARTESIAN_POINT ( 'NONE',  ( -1.250000000000000000, 0.000000000000000000, -7.849999999999999645 ) ) ;
#3365 = CARTESIAN_POINT ( 'NONE',  ( 2.949999999999999734, 5.400000000000000355, -13.61000000032266044 ) ) ;
#3366 =( BOUNDED_SURFACE ( )  B_SPLINE_SURFACE ( 1, 3, ( 
 ( #1459, #3681, #195, #177 ),
 ( #4010, #1794, #517, #1102 ) ),
 .UNSPECIFIED., .F., .F., .F. ) 
 B_SPLINE_SURFACE_WITH_KNOTS ( ( 2, 2 ),
 ( 4, 4 ),
 ( 0.000000000000000000, 1.000000000000000000 ),
 ( 0.000000000000000000, 1.000000000000000000 ),
 .UNSPECIFIED. ) 
 GEOMETRIC_REPRESENTATION_ITEM ( )  RATIONAL_B_SPLINE_SURFACE ( (
 ( 1.000000000000000000, 0.8047378540760217192, 0.8047378540760217192, 1.000000000000000000),
 ( 1.000000000000000000, 0.8047378540760217192, 0.8047378540760217192, 1.000000000000000000) ) ) 
 REPRESENTATION_ITEM ( '' )  SURFACE ( )  );
#3367 = COLOUR_RGB ( '',0.7490196078431372584, 0.7490196078431372584, 0.7490196078431372584 ) ;
#3368 = CARTESIAN_POINT ( 'NONE',  ( -1.000000000000000000, 6.985786437722169673, -3.000000000000000000 ) ) ;
#3369 = ORIENTED_EDGE ( 'NONE', *, *, #1454, .T. ) ;
#3370 = CARTESIAN_POINT ( 'NONE',  ( 1.250000000000000000, -1.761305987665356065, -7.159066095654953443 ) ) ;
#3371 = CARTESIAN_POINT ( 'NONE',  ( -2.483779053967640316, 5.811528607125792334, -13.70000000000000107 ) ) ;
#3372 = CARTESIAN_POINT ( 'NONE',  ( -3.200000000000000178, 6.399999998687338376, -10.00000000000000000 ) ) ;
#3373 = CARTESIAN_POINT ( 'NONE',  ( 0.8601000502066764586, 6.903834944021342679, -2.206587955999999906 ) ) ;
#3374 = VERTEX_POINT ( 'NONE', #1086 ) ;
#3375 = B_SPLINE_CURVE_WITH_KNOTS ( 'NONE', 1,
 ( #3680, #2035 ),
 .UNSPECIFIED., .F., .F.,
 ( 2, 2 ),
 ( 0.000000000000000000, 1.000000000000000000 ),
 .UNSPECIFIED. ) ;
#3376 = CARTESIAN_POINT ( 'NONE',  ( -4.249999999999998224, 0.3121320340000002802, 0.000000000000000000 ) ) ;
#3377 = EDGE_LOOP ( 'NONE', ( #2685, #840, #2757, #342, #849, #918, #3526 ) ) ;
#3378 = CARTESIAN_POINT ( 'NONE',  ( 2.460000000034622047, 7.400000000000000355, -13.70000000000000107 ) ) ;
#3379 = FACE_OUTER_BOUND ( 'NONE', #145, .T. ) ;
#3380 = EDGE_CURVE ( 'NONE', #1151, #3436, #3883, .T. ) ;
#3381 = ORIENTED_EDGE ( 'NONE', *, *, #1734, .F. ) ;
#3382 = CARTESIAN_POINT ( 'NONE',  ( 1.250000000000000222, -2.110248635791982519, -6.805336374023394086 ) ) ;
#3383 = CARTESIAN_POINT ( 'NONE',  ( 0.3661142047028586588, -3.767339751279310978, -13.69999999977319760 ) ) ;
#3384 = ADVANCED_FACE ( 'NONE', ( #3880 ), #410, .F. ) ;
#3385 = B_SPLINE_SURFACE_WITH_KNOTS ( 'NONE', 1, 1, ( 
 ( #1978, #727 ),
 ( #1998, #3271 ) ),
 .UNSPECIFIED., .F., .F., .F.,
 ( 2, 2 ),
 ( 2, 2 ),
 ( 0.000000000000000000, 1.000000000000000000 ),
 ( 0.000000000000000000, 1.000000000000000000 ),
 .UNSPECIFIED. ) ;
#3386 = CARTESIAN_POINT ( 'NONE',  ( 3.950000000000000178, 0.2334459459999999875, -12.00000000000000000 ) ) ;
#3387 = CARTESIAN_POINT ( 'NONE',  ( 1.250000000000000222, -2.145717554016995710, -7.130189538166860075 ) ) ;
#3388 =( BOUNDED_CURVE ( )  B_SPLINE_CURVE ( 3, ( #2557, #1260, #2532, #946 ),
 .UNSPECIFIED., .F., .T. ) 
 B_SPLINE_CURVE_WITH_KNOTS ( ( 4, 4 ),
 ( 1.570796326794895004, 3.141592653589795336 ),
 .UNSPECIFIED. ) 
 CURVE ( )  GEOMETRIC_REPRESENTATION_ITEM ( )  RATIONAL_B_SPLINE_CURVE ( ( 1.000000000000000000, 0.8047378541243649375, 0.8047378541243649375, 1.000000000000000000 ) ) 
 REPRESENTATION_ITEM ( '' )  );
#3389 = ORIENTED_EDGE ( 'NONE', *, *, #3581, .T. ) ;
#3390 = FILL_AREA_STYLE_COLOUR ( '', #1226 ) ;
#3391 = CARTESIAN_POINT ( 'NONE',  ( 1.875000000253728372, 7.399999999524259131, -14.09999999999999964 ) ) ;
#3392 = CARTESIAN_POINT ( 'NONE',  ( -0.8054563515859646250, 7.775000000165203318, -10.00000000000000000 ) ) ;
#3393 = CARTESIAN_POINT ( 'NONE',  ( 1.250000000000000000, -2.350600058060285047, -6.900466952425300171 ) ) ;
#3394 =( NAMED_UNIT ( * ) PLANE_ANGLE_UNIT ( ) SI_UNIT ( $, .RADIAN. ) );
#3395 = ORIENTED_EDGE ( 'NONE', *, *, #2649, .F. ) ;
#3396 = CARTESIAN_POINT ( 'NONE',  ( -4.100000000000000533, 0.2500000000000000000, 0.000000000000000000 ) ) ;
#3397 = ORIENTED_EDGE ( 'NONE', *, *, #3076, .T. ) ;
#3398 = B_SPLINE_CURVE_WITH_KNOTS ( 'NONE', 1,
 ( #3614, #101 ),
 .UNSPECIFIED., .F., .F.,
 ( 2, 2 ),
 ( 0.000000000000000000, 1.000000000000000000 ),
 .UNSPECIFIED. ) ;
#3399 = SURFACE_STYLE_USAGE ( .BOTH. , #186 ) ;
#3400 = PRESENTATION_STYLE_ASSIGNMENT (( #1512 ) ) ;
#3401 = ORIENTED_EDGE ( 'NONE', *, *, #1163, .F. ) ;
#3402 = B_SPLINE_CURVE_WITH_KNOTS ( 'NONE', 3,
 ( #3470, #4137, #994, #2260 ),
 .UNSPECIFIED., .F., .F.,
 ( 4, 4 ),
 ( 0.000000000000000000, 1.000000000000000000 ),
 .UNSPECIFIED. ) ;
#3403 = SURFACE_SIDE_STYLE ('',( #3114 ) ) ;
#3404 = CARTESIAN_POINT ( 'NONE',  ( 1.260481147639601618, -3.158670574991094604, -13.91397606707696966 ) ) ;
#3405 = EDGE_CURVE ( 'NONE', #1212, #3436, #634, .T. ) ;
#3406 = CARTESIAN_POINT ( 'NONE',  ( 1.769998135191419131, 9.996259714304800426, -13.70000000000000107 ) ) ;
#3407 = FILL_AREA_STYLE_COLOUR ( '', #79 ) ;
#3408 = CARTESIAN_POINT ( 'NONE',  ( 1.201234137992533091, 5.706987592234669115, -10.00000000000000000 ) ) ;
#3409 = ORIENTED_EDGE ( 'NONE', *, *, #2574, .T. ) ;
#3410 = EDGE_CURVE ( 'NONE', #1007, #590, #2187, .T. ) ;
#3411 = CARTESIAN_POINT ( 'NONE',  ( 1.449999999999999734, -2.614563275182346658, -14.52925285281405188 ) ) ;
#3412 =( BOUNDED_CURVE ( )  B_SPLINE_CURVE ( 3, ( #3810, #1199, #1526, #2475 ),
 .UNSPECIFIED., .F., .T. ) 
 B_SPLINE_CURVE_WITH_KNOTS ( ( 4, 4 ),
 ( 0.000000000000000000, 1.570796326794895004 ),
 .UNSPECIFIED. ) 
 CURVE ( )  GEOMETRIC_REPRESENTATION_ITEM ( )  RATIONAL_B_SPLINE_CURVE ( ( 1.000000000000000000, 0.8047378541243649375, 0.8047378541243649375, 1.000000000000000000 ) ) 
 REPRESENTATION_ITEM ( '' )  );
#3413 = PRESENTATION_STYLE_ASSIGNMENT (( #1502 ) ) ;
#3414 = CARTESIAN_POINT ( 'NONE',  ( 1.250000000000000000, -0.4921630309562550210, -7.773168881016840892 ) ) ;
#3415 = CARTESIAN_POINT ( 'NONE',  ( -4.100000000038470205, 1.761828530288945198E-16, -0.2500000000240429898 ) ) ;
#3416 = ORIENTED_EDGE ( 'NONE', *, *, #1983, .T. ) ;
#3417 = STYLED_ITEM ( 'NONE', ( #3513 ), #711 ) ;
#3418 = ORIENTED_EDGE ( 'NONE', *, *, #2676, .T. ) ;
#3419 = UNCERTAINTY_MEASURE_WITH_UNIT (LENGTH_MEASURE( 1.000000000000000082E-05 ), #326, 'distance_accuracy_value', 'NONE');
#3420 = EDGE_CURVE ( 'NONE', #3374, #2196, #1100, .T. ) ;
#3421 = CARTESIAN_POINT ( 'NONE',  ( 1.225735931000000223, 3.948528136999999383, -14.40000000000001457 ) ) ;
#3422 = CARTESIAN_POINT ( 'NONE',  ( 2.540517884300000251, 5.400000000000001243, -13.65676133580000418 ) ) ;
#3423 = VERTEX_POINT ( 'NONE', #1343 ) ;
#3424 = STYLED_ITEM ( 'NONE', ( #2869 ), #1958 ) ;
#3425 = CARTESIAN_POINT ( 'NONE',  ( -1.099952387822933586, 7.244591274700802330, -10.00000000000000178 ) ) ;
#3426 = SURFACE_STYLE_USAGE ( .BOTH. , #495 ) ;
#3427 = MECHANICAL_DESIGN_GEOMETRIC_PRESENTATION_REPRESENTATION (  '', ( #1103 ), #4091 ) ;
#3428 = SURFACE_STYLE_FILL_AREA ( #2511 ) ;
#3429 = CARTESIAN_POINT ( 'NONE',  ( -4.500000000000000000, 6.799999999999999822, -3.500000001250000103 ) ) ;
#3430 = COLOUR_RGB ( '',0.7490196078431372584, 0.7490196078431372584, 0.7490196078431372584 ) ;
#3431 = ADVANCED_FACE ( 'NONE', ( #3983 ), #2632, .F. ) ;
#3432 = CARTESIAN_POINT ( 'NONE',  ( 2.459999999999999964, 8.577091902000001156, -14.09999999999999964 ) ) ;
#3433 = FILL_AREA_STYLE_COLOUR ( '', #1229 ) ;
#3434 = FILL_AREA_STYLE_COLOUR ( '', #1494 ) ;
#3435 = B_SPLINE_CURVE_WITH_KNOTS ( 'NONE', 1,
 ( #1764, #3070 ),
 .UNSPECIFIED., .F., .F.,
 ( 2, 2 ),
 ( 0.000000000000000000, 1.000000000000000000 ),
 .UNSPECIFIED. ) ;
#3436 = VERTEX_POINT ( 'NONE', #3045 ) ;
#3437 =( NAMED_UNIT ( * ) PLANE_ANGLE_UNIT ( ) SI_UNIT ( $, .RADIAN. ) );
#3438 = EDGE_CURVE ( 'NONE', #1151, #4019, #1236, .T. ) ;
#3439 = CARTESIAN_POINT ( 'NONE',  ( 2.550000000091665164, 5.400000000000000355, -13.61000000030563939 ) ) ;
#3440 = CARTESIAN_POINT ( 'NONE',  ( -1.450000001189809762, 0.2334459467167515068, -13.70000000000000107 ) ) ;
#3441 =( NAMED_UNIT ( * ) SI_UNIT ( $, .STERADIAN. ) SOLID_ANGLE_UNIT ( ) );
#3442 = SURFACE_STYLE_USAGE ( .BOTH. , #1595 ) ;
#3443 = CARTESIAN_POINT ( 'NONE',  ( -1.225735931000000667, 6.400000000000006573, -14.40000000000000568 ) ) ;
#3444 = ORIENTED_EDGE ( 'NONE', *, *, #874, .F. ) ;
#3445 = B_SPLINE_CURVE_WITH_KNOTS ( 'NONE', 1,
 ( #512, #2141 ),
 .UNSPECIFIED., .F., .F.,
 ( 2, 2 ),
 ( 0.000000000000000000, 1.000000000000000000 ),
 .UNSPECIFIED. ) ;
#3446 = SURFACE_STYLE_USAGE ( .BOTH. , #1616 ) ;
#3447 = CARTESIAN_POINT ( 'NONE',  ( 1.450000000005321921, 4.846576363135629784, -14.09999999989426200 ) ) ;
#3448 = CARTESIAN_POINT ( 'NONE',  ( 1.250000000000000000, -2.350600057999999937, -6.900466951999999488 ) ) ;
#3449 = CARTESIAN_POINT ( 'NONE',  ( -4.500000000000000000, 0.000000000000000000, -12.00000000000000000 ) ) ;
#3450 = CARTESIAN_POINT ( 'NONE',  ( 3.950000000000000178, 0.2334459459999999875, -14.50000000000000000 ) ) ;
#3451 = CARTESIAN_POINT ( 'NONE',  ( 4.396446608999998951, 0.4000000000000000777, 0.000000000000000000 ) ) ;
#3452 = ORIENTED_EDGE ( 'NONE', *, *, #2413, .T. ) ;
#3453 = B_SPLINE_CURVE_WITH_KNOTS ( 'NONE', 3,
 ( #4009, #4028, #1154, #2142, #3425, #561, #1833, #2431, #3699, #2103, #3467, #1231, #1207, #2484, #1851, #597, #2547, #641 ),
 .UNSPECIFIED., .F., .F.,
 ( 4, 2, 2, 2, 2, 2, 2, 2, 4 ),
 ( 0.000000000000000000, 0.3926990816987246946, 0.7853981633974493892, 1.178097245096173751, 1.570796326794898334, 1.963495408493622696, 2.356194490192347057, 2.748893571891071197, 3.141592653589795336 ),
 .UNSPECIFIED. ) ;
#3454 = EDGE_CURVE ( 'NONE', #2429, #3696, #1403, .T. ) ;
#3455 = CARTESIAN_POINT ( 'NONE',  ( 3.950000000000000178, 5.299999999999999822, -12.00000000000000000 ) ) ;
#3456 = ORIENTED_EDGE ( 'NONE', *, *, #1189, .T. ) ;
#3457 = CARTESIAN_POINT ( 'NONE',  ( 1.875000000523904919, 5.400000000508909714, -14.09999999999999964 ) ) ;
#3458 = CARTESIAN_POINT ( 'NONE',  ( 1.250000000000000000, -1.761305987863900135, -7.159066095794660356 ) ) ;
#3459 = ORIENTED_EDGE ( 'NONE', *, *, #1033, .F. ) ;
#3460 = CARTESIAN_POINT ( 'NONE',  ( -4.499999999999999112, 0.2939133976099997381, -12.00000000000000000 ) ) ;
#3461 = EDGE_CURVE ( 'NONE', #734, #58, #531, .T. ) ;
#3462 = ORIENTED_EDGE ( 'NONE', *, *, #4135, .F. ) ;
#3463 = CARTESIAN_POINT ( 'NONE',  ( 4.899999999999999467, -2.399999999999999911, -9.500000000000000000 ) ) ;
#3464 = ORIENTED_EDGE ( 'NONE', *, *, #1464, .F. ) ;
#3465 =( NAMED_UNIT ( * ) SI_UNIT ( $, .STERADIAN. ) SOLID_ANGLE_UNIT ( ) );
#3466 =( LENGTH_UNIT ( ) NAMED_UNIT ( * ) SI_UNIT ( .MILLI., .METRE. ) );
#3467 = CARTESIAN_POINT ( 'NONE',  ( 0.3593670334378679110, 7.739434576503466445, -10.00000000000000000 ) ) ;
#3468 =( NAMED_UNIT ( * ) SI_UNIT ( $, .STERADIAN. ) SOLID_ANGLE_UNIT ( ) );
#3469 = CARTESIAN_POINT ( 'NONE',  ( -3.950000000000000178, 6.906769644528902852, -13.70000000000000284 ) ) ;
#3470 = CARTESIAN_POINT ( 'NONE',  ( -1.450000000087345864, -2.531051023933740041, -14.55536518085374098 ) ) ;
#3471 = CARTESIAN_POINT ( 'NONE',  ( -3.950000000000000178, 3.833445946000000326, -14.50000000000000000 ) ) ;
#3472 = EDGE_CURVE ( 'NONE', #647, #1632, #1696, .T. ) ;
#3473 = CARTESIAN_POINT ( 'NONE',  ( 4.499999999999999112, 0.2939133976100001266, -11.99999999999999822 ) ) ;
#3474 = ORIENTED_EDGE ( 'NONE', *, *, #2445, .F. ) ;
#3475 =( BOUNDED_SURFACE ( )  B_SPLINE_SURFACE ( 1, 3, ( 
 ( #583, #1239, #542, #1857 ),
 ( #2215, #1583, #607, #3727 ) ),
 .UNSPECIFIED., .F., .F., .T. ) 
 B_SPLINE_SURFACE_WITH_KNOTS ( ( 2, 2 ),
 ( 4, 4 ),
 ( 0.000000000000000000, 1.000000000000000000 ),
 ( 0.000000000000000000, 1.000000000000000000 ),
 .UNSPECIFIED. ) 
 GEOMETRIC_REPRESENTATION_ITEM ( )  RATIONAL_B_SPLINE_SURFACE ( (
 ( 1.000000000000000000, 0.9831467894181623590, 0.9831467894181623590, 1.000000000000000000),
 ( 1.000000000000000000, 0.9831467894181623590, 0.9831467894181623590, 1.000000000000000000) ) ) 
 REPRESENTATION_ITEM ( '' )  SURFACE ( )  );
#3476 = FILL_AREA_STYLE_COLOUR ( '', #1891 ) ;
#3477 = EDGE_CURVE ( 'NONE', #2558, #1550, #1384, .T. ) ;
#3478 = ORIENTED_EDGE ( 'NONE', *, *, #1724, .F. ) ;
#3479 = ADVANCED_FACE ( 'NONE', ( #1798, #2776 ), #1986, .T. ) ;
#3480 = B_SPLINE_CURVE_WITH_KNOTS ( 'NONE', 3,
 ( #1201, #2477, #3125, #246, #3460, #4106 ),
 .UNSPECIFIED., .F., .F.,
 ( 4, 2, 4 ),
 ( 0.000000000000000000, 0.7853981633974475018, 1.570796326794895004 ),
 .UNSPECIFIED. ) ;
#3481 = ORIENTED_EDGE ( 'NONE', *, *, #1179, .T. ) ;
#3482 = CARTESIAN_POINT ( 'NONE',  ( 0.8380591770000009877, 8.076118354000005439, -2.081587956000001682 ) ) ;
#3483 = EDGE_LOOP ( 'NONE', ( #2395, #1630, #3535, #1121 ) ) ;
#3484 = CARTESIAN_POINT ( 'NONE',  ( -1.050000000000000044, 6.400000000000000355, -14.40000000000000036 ) ) ;
#3485 = STYLED_ITEM ( 'NONE', ( #1665 ), #1132 ) ;
#3486 = SURFACE_SIDE_STYLE ('',( #3192 ) ) ;
#3487 = ORIENTED_EDGE ( 'NONE', *, *, #908, .T. ) ;
#3488 = EDGE_CURVE ( 'NONE', #2008, #1250, #2792, .T. ) ;
#3489 = CARTESIAN_POINT ( 'NONE',  ( -0.8928239547296700218, 5.878610387054337139, -9.200000000000001066 ) ) ;
#3490 = COLOUR_RGB ( '',0.7490196078431372584, 0.7490196078431372584, 0.7490196078431372584 ) ;
#3491 = FILL_AREA_STYLE ('',( #1423 ) ) ;
#3492 =( NAMED_UNIT ( * ) SI_UNIT ( $, .STERADIAN. ) SOLID_ANGLE_UNIT ( ) );
#3493 =( LENGTH_UNIT ( ) NAMED_UNIT ( * ) SI_UNIT ( .MILLI., .METRE. ) );
#3494 = STYLED_ITEM ( 'NONE', ( #3146 ), #1898 ) ;
#3495 =( GEOMETRIC_REPRESENTATION_CONTEXT ( 3 ) GLOBAL_UNCERTAINTY_ASSIGNED_CONTEXT ( ( #3210 ) ) GLOBAL_UNIT_ASSIGNED_CONTEXT ( ( #105, #732, #3908 ) ) REPRESENTATION_CONTEXT ( 'NONE', 'WORKASPACE' ) );
#3496 = FACE_OUTER_BOUND ( 'NONE', #3793, .T. ) ;
#3497 = CARTESIAN_POINT ( 'NONE',  ( 1.464729109999999945, -2.481903026999999984, -14.15189193999999873 ) ) ;
#3498 = ORIENTED_EDGE ( 'NONE', *, *, #3057, .T. ) ;
#3499 = EDGE_CURVE ( 'NONE', #1212, #2862, #1359, .T. ) ;
#3500 = UNCERTAINTY_MEASURE_WITH_UNIT (LENGTH_MEASURE( 1.000000000000000082E-05 ), #2735, 'distance_accuracy_value', 'NONE');
#3501 = CARTESIAN_POINT ( 'NONE',  ( 4.600000000020509461, 4.000000000000000000, -11.90000000000000036 ) ) ;
#3502 = CARTESIAN_POINT ( 'NONE',  ( 1.764544381274234297, 5.192895714852208577, -14.10000000000000142 ) ) ;
#3503 = CARTESIAN_POINT ( 'NONE',  ( -6.563308924123489874E-10, 9.600000000000001421, -10.00000000000000000 ) ) ;
#3504 = MECHANICAL_DESIGN_GEOMETRIC_PRESENTATION_REPRESENTATION (  '', ( #2973 ), #1503 ) ;
#3505 = EDGE_LOOP ( 'NONE', ( #2219, #639, #2867, #2079 ) ) ;
#3506 = CARTESIAN_POINT ( 'NONE',  ( 1.449999999999999956, 0.2334459459999999875, -13.70000000000000107 ) ) ;
#3507 = FACE_OUTER_BOUND ( 'NONE', #3123, .T. ) ;
#3508 =( BOUNDED_CURVE ( )  B_SPLINE_CURVE ( 3, ( #747, #3294, #427, #1109 ),
 .UNSPECIFIED., .F., .T. ) 
 B_SPLINE_CURVE_WITH_KNOTS ( ( 4, 4 ),
 ( 0.000000000000000000, 3.141592653589795336 ),
 .UNSPECIFIED. ) 
 CURVE ( )  GEOMETRIC_REPRESENTATION_ITEM ( )  RATIONAL_B_SPLINE_CURVE ( ( 1.000000000000000000, 0.3333333333333329818, 0.3333333333333329818, 1.000000000000000000 ) ) 
 REPRESENTATION_ITEM ( '' )  );
#3509 = EDGE_LOOP ( 'NONE', ( #3876, #2106, #762, #4043, #2615, #3487, #1513, #2705 ) ) ;
#3510 = UNCERTAINTY_MEASURE_WITH_UNIT (LENGTH_MEASURE( 1.000000000000000082E-05 ), #1287, 'distance_accuracy_value', 'NONE');
#3511 =( NAMED_UNIT ( * ) PLANE_ANGLE_UNIT ( ) SI_UNIT ( $, .RADIAN. ) );
#3512 = ORIENTED_EDGE ( 'NONE', *, *, #4080, .T. ) ;
#3513 = PRESENTATION_STYLE_ASSIGNMENT (( #3442 ) ) ;
#3514 = CARTESIAN_POINT ( 'NONE',  ( -4.500000000000000000, 6.799999999999999822, -3.500000001250000103 ) ) ;
#3515 = CARTESIAN_POINT ( 'NONE',  ( 4.500000000000000000, 6.800000001522329640, -12.00000000000000000 ) ) ;
#3516 = EDGE_CURVE ( 'NONE', #2558, #1007, #3183, .T. ) ;
#3517 = CARTESIAN_POINT ( 'NONE',  ( -0.8380591770000002105, 6.400000000000002132, -2.081587955999998130 ) ) ;
#3518 = CARTESIAN_POINT ( 'NONE',  ( 1.000000000000000000, 6.399999999589793376, -3.000000000000000000 ) ) ;
#3519 = ADVANCED_FACE ( 'NONE', ( #584 ), #3929, .F. ) ;
#3520 = CARTESIAN_POINT ( 'NONE',  ( -1.449999999999999956, -0.8647519250394369861, -14.27039115994760010 ) ) ;
#3521 = ORIENTED_EDGE ( 'NONE', *, *, #2887, .T. ) ;
#3522 = B_SPLINE_SURFACE_WITH_KNOTS ( 'NONE', 1, 1, ( 
 ( #2143, #562 ),
 ( #1535, #2806 ) ),
 .UNSPECIFIED., .F., .F., .F.,
 ( 2, 2 ),
 ( 2, 2 ),
 ( 0.000000000000000000, 1.000000000000000000 ),
 ( 0.000000000000000000, 1.000000000000000000 ),
 .UNSPECIFIED. ) ;
#3523 = CARTESIAN_POINT ( 'NONE',  ( 2.449999999999999734, 5.299999999999999822, -12.00000000000000000 ) ) ;
#3524 = ORIENTED_EDGE ( 'NONE', *, *, #3998, .F. ) ;
#3525 = CARTESIAN_POINT ( 'NONE',  ( 1.449999999999999956, 5.400000000000000355, -13.70000000000000107 ) ) ;
#3526 = ORIENTED_EDGE ( 'NONE', *, *, #197, .T. ) ;
#3527 = CARTESIAN_POINT ( 'NONE',  ( -1.449999999999999956, -0.4769987540485481903, -13.74453537352622057 ) ) ;
#3528 = ORIENTED_EDGE ( 'NONE', *, *, #1799, .T. ) ;
#3529 = CARTESIAN_POINT ( 'NONE',  ( 0.8601000500000004489, 8.120200100000005250, -2.206587956000000350 ) ) ;
#3530 = ORIENTED_EDGE ( 'NONE', *, *, #576, .T. ) ;
#3531 = CARTESIAN_POINT ( 'NONE',  ( 4.100000000000000533, 10.54999999989744808, 1.734723475976807094E-15 ) ) ;
#3532 = B_SPLINE_CURVE_WITH_KNOTS ( 'NONE', 3,
 ( #218, #3798, #599, #4116 ),
 .UNSPECIFIED., .F., .F.,
 ( 4, 4 ),
 ( 0.000000000000000000, 1.000000000000000000 ),
 .UNSPECIFIED. ) ;
#3533 = CARTESIAN_POINT ( 'NONE',  ( 3.950000000000000178, 5.299999999999999822, -14.50000000000000000 ) ) ;
#3534 =( BOUNDED_SURFACE ( )  B_SPLINE_SURFACE ( 1, 3, ( 
 ( #7, #1943, #2913, #1304 ),
 ( #3847, #31, #1331, #2598 ) ),
 .UNSPECIFIED., .F., .F., .T. ) 
 B_SPLINE_SURFACE_WITH_KNOTS ( ( 2, 2 ),
 ( 4, 4 ),
 ( 0.000000000000000000, 1.000000000000000000 ),
 ( 0.000000000000000000, 1.000000000000000000 ),
 .UNSPECIFIED. ) 
 GEOMETRIC_REPRESENTATION_ITEM ( )  RATIONAL_B_SPLINE_SURFACE ( (
 ( 1.000000000000000000, 0.9687682312047879440, 0.9687682312047879440, 1.000000000000000000),
 ( 1.000000000000000000, 0.9687682312047879440, 0.9687682312047879440, 1.000000000000000000) ) ) 
 REPRESENTATION_ITEM ( '' )  SURFACE ( )  );
#3535 = ORIENTED_EDGE ( 'NONE', *, *, #431, .F. ) ;
#3536 = CARTESIAN_POINT ( 'NONE',  ( 1.447360780082724174, -2.614563275719659963, -14.52925285267032152 ) ) ;
#3537 = CARTESIAN_POINT ( 'NONE',  ( 1.447360780316386153, -2.481903027361989977, -14.15189193990002003 ) ) ;
#3538 = FILL_AREA_STYLE ('',( #642 ) ) ;
#3539 = CARTESIAN_POINT ( 'NONE',  ( -3.950000000333335315, 6.433445945948889744, -12.00000000000000000 ) ) ;
#3540 = CARTESIAN_POINT ( 'NONE',  ( 4.899999999999999467, 3.700000000000000178, -11.90000000000000036 ) ) ;
#3541 = CARTESIAN_POINT ( 'NONE',  ( -1.250000000000000000, -0.3677808534578610455, -7.500079437333839749 ) ) ;
#3542 = ADVANCED_FACE ( 'NONE', ( #221 ), #199, .F. ) ;
#3543 = FILL_AREA_STYLE ('',( #15 ) ) ;
#3544 = CARTESIAN_POINT ( 'NONE',  ( 3.950000000000000178, 0.2334459459999999875, -14.50000000000000000 ) ) ;
#3545 = PRESENTATION_LAYER_ASSIGNMENT (  '', '', ( #2946 ) ) ;
#3546 = CARTESIAN_POINT ( 'NONE',  ( -3.950000000333335315, 0.2334459454116664945, -12.00000000000000000 ) ) ;
#3547 = B_SPLINE_CURVE_WITH_KNOTS ( 'NONE', 1,
 ( #912, #1860 ),
 .UNSPECIFIED., .F., .F.,
 ( 2, 2 ),
 ( 0.000000000000000000, 1.000000000000000000 ),
 .UNSPECIFIED. ) ;
#3548 = ORIENTED_EDGE ( 'NONE', *, *, #1902, .F. ) ;
#3549 = EDGE_CURVE ( 'NONE', #2179, #3073, #2923, .T. ) ;
#3550 = PRESENTATION_STYLE_ASSIGNMENT (( #2271 ) ) ;
#3551 = VERTEX_POINT ( 'NONE', #883 ) ;
#3552 = UNCERTAINTY_MEASURE_WITH_UNIT (LENGTH_MEASURE( 1.000000000000000082E-05 ), #2181, 'distance_accuracy_value', 'NONE');
#3553 =( LENGTH_UNIT ( ) NAMED_UNIT ( * ) SI_UNIT ( .MILLI., .METRE. ) );
#3554 = ORIENTED_EDGE ( 'NONE', *, *, #1434, .F. ) ;
#3555 =( NAMED_UNIT ( * ) SI_UNIT ( $, .STERADIAN. ) SOLID_ANGLE_UNIT ( ) );
#3556 = CARTESIAN_POINT ( 'NONE',  ( 4.049999999923370453, 6.800000002187129411, -12.00000000000000000 ) ) ;
#3557 = EDGE_LOOP ( 'NONE', ( #2002, #188, #165, #3521 ) ) ;
#3558 = EDGE_CURVE ( 'NONE', #3062, #1684, #3618, .T. ) ;
#3559 = B_SPLINE_CURVE_WITH_KNOTS ( 'NONE', 3,
 ( #3300, #3641, #1036, #1352 ),
 .UNSPECIFIED., .F., .F.,
 ( 4, 4 ),
 ( 0.000000000000000000, 0.4506621923720630085 ),
 .UNSPECIFIED. ) ;
#3560 = CARTESIAN_POINT ( 'NONE',  ( -0.9999999996408275305, 4.400000001000000438, -9.200000000000001066 ) ) ;
#3561 =( BOUNDED_CURVE ( )  B_SPLINE_CURVE ( 3, ( #3363, #493, #3302, #3281 ),
 .UNSPECIFIED., .F., .T. ) 
 B_SPLINE_CURVE_WITH_KNOTS ( ( 4, 4 ),
 ( 0.000000000000000000, 1.570796326794895004 ),
 .UNSPECIFIED. ) 
 CURVE ( )  GEOMETRIC_REPRESENTATION_ITEM ( )  RATIONAL_B_SPLINE_CURVE ( ( 1.000000000000000000, 0.8047378541243649375, 0.8047378541243649375, 1.000000000000000000 ) ) 
 REPRESENTATION_ITEM ( '' )  );
#3562 = CARTESIAN_POINT ( 'NONE',  ( 2.371354575000000242, 9.775108590464000713, -12.00000000000000178 ) ) ;
#3563 = FILL_AREA_STYLE ('',( #3241 ) ) ;
#3564 = B_SPLINE_CURVE_WITH_KNOTS ( 'NONE', 1,
 ( #3330, #783 ),
 .UNSPECIFIED., .F., .F.,
 ( 2, 2 ),
 ( 0.000000000000000000, 1.000000000000000000 ),
 .UNSPECIFIED. ) ;
#3565 = SURFACE_STYLE_FILL_AREA ( #1016 ) ;
#3566 = CARTESIAN_POINT ( 'NONE',  ( 1.874516600054608961, 9.600000000384470766, -10.00000000000000000 ) ) ;
#3567 = CARTESIAN_POINT ( 'NONE',  ( -3.200000000768939312, 8.274516599398278771, 0.000000000000000000 ) ) ;
#3568 = STYLED_ITEM ( 'NONE', ( #638 ), #1572 ) ;
#3569 = FILL_AREA_STYLE_COLOUR ( '', #65 ) ;
#3570 = EDGE_CURVE ( 'NONE', #3269, #867, #127, .T. ) ;
#3571 = COLOUR_RGB ( '',0.7490196078431372584, 0.7490196078431372584, 0.7490196078431372584 ) ;
#3572 = CARTESIAN_POINT ( 'NONE',  ( -4.500000000000000888, 0.3999999998359172193, -0.2500000000000000000 ) ) ;
#3573 = CARTESIAN_POINT ( 'NONE',  ( -1.649999999999999911, 3.833445946000000326, -14.50000000000000000 ) ) ;
#3574 = CARTESIAN_POINT ( 'NONE',  ( -4.500000000000000000, 10.39999999995898072, -0.2500000000240429898 ) ) ;
#3575 = EDGE_CURVE ( 'NONE', #1684, #2929, #3723, .T. ) ;
#3576 = ORIENTED_EDGE ( 'NONE', *, *, #3516, .T. ) ;
#3577 = CARTESIAN_POINT ( 'NONE',  ( -4.500000000000000000, 0.3999999999589795019, -0.2500000000240429898 ) ) ;
#3578 = CARTESIAN_POINT ( 'NONE',  ( -4.500000000000000000, 6.799999999999999822, -3.500000001250000103 ) ) ;
#3579 = STYLED_ITEM ( 'NONE', ( #1646 ), #3262 ) ;
#3580 =( NAMED_UNIT ( * ) SI_UNIT ( $, .STERADIAN. ) SOLID_ANGLE_UNIT ( ) );
#3581 = EDGE_CURVE ( 'NONE', #3911, #2639, #3830, .T. ) ;
#3582 =( NAMED_UNIT ( * ) PLANE_ANGLE_UNIT ( ) SI_UNIT ( $, .RADIAN. ) );
#3583 = CARTESIAN_POINT ( 'NONE',  ( 1.249999998933331913, 0.000000000000000000, -7.550000000879180995 ) ) ;
#3584 = EDGE_LOOP ( 'NONE', ( #3946, #298, #211, #593 ) ) ;
#3585 = CARTESIAN_POINT ( 'NONE',  ( -1.000000000003332001, 6.399999999940139794, -9.199999999999999289 ) ) ;
#3586 =( NAMED_UNIT ( * ) PLANE_ANGLE_UNIT ( ) SI_UNIT ( $, .RADIAN. ) );
#3587 = CARTESIAN_POINT ( 'NONE',  ( -0.7408264380000004756, 4.918347123999999404, -2.000000000000000888 ) ) ;
#3588 = CARTESIAN_POINT ( 'NONE',  ( 0.5857864379272715860, 7.399999999879852908, -2.999999999999829026 ) ) ;
#3589 =( LENGTH_UNIT ( ) NAMED_UNIT ( * ) SI_UNIT ( .MILLI., .METRE. ) );
#3590 =( NAMED_UNIT ( * ) PLANE_ANGLE_UNIT ( ) SI_UNIT ( $, .RADIAN. ) );
#3591 = CARTESIAN_POINT ( 'NONE',  ( 4.249999999965814901, 10.39999999930000030, 0.000000000000000000 ) ) ;
#3592 = FACE_OUTER_BOUND ( 'NONE', #1470, .T. ) ;
#3593 = CARTESIAN_POINT ( 'NONE',  ( -4.100000000153876556, -8.673617379884035472E-16, -0.2500000000000000000 ) ) ;
#3594 = CARTESIAN_POINT ( 'NONE',  ( 3.803283114502326256, 7.500000000392692101, -13.70000000000000107 ) ) ;
#3595 = ORIENTED_EDGE ( 'NONE', *, *, #3726, .T. ) ;
#3596 = CARTESIAN_POINT ( 'NONE',  ( 1.449999999999999956, -0.2988759557151185464, -14.10977863536560051 ) ) ;
#3597 = CARTESIAN_POINT ( 'NONE',  ( 1.250000000000000000, -1.644796055751970076, -6.882167492273819853 ) ) ;
#3598 = CARTESIAN_POINT ( 'NONE',  ( 1.250000000000000000, -0.3677808534578610455, -7.500079437333839749 ) ) ;
#3599 = B_SPLINE_CURVE_WITH_KNOTS ( 'NONE', 1,
 ( #3501, #2469 ),
 .UNSPECIFIED., .F., .F.,
 ( 2, 2 ),
 ( -1.000000000000000000, 0.000000000000000000 ),
 .UNSPECIFIED. ) ;
#3600 = UNCERTAINTY_MEASURE_WITH_UNIT (LENGTH_MEASURE( 1.000000000000000082E-05 ), #3915, 'distance_accuracy_value', 'NONE');
#3601 = SURFACE_STYLE_FILL_AREA ( #2357 ) ;
#3602 = CARTESIAN_POINT ( 'NONE',  ( 1.250000000000000000, -1.979086840863834906, -7.109145532928790701 ) ) ;
#3603 = EDGE_CURVE ( 'NONE', #1299, #2627, #171, .T. ) ;
#3604 = CARTESIAN_POINT ( 'NONE',  ( -0.7408264380000001426, 6.400000000000002132, -2.000000000000002220 ) ) ;
#3605 = CARTESIAN_POINT ( 'NONE',  ( -1.649999999999999911, 3.833445946000000326, -14.50000000000000000 ) ) ;
#3606 = VERTEX_POINT ( 'NONE', #1362 ) ;
#3607 = FILL_AREA_STYLE_COLOUR ( '', #3101 ) ;
#3608 = CARTESIAN_POINT ( 'NONE',  ( 3.950000000333335315, 5.299999998649330024, -12.00000000000000000 ) ) ;
#3609 = EDGE_CURVE ( 'NONE', #2195, #2223, #685, .T. ) ;
#3610 = FILL_AREA_STYLE_COLOUR ( '', #150 ) ;
#3611 = CARTESIAN_POINT ( 'NONE',  ( -1.539015179964443814, 7.897424065953406291, -13.70000000000000462 ) ) ;
#3612 = ORIENTED_EDGE ( 'NONE', *, *, #3997, .T. ) ;
#3613 = CARTESIAN_POINT ( 'NONE',  ( 4.899999999999999467, 3.699999999958980101, -11.90000000000000036 ) ) ;
#3614 = CARTESIAN_POINT ( 'NONE',  ( 4.099999999979490717, 10.80000000000000071, -0.2499999999871810041 ) ) ;
#3615 =( NAMED_UNIT ( * ) PLANE_ANGLE_UNIT ( ) SI_UNIT ( $, .RADIAN. ) );
#3616 = PRESENTATION_LAYER_ASSIGNMENT (  '', '', ( #2614 ) ) ;
#3617 = VERTEX_POINT ( 'NONE', #2581 ) ;
#3618 =( BOUNDED_CURVE ( )  B_SPLINE_CURVE ( 3, ( #1402, #3249, #2653, #2265 ),
 .UNSPECIFIED., .F., .T. ) 
 B_SPLINE_CURVE_WITH_KNOTS ( ( 4, 4 ),
 ( -0.4506621923720630085, 0.000000000000000000 ),
 .UNSPECIFIED. ) 
 CURVE ( )  GEOMETRIC_REPRESENTATION_ITEM ( )  RATIONAL_B_SPLINE_CURVE ( ( 1.000000000000000000, 0.9831467894181622480, 0.9831467894181622480, 1.000000000000000000 ) ) 
 REPRESENTATION_ITEM ( '' )  );
#3619 = CARTESIAN_POINT ( 'NONE',  ( -0.8380591770000002105, 6.400000000000002132, -2.081587955999998130 ) ) ;
#3620 = SURFACE_STYLE_USAGE ( .BOTH. , #773 ) ;
#3621 = ORIENTED_EDGE ( 'NONE', *, *, #848, .T. ) ;
#3622 = CARTESIAN_POINT ( 'NONE',  ( 4.049999999999999822, 6.799999999999999822, -12.00000000000000000 ) ) ;
#3623 = CARTESIAN_POINT ( 'NONE',  ( 4.099999999999997868, 10.79999999999999716, -0.1035533909999999669 ) ) ;
#3624 = CARTESIAN_POINT ( 'NONE',  ( -1.250000000000000000, -0.1499999996548333769, -7.549999999879180024 ) ) ;
#3625 = EDGE_CURVE ( 'NONE', #1912, #647, #2662, .T. ) ;
#3626 = PRESENTATION_LAYER_ASSIGNMENT (  '', '', ( #3220 ) ) ;
#3627 = STYLED_ITEM ( 'NONE', ( #2256 ), #1293 ) ;
#3628 = CARTESIAN_POINT ( 'NONE',  ( -1.449999999999999956, -1.858694062455174878, -14.55250166619295982 ) ) ;
#3629 = CARTESIAN_POINT ( 'NONE',  ( -2.025957953752627549, 7.111576364179303056, -13.70000000000000639 ) ) ;
#3630 = ORIENTED_EDGE ( 'NONE', *, *, #1119, .F. ) ;
#3631 = CARTESIAN_POINT ( 'NONE',  ( -0.3593670329993328139, 5.060565425250667992, -9.200000000000001066 ) ) ;
#3632 = ORIENTED_EDGE ( 'NONE', *, *, #2236, .F. ) ;
#3633 = CARTESIAN_POINT ( 'NONE',  ( 4.099999999999997868, 0.1035533909999999669, 0.000000000000000000 ) ) ;
#3634 = CARTESIAN_POINT ( 'NONE',  ( 4.334314574934992059, -9.013763221670033224E-11, -12.00000000000000000 ) ) ;
#3635 = FACE_OUTER_BOUND ( 'NONE', #3140, .T. ) ;
#3636 = ORIENTED_EDGE ( 'NONE', *, *, #1565, .F. ) ;
#3637 = CARTESIAN_POINT ( 'NONE',  ( -4.049999999995434585, 6.799999999868569844, -3.500000000000000000 ) ) ;
#3638 = UNCERTAINTY_MEASURE_WITH_UNIT (LENGTH_MEASURE( 1.000000000000000082E-05 ), #2592, 'distance_accuracy_value', 'NONE');
#3639 = CARTESIAN_POINT ( 'NONE',  ( 1.001950451999999547, 10.40662188685700329, -12.00000000000000178 ) ) ;
#3640 = PRESENTATION_LAYER_ASSIGNMENT (  '', '', ( #1305 ) ) ;
#3641 = CARTESIAN_POINT ( 'NONE',  ( -1.250000000000000000, -0.2730751310955690792, -7.849999999999999645 ) ) ;
#3642 = ORIENTED_EDGE ( 'NONE', *, *, #3410, .T. ) ;
#3643 = B_SPLINE_CURVE_WITH_KNOTS ( 'NONE', 3,
 ( #2239, #3520, #352, #645 ),
 .UNSPECIFIED., .F., .F.,
 ( 4, 4 ),
 ( 0.000000000000000000, 1.000000000000000000 ),
 .UNSPECIFIED. ) ;
#3644 = CARTESIAN_POINT ( 'NONE',  ( 1.116029937499998681, -3.075694914442622885, -7.298949577846487458 ) ) ;
#3645 = FILL_AREA_STYLE ('',( #436 ) ) ;
#3646 = CARTESIAN_POINT ( 'NONE',  ( -1.250000000000000000, -0.2257530489000398877, -7.549999999968925124 ) ) ;
#3647 = ADVANCED_FACE ( 'NONE', ( #3893 ), #1401, .F. ) ;
#3648 = CARTESIAN_POINT ( 'NONE',  ( 1.250000000000000222, -2.063731034671845155, -7.109145533015201579 ) ) ;
#3649 = ORIENTED_EDGE ( 'NONE', *, *, #1584, .F. ) ;
#3650 = CARTESIAN_POINT ( 'NONE',  ( -0.1726875895257057314, 8.946691179861330667, -13.70000000000000107 ) ) ;
#3651 = CARTESIAN_POINT ( 'NONE',  ( -1.375000000000000000, 6.400000000000000355, -10.00000000000000000 ) ) ;
#3652 = CARTESIAN_POINT ( 'NONE',  ( 4.273654403000000990, 0.1035533909999999391, 0.000000000000000000 ) ) ;
#3653 = FACE_OUTER_BOUND ( 'NONE', #2191, .T. ) ;
#3654 = FACE_OUTER_BOUND ( 'NONE', #2403, .T. ) ;
#3655 = EDGE_LOOP ( 'NONE', ( #1031, #1560, #2099, #505, #423, #1220 ) ) ;
#3656 = CARTESIAN_POINT ( 'NONE',  ( 3.950000000333335315, 5.299999998649330024, -12.00000000000000000 ) ) ;
#3657 =( NAMED_UNIT ( * ) PLANE_ANGLE_UNIT ( ) SI_UNIT ( $, .RADIAN. ) );
#3658 = CARTESIAN_POINT ( 'NONE',  ( 4.775735931378180865, 3.999999999963955943, -9.500000000000000000 ) ) ;
#3659 = ORIENTED_EDGE ( 'NONE', *, *, #1649, .T. ) ;
#3660 = B_SPLINE_CURVE_WITH_KNOTS ( 'NONE', 1,
 ( #359, #3578 ),
 .UNSPECIFIED., .F., .F.,
 ( 2, 2 ),
 ( 0.000000000000000000, 1.000000000000000000 ),
 .UNSPECIFIED. ) ;
#3661 = B_SPLINE_SURFACE_WITH_KNOTS ( 'NONE', 1, 1, ( 
 ( #2543, #2571 ),
 ( #3145, #1224 ) ),
 .UNSPECIFIED., .F., .F., .F.,
 ( 2, 2 ),
 ( 2, 2 ),
 ( 0.000000000000000000, 1.000000000000000000 ),
 ( 0.000000000000000000, 1.000000000000000000 ),
 .UNSPECIFIED. ) ;
#3662 = FILL_AREA_STYLE ('',( #91 ) ) ;
#3663 = CARTESIAN_POINT ( 'NONE',  ( 2.898375148866667583, 7.400000000000001243, -13.86458949644000072 ) ) ;
#3664 = CARTESIAN_POINT ( 'NONE',  ( 4.049999999923370453, 6.800000000664789823, -3.500000000000000000 ) ) ;
#3665 =( BOUNDED_CURVE ( )  B_SPLINE_CURVE ( 3, ( #2922, #1671, #1366, #2269 ),
 .UNSPECIFIED., .F., .T. ) 
 B_SPLINE_CURVE_WITH_KNOTS ( ( 4, 4 ),
 ( 0.000000000000000000, 1.570796326794895004 ),
 .UNSPECIFIED. ) 
 CURVE ( )  GEOMETRIC_REPRESENTATION_ITEM ( )  RATIONAL_B_SPLINE_CURVE ( ( 1.000000000000000000, 0.8047378541243649375, 0.8047378541243649375, 1.000000000000000000 ) ) 
 REPRESENTATION_ITEM ( '' )  );
#3666 = CARTESIAN_POINT ( 'NONE',  ( 2.051032954586418100E-10, 7.400000000000001243, -3.000000000000000000 ) ) ;
#3667 = ORIENTED_EDGE ( 'NONE', *, *, #69, .F. ) ;
#3668 = CARTESIAN_POINT ( 'NONE',  ( -1.374999999772665848, 6.399999999917690197, -9.199999999999999289 ) ) ;
#3669 = FILL_AREA_STYLE ('',( #4014 ) ) ;
#3670 =( NAMED_UNIT ( * ) SI_UNIT ( $, .STERADIAN. ) SOLID_ANGLE_UNIT ( ) );
#3671 = CARTESIAN_POINT ( 'NONE',  ( 1.449999999999999956, -1.470940894125200016, -14.02664587966100029 ) ) ;
#3672 = CARTESIAN_POINT ( 'NONE',  ( 1.875000001296804886, 7.400000000167120007, -13.70000000025334153 ) ) ;
#3673 = ORIENTED_EDGE ( 'NONE', *, *, #2777, .T. ) ;
#3674 = PRESENTATION_LAYER_ASSIGNMENT (  '', '', ( #122 ) ) ;
#3675 = CARTESIAN_POINT ( 'NONE',  ( 1.449999999999999956, -2.575316788999999940, -13.70000000000000107 ) ) ;
#3676 = CARTESIAN_POINT ( 'NONE',  ( -1.649999999999999911, 3.833445946000000326, -14.50000000000000000 ) ) ;
#3677 = VERTEX_POINT ( 'NONE', #722 ) ;
#3678 = ADVANCED_FACE ( 'NONE', ( #1313 ), #3179, .F. ) ;
#3679 = CARTESIAN_POINT ( 'NONE',  ( 1.649999999999999911, 3.833445946000000326, -14.50000000000000000 ) ) ;
#3680 = CARTESIAN_POINT ( 'NONE',  ( 4.049999999923370453, 6.800000002187129411, -12.00000000000000000 ) ) ;
#3681 = CARTESIAN_POINT ( 'NONE',  ( -4.334314575170910899, 10.79999999995194493, -3.500000000000000444 ) ) ;
#3682 = MECHANICAL_DESIGN_GEOMETRIC_PRESENTATION_REPRESENTATION (  '', ( #3685 ), #2018 ) ;
#3683 =( BOUNDED_CURVE ( )  B_SPLINE_CURVE ( 3, ( #1730, #2665, #2684, #733 ),
 .UNSPECIFIED., .F., .T. ) 
 B_SPLINE_CURVE_WITH_KNOTS ( ( 4, 4 ),
 ( 4.712388980384689674, 6.283185307179590673 ),
 .UNSPECIFIED. ) 
 CURVE ( )  GEOMETRIC_REPRESENTATION_ITEM ( )  RATIONAL_B_SPLINE_CURVE ( ( 1.000000000000000000, 0.8047378541243649375, 0.8047378541243649375, 1.000000000000000000 ) ) 
 REPRESENTATION_ITEM ( '' )  );
#3684 = ORIENTED_EDGE ( 'NONE', *, *, #2034, .F. ) ;
#3685 = STYLED_ITEM ( 'NONE', ( #4096 ), #971 ) ;
#3686 = B_SPLINE_SURFACE_WITH_KNOTS ( 'NONE', 1, 1, ( 
 ( #2636, #2020 ),
 ( #705, #2965 ) ),
 .UNSPECIFIED., .F., .F., .F.,
 ( 2, 2 ),
 ( 2, 2 ),
 ( 0.000000000000000000, 1.000000000000000000 ),
 ( 0.000000000000000000, 1.000000000000000000 ),
 .UNSPECIFIED. ) ;
#3687 = EDGE_CURVE ( 'NONE', #3160, #439, #1824, .T. ) ;
#3688 = SURFACE_STYLE_USAGE ( .BOTH. , #4037 ) ;
#3689 = B_SPLINE_CURVE_WITH_KNOTS ( 'NONE', 3,
 ( #1204, #991, #320, #967 ),
 .UNSPECIFIED., .F., .F.,
 ( 4, 4 ),
 ( 0.000000000000000000, 0.4506621912023169862 ),
 .UNSPECIFIED. ) ;
#3690 = ORIENTED_EDGE ( 'NONE', *, *, #3033, .F. ) ;
#3691 = CARTESIAN_POINT ( 'NONE',  ( -1.450000001189809762, 0.2334459467167515068, -13.70000000000000107 ) ) ;
#3692 = ORIENTED_EDGE ( 'NONE', *, *, #3420, .T. ) ;
#3693 = PRESENTATION_LAYER_ASSIGNMENT (  '', '', ( #1813 ) ) ;
#3694 = EDGE_CURVE ( 'NONE', #3436, #3160, #1091, .T. ) ;
#3695 = SURFACE_SIDE_STYLE ('',( #2067 ) ) ;
#3696 = VERTEX_POINT ( 'NONE', #2603 ) ;
#3697 = PRESENTATION_LAYER_ASSIGNMENT (  '', '', ( #2706 ) ) ;
#3698 = PRESENTATION_LAYER_ASSIGNMENT (  '', '', ( #3759 ) ) ;
#3699 = CARTESIAN_POINT ( 'NONE',  ( -0.1805675707733337687, 7.775000002252801856, -10.00000000000000000 ) ) ;
#3700 = CARTESIAN_POINT ( 'NONE',  ( 1.249999998933331913, 0.000000000000000000, -7.850000001416669981 ) ) ;
#3701 = B_SPLINE_CURVE_WITH_KNOTS ( 'NONE', 3,
 ( #3829, #1603, #3871, #1945 ),
 .UNSPECIFIED., .F., .F.,
 ( 4, 4 ),
 ( 0.000000000000000000, 0.2765566330171460030 ),
 .UNSPECIFIED. ) ;
#3702 = CARTESIAN_POINT ( 'NONE',  ( 1.249999999889618074, -2.504526319857659722, -6.985058561868120464 ) ) ;
#3703 = CARTESIAN_POINT ( 'NONE',  ( 1.250000000000000000, -2.219897942965268101, -7.170956061229770917 ) ) ;
#3704 = ADVANCED_FACE ( 'NONE', ( #420 ), #68, .F. ) ;
#3705 = PRESENTATION_LAYER_ASSIGNMENT (  '', '', ( #899 ) ) ;
#3706 = VERTEX_POINT ( 'NONE', #3702 ) ;
#3707 = B_SPLINE_CURVE_WITH_KNOTS ( 'NONE', 1,
 ( #3841, #229 ),
 .UNSPECIFIED., .F., .F.,
 ( 2, 2 ),
 ( -1.000000000000000000, 0.000000000000000000 ),
 .UNSPECIFIED. ) ;
#3708 = CARTESIAN_POINT ( 'NONE',  ( 1.374999999772665848, 6.399999999623981140, -9.199999999999999289 ) ) ;
#3709 = CARTESIAN_POINT ( 'NONE',  ( -1.449120259866666816, -2.454429214381959046, -14.16155028737051325 ) ) ;
#3710 = CARTESIAN_POINT ( 'NONE',  ( -1.249999999889618074, -2.504526319923234823, -6.985058561904160079 ) ) ;
#3711 = CARTESIAN_POINT ( 'NONE',  ( -1.250000000000000000, -0.3677808534578610455, -7.500079437333839749 ) ) ;
#3712 = VERTEX_POINT ( 'NONE', #1753 ) ;
#3713 = CARTESIAN_POINT ( 'NONE',  ( -4.100000000000000533, 0.000000000000000000, -0.2500000000000000000 ) ) ;
#3714 = FILL_AREA_STYLE_COLOUR ( '', #470 ) ;
#3715 = CARTESIAN_POINT ( 'NONE',  ( 1.449999999999999956, -0.1569835848825495150, -13.70000000000000107 ) ) ;
#3716 = ORIENTED_EDGE ( 'NONE', *, *, #1504, .T. ) ;
#3717 = EDGE_CURVE ( 'NONE', #1581, #1816, #3375, .T. ) ;
#3718 = CARTESIAN_POINT ( 'NONE',  ( -4.100000000038470205, 1.761828530288945198E-16, -0.2500000000240429898 ) ) ;
#3719 = CARTESIAN_POINT ( 'NONE',  ( -1.250000000000000222, -2.236431428237390051, -6.837724519726875450 ) ) ;
#3720 = CARTESIAN_POINT ( 'NONE',  ( -1.250000000000000000, -1.979975502756305072, -6.805336374020139800 ) ) ;
#3721 =( LENGTH_UNIT ( ) NAMED_UNIT ( * ) SI_UNIT ( .MILLI., .METRE. ) );
#3722 = PRESENTATION_STYLE_ASSIGNMENT (( #2999 ) ) ;
#3723 = B_SPLINE_CURVE_WITH_KNOTS ( 'NONE', 1,
 ( #1338, #378 ),
 .UNSPECIFIED., .F., .F.,
 ( 2, 2 ),
 ( 0.000000000000000000, 1.000000000000000000 ),
 .UNSPECIFIED. ) ;
#3724 = B_SPLINE_SURFACE_WITH_KNOTS ( 'NONE', 1, 1, ( 
 ( #1533, #4027 ),
 ( #2805, #920 ) ),
 .UNSPECIFIED., .F., .F., .F.,
 ( 2, 2 ),
 ( 2, 2 ),
 ( 0.000000000000000000, 1.000000000000000000 ),
 ( 0.000000000000000000, 1.000000000000000000 ),
 .UNSPECIFIED. ) ;
#3725 = SURFACE_SIDE_STYLE ('',( #2450 ) ) ;
#3726 = EDGE_CURVE ( 'NONE', #2610, #2730, #2062, .T. ) ;
#3727 = CARTESIAN_POINT ( 'NONE',  ( -1.250000000000000000, -0.4921630312761798853, -7.773168881203479152 ) ) ;
#3728 = CARTESIAN_POINT ( 'NONE',  ( -1.449999999792365601, 4.846576361515591458, -14.09999999999999964 ) ) ;
#3729 = CARTESIAN_POINT ( 'NONE',  ( -1.649999998700000026, 0.2334459459999999875, -14.50000000000000000 ) ) ;
#3730 = CARTESIAN_POINT ( 'NONE',  ( 4.500000000000000888, 0.3999999999281652618, -0.2500000000000000000 ) ) ;
#3731 = CARTESIAN_POINT ( 'NONE',  ( -1.449999999999999734, -0.2283808418420851805, -14.10000000001282139 ) ) ;
#3732 = ORIENTED_EDGE ( 'NONE', *, *, #882, .F. ) ;
#3733 = CARTESIAN_POINT ( 'NONE',  ( -4.249999999999999112, 10.48786796600000315, 0.000000000000000000 ) ) ;
#3734 = VERTEX_POINT ( 'NONE', #1419 ) ;
#3735 = ADVANCED_FACE ( 'NONE', ( #1735 ), #4013, .F. ) ;
#3736 = FILL_AREA_STYLE ('',( #3714 ) ) ;
#3737 = ORIENTED_EDGE ( 'NONE', *, *, #3454, .T. ) ;
#3738 = CARTESIAN_POINT ( 'NONE',  ( -0.7273335083354017794, -3.632172111640094236, -13.74751783225668689 ) ) ;
#3739 =( GEOMETRIC_REPRESENTATION_CONTEXT ( 3 ) GLOBAL_UNCERTAINTY_ASSIGNED_CONTEXT ( ( #1245 ) ) GLOBAL_UNIT_ASSIGNED_CONTEXT ( ( #373, #3590, #2069 ) ) REPRESENTATION_CONTEXT ( 'NONE', 'WORKASPACE' ) );
#3740 = CARTESIAN_POINT ( 'NONE',  ( 3.675479235078508822, 7.955742801027771982, -13.69999999999999929 ) ) ;
#3741 =( BOUNDED_CURVE ( )  B_SPLINE_CURVE ( 3, ( #546, #886, #4058, #3748 ),
 .UNSPECIFIED., .F., .T. ) 
 B_SPLINE_CURVE_WITH_KNOTS ( ( 4, 4 ),
 ( 0.000000000000000000, 1.570796326794895004 ),
 .UNSPECIFIED. ) 
 CURVE ( )  GEOMETRIC_REPRESENTATION_ITEM ( )  RATIONAL_B_SPLINE_CURVE ( ( 1.000000000000000000, 0.8047378541243649375, 0.8047378541243649375, 1.000000000000000000 ) ) 
 REPRESENTATION_ITEM ( '' )  );
#3742 = CARTESIAN_POINT ( 'NONE',  ( 1.449999999999999956, -1.858694062455174878, -14.55250166619295982 ) ) ;
#3743 = CARTESIAN_POINT ( 'NONE',  ( -0.3593670334378675779, 5.060565423496534265, -10.00000000000000000 ) ) ;
#3744 = ORIENTED_EDGE ( 'NONE', *, *, #817, .T. ) ;
#3745 = B_SPLINE_CURVE_WITH_KNOTS ( 'NONE', 3,
 ( #1392, #1088, #3863, #2022 ),
 .UNSPECIFIED., .F., .F.,
 ( 4, 4 ),
 ( -0.0004445674783341489701, -0.0003578849295560460053 ),
 .UNSPECIFIED. ) ;
#3746 =( LENGTH_UNIT ( ) NAMED_UNIT ( * ) SI_UNIT ( .MILLI., .METRE. ) );
#3747 = EDGE_LOOP ( 'NONE', ( #3456, #2055 ) ) ;
#3748 = CARTESIAN_POINT ( 'NONE',  ( 4.099999999500000492, 10.54999999996582005, 0.000000000000000000 ) ) ;
#3749 =( GEOMETRIC_REPRESENTATION_CONTEXT ( 3 ) GLOBAL_UNCERTAINTY_ASSIGNED_CONTEXT ( ( #959 ) ) GLOBAL_UNIT_ASSIGNED_CONTEXT ( ( #4063, #591, #2800 ) ) REPRESENTATION_CONTEXT ( 'NONE', 'WORKASPACE' ) );
#3750 = CARTESIAN_POINT ( 'NONE',  ( -4.334314575000001390, 10.79999999999999716, -0.2500000000000003331 ) ) ;
#3751 = ORIENTED_EDGE ( 'NONE', *, *, #632, .T. ) ;
#3752 = UNCERTAINTY_MEASURE_WITH_UNIT (LENGTH_MEASURE( 1.000000000000000082E-05 ), #71, 'distance_accuracy_value', 'NONE');
#3753 = COLOUR_RGB ( '',0.7490196078431372584, 0.7490196078431372584, 0.7490196078431372584 ) ;
#3754 = ORIENTED_EDGE ( 'NONE', *, *, #419, .F. ) ;
#3755 = CARTESIAN_POINT ( 'NONE',  ( 2.460000000112169793, 7.399999999501670978, -14.09999999999999964 ) ) ;
#3756 = B_SPLINE_CURVE_WITH_KNOTS ( 'NONE', 1,
 ( #911, #2221 ),
 .UNSPECIFIED., .F., .F.,
 ( 2, 2 ),
 ( 0.000000000000000000, 1.000000000000000000 ),
 .UNSPECIFIED. ) ;
#3757 = SURFACE_SIDE_STYLE ('',( #2527 ) ) ;
#3758 = CARTESIAN_POINT ( 'NONE',  ( -1.425281367379605424, -2.826667339308379656, -14.03069094187436683 ) ) ;
#3759 = STYLED_ITEM ( 'NONE', ( #2775 ), #3066 ) ;
#3760 = FACE_OUTER_BOUND ( 'NONE', #2176, .T. ) ;
#3761 = CARTESIAN_POINT ( 'NONE',  ( 3.950000000000000178, 3.833445945671605237, -13.70000000000000107 ) ) ;
#3762 = STYLED_ITEM ( 'NONE', ( #1562 ), #3519 ) ;
#3763 = VERTEX_POINT ( 'NONE', #1772 ) ;
#3764 = ADVANCED_FACE ( 'NONE', ( #1457 ), #3786, .F. ) ;
#3765 = COLOUR_RGB ( '',0.7490196078431372584, 0.7490196078431372584, 0.7490196078431372584 ) ;
#3766 = SURFACE_SIDE_STYLE ('',( #2193 ) ) ;
#3767 = ORIENTED_EDGE ( 'NONE', *, *, #1489, .F. ) ;
#3768 = EDGE_LOOP ( 'NONE', ( #433, #524 ) ) ;
#3769 = CARTESIAN_POINT ( 'NONE',  ( 2.550000000091665164, 7.400000000000000355, -13.61000000030563939 ) ) ;
#3770 = EDGE_LOOP ( 'NONE', ( #1270, #2570 ) ) ;
#3771 = CARTESIAN_POINT ( 'NONE',  ( -0.8380591770000002105, 6.400000000000002132, -2.081587955999998130 ) ) ;
#3772 = CARTESIAN_POINT ( 'NONE',  ( -1.449999999999999956, -1.967911962528825054, -14.16770113286352029 ) ) ;
#3773 = CARTESIAN_POINT ( 'NONE',  ( -1.649999997484890013, 0.2334459459999999875, -13.70000000000000107 ) ) ;
#3774 = CARTESIAN_POINT ( 'NONE',  ( 1.875000000583765036, 7.399999999343100043, -14.09999999999999964 ) ) ;
#3775 = EDGE_CURVE ( 'NONE', #2008, #1907, #324, .T. ) ;
#3776 =( NAMED_UNIT ( * ) PLANE_ANGLE_UNIT ( ) SI_UNIT ( $, .RADIAN. ) );
#3777 = CARTESIAN_POINT ( 'NONE',  ( 2.747035354295363607, 7.400000000000002132, -14.10000000011042331 ) ) ;
#3778 = CARTESIAN_POINT ( 'NONE',  ( 1.250000000000000000, -3.607496400000000047, -7.591206033000000630 ) ) ;
#3779 = CARTESIAN_POINT ( 'NONE',  ( 1.250000000000000000, -2.456364098870621238, -7.072696456817393340 ) ) ;
#3780 = VERTEX_POINT ( 'NONE', #1814 ) ;
#3781 = CARTESIAN_POINT ( 'NONE',  ( 4.500000000000000000, 0.3999999999820414986, -0.2499999999871810041 ) ) ;
#3782 = SURFACE_SIDE_STYLE ('',( #3182 ) ) ;
#3783 = EDGE_CURVE ( 'NONE', #844, #2387, #936, .T. ) ;
#3784 = B_SPLINE_CURVE_WITH_KNOTS ( 'NONE', 1,
 ( #1463, #782 ),
 .UNSPECIFIED., .F., .F.,
 ( 2, 2 ),
 ( 0.000000000000000000, 1.000000000000000000 ),
 .UNSPECIFIED. ) ;
#3785 = ORIENTED_EDGE ( 'NONE', *, *, #3100, .F. ) ;
#3786 =( BOUNDED_SURFACE ( )  B_SPLINE_SURFACE ( 1, 3, ( 
 ( #3977, #3368, #3059, #3666, #797, #515, #3994 ),
 ( #1793, #2435, #2350, #3077, #2672, #3933, #1083 ) ),
 .UNSPECIFIED., .F., .F., .T. ) 
 B_SPLINE_SURFACE_WITH_KNOTS ( ( 2, 2 ),
 ( 4, 3, 4 ),
 ( 1.697566818297820031E-14, 1.000000000000000000 ),
 ( 0.000000000000000000, 0.5000000000000000000, 1.000000000000000000 ),
 .UNSPECIFIED. ) 
 GEOMETRIC_REPRESENTATION_ITEM ( )  RATIONAL_B_SPLINE_SURFACE ( (
 ( 1.000000000000000000, 0.8047378540760217192, 0.8047378540760217192, 1.000000000000000000, 0.8047378540760217192, 0.8047378540760217192, 1.000000000000000000),
 ( 1.000000000000000000, 0.8047378540760217192, 0.8047378540760217192, 1.000000000000000000, 0.8047378540760217192, 0.8047378540760217192, 1.000000000000000000) ) ) 
 REPRESENTATION_ITEM ( '' )  SURFACE ( )  );
#3787 = CARTESIAN_POINT ( 'NONE',  ( -4.250000000000000000, 0.2500000000000000000, 0.000000000000000000 ) ) ;
#3788 = EDGE_LOOP ( 'NONE', ( #3124, #3918, #859, #2362 ) ) ;
#3789 = CARTESIAN_POINT ( 'NONE',  ( 1.099952380098000670, 7.244591268730000699, -9.199999999999999289 ) ) ;
#3790 = VERTEX_POINT ( 'NONE', #3096 ) ;
#3791 = EDGE_CURVE ( 'NONE', #3020, #2420, #3532, .T. ) ;
#3792 = CARTESIAN_POINT ( 'NONE',  ( 3.950000000000000178, 5.299999999999999822, -12.00000000000000000 ) ) ;
#3793 = EDGE_LOOP ( 'NONE', ( #3079, #1545, #1950, #3754 ) ) ;
#3794 = B_SPLINE_CURVE_WITH_KNOTS ( 'NONE', 1,
 ( #2428, #1830 ),
 .UNSPECIFIED., .F., .F.,
 ( 2, 2 ),
 ( -1.000000000000000000, 0.000000000000000000 ),
 .UNSPECIFIED. ) ;
#3795 = PRESENTATION_STYLE_ASSIGNMENT (( #1618 ) ) ;
#3796 = EDGE_CURVE ( 'NONE', #2702, #1441, #1063, .T. ) ;
#3797 = B_SPLINE_CURVE_WITH_KNOTS ( 'NONE', 3,
 ( #89, #2664, #1395, #3927, #1013, #2365 ),
 .UNSPECIFIED., .F., .F.,
 ( 4, 2, 4 ),
 ( 0.000000000000000000, 0.7853981633974475018, 1.570796326794895004 ),
 .UNSPECIFIED. ) ;
#3798 = CARTESIAN_POINT ( 'NONE',  ( 1.449999999999999956, -2.442290791405670181, -14.30288078917219785 ) ) ;
#3799 = CARTESIAN_POINT ( 'NONE',  ( -4.500000000000000888, 10.40000000000000036, -0.2500000000961724034 ) ) ;
#3800 = CARTESIAN_POINT ( 'NONE',  ( -1.250000000000000000, -2.401908811502160734, -6.928664155657903834 ) ) ;
#3801 = SURFACE_SIDE_STYLE ('',( #2240 ) ) ;
#3802 = ORIENTED_EDGE ( 'NONE', *, *, #3234, .T. ) ;
#3803 = CARTESIAN_POINT ( 'NONE',  ( -1.250000000000000000, -0.4921630309562550210, -7.773168881016840892 ) ) ;
#3804 = SURFACE_STYLE_USAGE ( .BOTH. , #1606 ) ;
#3805 = CARTESIAN_POINT ( 'NONE',  ( -1.874516601367270496, 9.599999999615532076, -10.00000000000000000 ) ) ;
#3806 = ORIENTED_EDGE ( 'NONE', *, *, #1206, .T. ) ;
#3807 = CARTESIAN_POINT ( 'NONE',  ( -1.250000000000000000, -0.4921630309562550210, -7.773168881016840892 ) ) ;
#3808 = ORIENTED_EDGE ( 'NONE', *, *, #1609, .F. ) ;
#3809 = EDGE_CURVE ( 'NONE', #2781, #654, #1358, .T. ) ;
#3810 = CARTESIAN_POINT ( 'NONE',  ( 4.249999999965814901, 0.4000000007000000246, 0.000000000000000000 ) ) ;
#3811 = ORIENTED_EDGE ( 'NONE', *, *, #2574, .F. ) ;
#3812 = CARTESIAN_POINT ( 'NONE',  ( 0.6138981110000000241, 6.400000000000000355, -2.000000000000000000 ) ) ;
#3813 = ORIENTED_EDGE ( 'NONE', *, *, #3848, .F. ) ;
#3814 =( LENGTH_UNIT ( ) NAMED_UNIT ( * ) SI_UNIT ( .MILLI., .METRE. ) );
#3815 = MECHANICAL_DESIGN_GEOMETRIC_PRESENTATION_REPRESENTATION (  '', ( #4155 ), #341 ) ;
#3816 = CARTESIAN_POINT ( 'NONE',  ( 1.225735931000000223, 8.851471863000011098, -14.40000000000001457 ) ) ;
#3817 =( BOUNDED_SURFACE ( )  B_SPLINE_SURFACE ( 1, 3, ( 
 ( #62, #1690, #1959, #3291 ),
 ( #1345, #3255, #3212, #100 ) ),
 .UNSPECIFIED., .F., .F., .F. ) 
 B_SPLINE_SURFACE_WITH_KNOTS ( ( 2, 2 ),
 ( 4, 4 ),
 ( 0.000000000000000000, 1.000000000000000000 ),
 ( 0.000000000000000000, 1.000000000000000000 ),
 .UNSPECIFIED. ) 
 GEOMETRIC_REPRESENTATION_ITEM ( )  RATIONAL_B_SPLINE_SURFACE ( (
 ( 1.000000000000000000, 0.3934258260487142334, 0.3934258260487142334, 1.000000000000000000),
 ( 1.000000000000000000, 0.3934258260487142334, 0.3934258260487142334, 1.000000000000000000) ) ) 
 REPRESENTATION_ITEM ( '' )  SURFACE ( )  );
#3818 = VERTEX_POINT ( 'NONE', #2163 ) ;
#3819 = ADVANCED_FACE ( 'NONE', ( #943 ), #1688, .F. ) ;
#3820 = CARTESIAN_POINT ( 'NONE',  ( -4.249999999999998224, 10.48786796599999960, 0.000000000000000000 ) ) ;
#3821 = PRESENTATION_LAYER_ASSIGNMENT (  '', '', ( #3568 ) ) ;
#3822 = CARTESIAN_POINT ( 'NONE',  ( 4.334314575006828818, 10.80000000004806182, -3.500000000000000444 ) ) ;
#3823 = SURFACE_STYLE_FILL_AREA ( #1941 ) ;
#3824 = STYLED_ITEM ( 'NONE', ( #2217 ), #2107 ) ;
#3825 = COLOUR_RGB ( '',0.7490196078431372584, 0.7490196078431372584, 0.7490196078431372584 ) ;
#3826 = CARTESIAN_POINT ( 'NONE',  ( 3.466804356000001253, 8.384805196004998962, -12.00000000000000178 ) ) ;
#3827 = FACE_OUTER_BOUND ( 'NONE', #1311, .T. ) ;
#3828 = CARTESIAN_POINT ( 'NONE',  ( -1.250000000000000222, -2.145717554016995710, -7.130189538166860075 ) ) ;
#3829 = CARTESIAN_POINT ( 'NONE',  ( 1.449999999999999956, -0.1569835848825495150, -13.70000000000000107 ) ) ;
#3830 = B_SPLINE_CURVE_WITH_KNOTS ( 'NONE', 1,
 ( #2938, #76 ),
 .UNSPECIFIED., .F., .F.,
 ( 2, 2 ),
 ( 0.000000000000000000, 1.000000000000000000 ),
 .UNSPECIFIED. ) ;
#3831 = ORIENTED_EDGE ( 'NONE', *, *, #2236, .T. ) ;
#3832 = COLOUR_RGB ( '',0.7490196078431372584, 0.7490196078431372584, 0.7490196078431372584 ) ;
#3833 = CARTESIAN_POINT ( 'NONE',  ( 3.200000000000000178, 6.400000000000000355, -10.00000000000000000 ) ) ;
#3834 = ORIENTED_EDGE ( 'NONE', *, *, #1361, .F. ) ;
#3835 = CARTESIAN_POINT ( 'NONE',  ( 1.449999999955115859, -0.1569835848586045024, -14.09999999989426200 ) ) ;
#3836 = CARTESIAN_POINT ( 'NONE',  ( -4.049999999999999822, 6.799999999999999822, -3.500000000000000000 ) ) ;
#3837 = ORIENTED_EDGE ( 'NONE', *, *, #2784, .F. ) ;
#3838 = UNCERTAINTY_MEASURE_WITH_UNIT (LENGTH_MEASURE( 1.000000000000000082E-05 ), #1073, 'distance_accuracy_value', 'NONE');
#3839 = CARTESIAN_POINT ( 'NONE',  ( -1.201234141770665564, 7.093012405572670431, -9.199999999999999289 ) ) ;
#3840 = VERTEX_POINT ( 'NONE', #1852 ) ;
#3841 = CARTESIAN_POINT ( 'NONE',  ( 1.449999999999999956, -1.967911962528825054, -14.16770113286352029 ) ) ;
#3842 = ORIENTED_EDGE ( 'NONE', *, *, #1398, .F. ) ;
#3843 = CARTESIAN_POINT ( 'NONE',  ( 1.375000000000000000, 6.399999999435966203, -10.00000000000000000 ) ) ;
#3844 = CARTESIAN_POINT ( 'NONE',  ( 4.500000000000000000, 10.40000000000000036, -3.500000000000000000 ) ) ;
#3845 =( BOUNDED_SURFACE ( )  B_SPLINE_SURFACE ( 1, 3, ( 
 ( #302, #3777, #2210, #347 ),
 ( #1576, #1254, #1601, #970 ) ),
 .UNSPECIFIED., .F., .F., .T. ) 
 B_SPLINE_SURFACE_WITH_KNOTS ( ( 2, 2 ),
 ( 4, 4 ),
 ( 0.000000000000000000, 1.000000000000000000 ),
 ( 0.000000000000000000, 1.000000000000000000 ),
 .UNSPECIFIED. ) 
 GEOMETRIC_REPRESENTATION_ITEM ( )  RATIONAL_B_SPLINE_SURFACE ( (
 ( 1.000000000000000000, 0.8047378540760217192, 0.8047378540760217192, 1.000000000000000000),
 ( 1.000000000000000000, 0.8047378540760217192, 0.8047378540760217192, 1.000000000000000000) ) ) 
 REPRESENTATION_ITEM ( '' )  SURFACE ( )  );
#3846 = CARTESIAN_POINT ( 'NONE',  ( 4.500000000000000000, 0.3999999999820414986, -11.90000000174999961 ) ) ;
#3847 = CARTESIAN_POINT ( 'NONE',  ( -1.449999999999999734, -1.967911962682199700, -14.16770113301497069 ) ) ;
#3848 = EDGE_CURVE ( 'NONE', #1903, #844, #3926, .T. ) ;
#3849 =( NAMED_UNIT ( * ) PLANE_ANGLE_UNIT ( ) SI_UNIT ( $, .RADIAN. ) );
#3850 = CARTESIAN_POINT ( 'NONE',  ( 3.199999998850648009, 3.199997558600564673E-09, 0.000000000000000000 ) ) ;
#3851 = CARTESIAN_POINT ( 'NONE',  ( -4.500000000000000888, 0.3999999998359172193, -12.00000000000000000 ) ) ;
#3852 = B_SPLINE_CURVE_WITH_KNOTS ( 'NONE', 1,
 ( #2801, #169 ),
 .UNSPECIFIED., .F., .F.,
 ( 2, 2 ),
 ( -1.000000000000000000, 0.000000000000000000 ),
 .UNSPECIFIED. ) ;
#3853 = CARTESIAN_POINT ( 'NONE',  ( -4.099999999999998757, 0.000000000000000000, -0.1035533909999999530 ) ) ;
#3854 = EDGE_LOOP ( 'NONE', ( #1587, #1594, #3338, #3106 ) ) ;
#3855 = EDGE_CURVE ( 'NONE', #1468, #3423, #2227, .T. ) ;
#3856 = CARTESIAN_POINT ( 'NONE',  ( 2.949999999999999734, 5.400000000000000355, -12.05999999999999872 ) ) ;
#3857 = B_SPLINE_CURVE_WITH_KNOTS ( 'NONE', 1,
 ( #2407, #2389 ),
 .UNSPECIFIED., .F., .F.,
 ( 2, 2 ),
 ( 0.000000000000000000, 1.000000000000000000 ),
 .UNSPECIFIED. ) ;
#3858 = CARTESIAN_POINT ( 'NONE',  ( 1.449999999999999734, -0.2653730599138885426, -13.70000000001946461 ) ) ;
#3859 = ORIENTED_EDGE ( 'NONE', *, *, #151, .F. ) ;
#3860 = CARTESIAN_POINT ( 'NONE',  ( 2.455000000106540181, 5.399999999800000339, -13.70000000020266029 ) ) ;
#3861 = VERTEX_POINT ( 'NONE', #4093 ) ;
#3862 = FACE_OUTER_BOUND ( 'NONE', #273, .T. ) ;
#3863 = CARTESIAN_POINT ( 'NONE',  ( -1.449999999999999956, -2.559230353486756648, -14.54762578711085652 ) ) ;
#3864 = EDGE_LOOP ( 'NONE', ( #1727, #3345, #990, #3806, #1768, #1755, #3673, #953 ) ) ;
#3865 =( NAMED_UNIT ( * ) PLANE_ANGLE_UNIT ( ) SI_UNIT ( $, .RADIAN. ) );
#3866 = CARTESIAN_POINT ( 'NONE',  ( -3.950000000000000178, 3.833445945399999832, -14.50000000000000000 ) ) ;
#3867 = ADVANCED_FACE ( 'NONE', ( #2620 ), #1738, .F. ) ;
#3868 = CARTESIAN_POINT ( 'NONE',  ( -0.9999999996408275305, 4.400000001000000438, -3.000000000000000000 ) ) ;
#3869 = CARTESIAN_POINT ( 'NONE',  ( 4.187867966000002440, 10.54999999999999716, 0.000000000000000000 ) ) ;
#3870 = CARTESIAN_POINT ( 'NONE',  ( 4.500000000000000000, 4.000000000000000000, -11.90000000116666179 ) ) ;
#3871 = CARTESIAN_POINT ( 'NONE',  ( 1.449999999999999956, -0.3723929765241489886, -13.71484512461060135 ) ) ;
#3872 = EDGE_CURVE ( 'NONE', #1079, #3956, #115, .T. ) ;
#3873 =( LENGTH_UNIT ( ) NAMED_UNIT ( * ) SI_UNIT ( .MILLI., .METRE. ) );
#3874 = COLOUR_RGB ( '',0.7490196078431372584, 0.7490196078431372584, 0.7490196078431372584 ) ;
#3875 = FILL_AREA_STYLE ('',( #39 ) ) ;
#3876 = ORIENTED_EDGE ( 'NONE', *, *, #2981, .T. ) ;
#3877 = CARTESIAN_POINT ( 'NONE',  ( -4.100000000020510349, 10.80000000000000071, -0.2499999999871810041 ) ) ;
#3878 = CARTESIAN_POINT ( 'NONE',  ( 4.679564947199998493, 4.000000000000000000, -11.89999999999999858 ) ) ;
#3879 = UNCERTAINTY_MEASURE_WITH_UNIT (LENGTH_MEASURE( 1.000000000000000082E-05 ), #1522, 'distance_accuracy_value', 'NONE');
#3880 = FACE_OUTER_BOUND ( 'NONE', #366, .T. ) ;
#3881 = CARTESIAN_POINT ( 'NONE',  ( -1.449999999999999956, -0.2283808418420845698, -14.10000000001282139 ) ) ;
#3882 = VERTEX_POINT ( 'NONE', #2647 ) ;
#3883 = B_SPLINE_CURVE_WITH_KNOTS ( 'NONE', 1,
 ( #2319, #1955 ),
 .UNSPECIFIED., .F., .F.,
 ( 2, 2 ),
 ( 0.000000000000000000, 1.000000000000000000 ),
 .UNSPECIFIED. ) ;
#3884 =( NAMED_UNIT ( * ) SI_UNIT ( $, .STERADIAN. ) SOLID_ANGLE_UNIT ( ) );
#3885 =( NAMED_UNIT ( * ) SI_UNIT ( $, .STERADIAN. ) SOLID_ANGLE_UNIT ( ) );
#3886 = CARTESIAN_POINT ( 'NONE',  ( -1.250000000000000222, -0.2257530489000399987, -7.549999999968924236 ) ) ;
#3887 = MECHANICAL_DESIGN_GEOMETRIC_PRESENTATION_REPRESENTATION (  '', ( #1558 ), #1286 ) ;
#3888 = CARTESIAN_POINT ( 'NONE',  ( 3.675479240999999675, 7.955742804779000643, -11.99999999999999822 ) ) ;
#3889 = CARTESIAN_POINT ( 'NONE',  ( 4.500000000000000000, 10.50608659733333283, -3.500000000000000000 ) ) ;
#3890 = CARTESIAN_POINT ( 'NONE',  ( 4.899999999999998579, -3.599999997883000180, -11.01517249279999966 ) ) ;
#3891 = MECHANICAL_DESIGN_GEOMETRIC_PRESENTATION_REPRESENTATION (  '', ( #3424 ), #1375 ) ;
#3892 = PRESENTATION_STYLE_ASSIGNMENT (( #37 ) ) ;
#3893 = FACE_OUTER_BOUND ( 'NONE', #226, .T. ) ;
#3894 = CARTESIAN_POINT ( 'NONE',  ( -1.249999999115409155, -2.360039659182654237, -7.247972245516930201 ) ) ;
#3895 = PRESENTATION_LAYER_ASSIGNMENT (  '', '', ( #141 ) ) ;
#3896 = EDGE_LOOP ( 'NONE', ( #1720, #3481, #832, #4057 ) ) ;
#3897 = CARTESIAN_POINT ( 'NONE',  ( 1.449999999999999956, -0.3677808543892324700, -14.12933590679218021 ) ) ;
#3898 = ADVANCED_FACE ( 'NONE', ( #3912 ), #1762, .F. ) ;
#3899 =( NAMED_UNIT ( * ) PLANE_ANGLE_UNIT ( ) SI_UNIT ( $, .RADIAN. ) );
#3900 =( LENGTH_UNIT ( ) NAMED_UNIT ( * ) SI_UNIT ( .MILLI., .METRE. ) );
#3901 = COLOUR_RGB ( '',0.7490196078431372584, 0.7490196078431372584, 0.7490196078431372584 ) ;
#3902 = CARTESIAN_POINT ( 'NONE',  ( -4.500000000000000000, 10.39999999995898072, -0.2500000000240429898 ) ) ;
#3903 = B_SPLINE_CURVE_WITH_KNOTS ( 'NONE', 1,
 ( #745, #45 ),
 .UNSPECIFIED., .F., .F.,
 ( 2, 2 ),
 ( 0.000000000000000000, 1.000000000000000000 ),
 .UNSPECIFIED. ) ;
#3904 = CARTESIAN_POINT ( 'NONE',  ( 4.500000000000002665, 0.4000000000000000777, -0.1035533909999999669 ) ) ;
#3905 =( NAMED_UNIT ( * ) SI_UNIT ( $, .STERADIAN. ) SOLID_ANGLE_UNIT ( ) );
#3906 = ADVANCED_FACE ( 'NONE', ( #144 ), #3348, .F. ) ;
#3907 = ORIENTED_EDGE ( 'NONE', *, *, #2072, .F. ) ;
#3908 =( NAMED_UNIT ( * ) SI_UNIT ( $, .STERADIAN. ) SOLID_ANGLE_UNIT ( ) );
#3909 = PRESENTATION_STYLE_ASSIGNMENT (( #1373 ) ) ;
#3910 = CARTESIAN_POINT ( 'NONE',  ( 1.250000000000000000, -1.749296890690645423, -6.831602460124234888 ) ) ;
#3911 = VERTEX_POINT ( 'NONE', #3332 ) ;
#3912 = FACE_OUTER_BOUND ( 'NONE', #1200, .T. ) ;
#3913 = SURFACE_SIDE_STYLE ('',( #1967 ) ) ;
#3914 = CARTESIAN_POINT ( 'NONE',  ( -1.250000000000000000, -1.644796056007970408, -6.882167492659026387 ) ) ;
#3915 =( LENGTH_UNIT ( ) NAMED_UNIT ( * ) SI_UNIT ( .MILLI., .METRE. ) );
#3916 = CARTESIAN_POINT ( 'NONE',  ( -3.950000000000000178, 6.433445944379682757, -13.70000000000000107 ) ) ;
#3917 = CARTESIAN_POINT ( 'NONE',  ( -1.739885355560772062, 7.658429772522499235, -13.70000000000000107 ) ) ;
#3918 = ORIENTED_EDGE ( 'NONE', *, *, #817, .F. ) ;
#3919 = CARTESIAN_POINT ( 'NONE',  ( -1.449999999999999956, -0.1569835842104797541, -13.70000000000000107 ) ) ;
#3920 = UNCERTAINTY_MEASURE_WITH_UNIT (LENGTH_MEASURE( 1.000000000000000082E-05 ), #815, 'distance_accuracy_value', 'NONE');
#3921 = CARTESIAN_POINT ( 'NONE',  ( 1.250000000000000000, -2.219897942999999874, -7.170956061000000048 ) ) ;
#3922 = EDGE_CURVE ( 'NONE', #2195, #1782, #1490, .T. ) ;
#3923 = ORIENTED_EDGE ( 'NONE', *, *, #1489, .T. ) ;
#3924 = FACE_OUTER_BOUND ( 'NONE', #4105, .T. ) ;
#3925 = ADVANCED_FACE ( 'NONE', ( #3635 ), #2452, .T. ) ;
#3926 = B_SPLINE_CURVE_WITH_KNOTS ( 'NONE', 3,
 ( #1495, #3469, #2188, #2125, #3150, #2771, #4031, #279, #3132, #1578, #1232, #256, #3406, #535, #4049, #236, #3740, #4071 ),
 .UNSPECIFIED., .F., .F.,
 ( 4, 2, 2, 2, 2, 2, 2, 2, 4 ),
 ( 0.000000000000000000, 0.3585231762149413415, 0.7170463524298833491, 1.075569528644825246, 1.434092704859767364, 1.792615881074709261, 2.151139057289650935, 2.509662233504593054, 2.868185409719535173 ),
 .UNSPECIFIED. ) ;
#3927 = CARTESIAN_POINT ( 'NONE',  ( 2.540517884299999363, 7.399999999999999467, -13.65676133580000240 ) ) ;
#3928 = ORIENTED_EDGE ( 'NONE', *, *, #1609, .T. ) ;
#3929 =( BOUNDED_SURFACE ( )  B_SPLINE_SURFACE ( 1, 3, ( 
 ( #2470, #2216, #3502, #1905 ),
 ( #1215, #2496, #1819, #3104 ) ),
 .UNSPECIFIED., .F., .F., .T. ) 
 B_SPLINE_SURFACE_WITH_KNOTS ( ( 2, 2 ),
 ( 4, 4 ),
 ( 0.000000000000000000, 1.000000000000091926 ),
 ( 0.000000000000000000, 1.000000000000000000 ),
 .UNSPECIFIED. ) 
 GEOMETRIC_REPRESENTATION_ITEM ( )  RATIONAL_B_SPLINE_SURFACE ( (
 ( 1.000000000000000000, 0.9909530977842576638, 0.9909530977842576638, 1.000000000000000000),
 ( 1.000000000000000000, 0.9909530977842576638, 0.9909530977842576638, 1.000000000000000000) ) ) 
 REPRESENTATION_ITEM ( '' )  SURFACE ( )  );
#3930 = CARTESIAN_POINT ( 'NONE',  ( 4.100000000000000533, 10.55000000000000071, 0.000000000000000000 ) ) ;
#3931 = CARTESIAN_POINT ( 'NONE',  ( 1.250000000000000000, -1.644796056007970408, -6.882167492659026387 ) ) ;
#3932 = B_SPLINE_CURVE_WITH_KNOTS ( 'NONE', 1,
 ( #3781, #628 ),
 .UNSPECIFIED., .F., .F.,
 ( 2, 2 ),
 ( 0.000000000000000000, 1.000000000000000000 ),
 .UNSPECIFIED. ) ;
#3933 = CARTESIAN_POINT ( 'NONE',  ( 1.000000000240294007, 6.985786437311962693, -9.199999999999999289 ) ) ;
#3934 = CARTESIAN_POINT ( 'NONE',  ( -0.1646439054772483868, 8.540966817885433215, -13.69999999999999751 ) ) ;
#3935 = ORIENTED_EDGE ( 'NONE', *, *, #1822, .T. ) ;
#3936 = CARTESIAN_POINT ( 'NONE',  ( 2.550000000091665164, 7.400000000000000355, -13.61000000030563939 ) ) ;
#3937 = B_SPLINE_CURVE_WITH_KNOTS ( 'NONE', 1,
 ( #3769, #2882 ),
 .UNSPECIFIED., .F., .F.,
 ( 2, 2 ),
 ( 0.000000000000000000, 1.000000000000000000 ),
 .UNSPECIFIED. ) ;
#3938 = CARTESIAN_POINT ( 'NONE',  ( 2.550000000091665164, 5.400000000000000355, -13.61000000030563939 ) ) ;
#3939 = CARTESIAN_POINT ( 'NONE',  ( 1.764544381274234519, 5.192895714852208577, -14.09999999999999964 ) ) ;
#3940 = CARTESIAN_POINT ( 'NONE',  ( 4.600000000020509461, 4.000000000000000000, -11.90000000000000036 ) ) ;
#3941 = ORIENTED_EDGE ( 'NONE', *, *, #457, .T. ) ;
#3942 = EDGE_CURVE ( 'NONE', #3073, #2179, #3508, .T. ) ;
#3943 = FACE_OUTER_BOUND ( 'NONE', #2074, .T. ) ;
#3944 = CARTESIAN_POINT ( 'NONE',  ( 0.8601000500000000049, 6.400000000000000355, -2.206587955999999906 ) ) ;
#3945 = CARTESIAN_POINT ( 'NONE',  ( -0.8601000500000000049, 6.399999999961390351, -2.206587955999999906 ) ) ;
#3946 = ORIENTED_EDGE ( 'NONE', *, *, #1097, .F. ) ;
#3947 = EDGE_CURVE ( 'NONE', #13, #590, #787, .T. ) ;
#3948 = APPLICATION_CONTEXT ( 'automotive_design' ) ;
#3949 = CARTESIAN_POINT ( 'NONE',  ( 1.249999999889618074, -2.504526319857659722, -6.985058561868120464 ) ) ;
#3950 =( NAMED_UNIT ( * ) SI_UNIT ( $, .STERADIAN. ) SOLID_ANGLE_UNIT ( ) );
#3951 = CARTESIAN_POINT ( 'NONE',  ( -4.100000000038470205, 1.761828530288945198E-16, -0.2500000000240429898 ) ) ;
#3952 =( BOUNDED_CURVE ( )  B_SPLINE_CURVE ( 3, ( #1538, #220, #2699, #2773 ),
 .UNSPECIFIED., .F., .T. ) 
 B_SPLINE_CURVE_WITH_KNOTS ( ( 4, 4 ),
 ( -0.5025048030191360260, 0.000000000000000000 ),
 .UNSPECIFIED. ) 
 CURVE ( )  GEOMETRIC_REPRESENTATION_ITEM ( )  RATIONAL_B_SPLINE_CURVE ( ( 1.000000000000000000, 0.9790678752185935085, 0.9790678752185935085, 1.000000000000000000 ) ) 
 REPRESENTATION_ITEM ( '' )  );
#3953 =( GEOMETRIC_REPRESENTATION_CONTEXT ( 3 ) GLOBAL_UNCERTAINTY_ASSIGNED_CONTEXT ( ( #3254 ) ) GLOBAL_UNIT_ASSIGNED_CONTEXT ( ( #272, #614, #1846 ) ) REPRESENTATION_CONTEXT ( 'NONE', 'WORKASPACE' ) );
#3954 = CARTESIAN_POINT ( 'NONE',  ( -0.6138981111185289885, 6.400000000000000355, -2.000000000000000000 ) ) ;
#3955 = CARTESIAN_POINT ( 'NONE',  ( -4.100000000000000533, 0.1035533905245613062, -2.629986134705824338E-11 ) ) ;
#3956 = VERTEX_POINT ( 'NONE', #1411 ) ;
#3957 = MECHANICAL_DESIGN_GEOMETRIC_PRESENTATION_REPRESENTATION (  '', ( #2637 ), #617 ) ;
#3958 = EDGE_CURVE ( 'NONE', #250, #870, #525, .T. ) ;
#3959 = B_SPLINE_CURVE_WITH_KNOTS ( 'NONE', 1,
 ( #2247, #3208 ),
 .UNSPECIFIED., .F., .F.,
 ( 2, 2 ),
 ( 0.000000000000000000, 1.000000000000000000 ),
 .UNSPECIFIED. ) ;
#3960 = CARTESIAN_POINT ( 'NONE',  ( -1.250000000000000000, -0.4921630309562550210, -7.773168881016840892 ) ) ;
#3961 =( NAMED_UNIT ( * ) PLANE_ANGLE_UNIT ( ) SI_UNIT ( $, .RADIAN. ) );
#3962 = MECHANICAL_DESIGN_GEOMETRIC_PRESENTATION_REPRESENTATION (  '', ( #418 ), #480 ) ;
#3963 = CARTESIAN_POINT ( 'NONE',  ( 4.899999999999999467, -2.400000001385214521, -11.90000000000000036 ) ) ;
#3964 = CARTESIAN_POINT ( 'NONE',  ( -1.250000000000000000, -1.761305987863900135, -7.159066095794660356 ) ) ;
#3965 = VERTEX_POINT ( 'NONE', #3940 ) ;
#3966 = MECHANICAL_DESIGN_GEOMETRIC_PRESENTATION_REPRESENTATION (  '', ( #3579 ), #893 ) ;
#3967 = CARTESIAN_POINT ( 'NONE',  ( -4.250000000014964918, 0.4000000007000000246, 0.000000000000000000 ) ) ;
#3968 = UNCERTAINTY_MEASURE_WITH_UNIT (LENGTH_MEASURE( 1.000000000000000082E-05 ), #3814, 'distance_accuracy_value', 'NONE');
#3969 = SURFACE_SIDE_STYLE ('',( #1766 ) ) ;
#3970 = MECHANICAL_DESIGN_GEOMETRIC_PRESENTATION_REPRESENTATION (  '', ( #1305 ), #895 ) ;
#3971 = FACE_OUTER_BOUND ( 'NONE', #3896, .T. ) ;
#3972 = ORIENTED_EDGE ( 'NONE', *, *, #259, .T. ) ;
#3973 = CARTESIAN_POINT ( 'NONE',  ( 1.250000000000000000, -1.644796056000000117, -6.882167491999999775 ) ) ;
#3974 = ADVANCED_FACE ( 'NONE', ( #3654 ), #499, .T. ) ;
#3975 = CARTESIAN_POINT ( 'NONE',  ( 1.250000000000000000, -2.350600058604220166, -6.900466952988525193 ) ) ;
#3976 = CARTESIAN_POINT ( 'NONE',  ( 4.500000000000000000, 6.799999999999999822, -3.500000001250000103 ) ) ;
#3977 = CARTESIAN_POINT ( 'NONE',  ( -1.000000000000000000, 6.400000000000000355, -3.000000000000000000 ) ) ;
#3978 = ADVANCED_FACE ( 'NONE', ( #3139 ), #3283, .F. ) ;
#3979 = SURFACE_SIDE_STYLE ('',( #3344 ) ) ;
#3980 =( BOUNDED_SURFACE ( )  B_SPLINE_SURFACE ( 1, 3, ( 
 ( #3833, #981, #287, #3503, #3805, #1586, #2153 ),
 ( #2243, #2836, #4056, #1840, #2194, #2857, #585 ) ),
 .UNSPECIFIED., .F., .F., .T. ) 
 B_SPLINE_SURFACE_WITH_KNOTS ( ( 2, 2 ),
 ( 4, 3, 4 ),
 ( 0.000000000000000000, 1.000000000000000000 ),
 ( 0.000000000000000000, 0.5000000000000000000, 1.000000000000000000 ),
 .UNSPECIFIED. ) 
 GEOMETRIC_REPRESENTATION_ITEM ( )  RATIONAL_B_SPLINE_SURFACE ( (
 ( 1.000000000000000000, 0.8047378540760217192, 0.8047378540760217192, 1.000000000000000000, 0.8047378540760217192, 0.8047378540760217192, 1.000000000000000000),
 ( 1.000000000000000000, 0.8047378540760217192, 0.8047378540760217192, 1.000000000000000000, 0.8047378540760217192, 0.8047378540760217192, 1.000000000000000000) ) ) 
 REPRESENTATION_ITEM ( '' )  SURFACE ( )  );
#3981 = ORIENTED_EDGE ( 'NONE', *, *, #864, .T. ) ;
#3982 = SURFACE_SIDE_STYLE ('',( #519 ) ) ;
#3983 = FACE_OUTER_BOUND ( 'NONE', #3279, .T. ) ;
#3984 = EDGE_CURVE ( 'NONE', #2523, #1912, #3318, .T. ) ;
#3985 = CARTESIAN_POINT ( 'NONE',  ( 0.7408264380000001426, 6.400000000000002132, -2.000000000000002220 ) ) ;
#3986 = SURFACE_STYLE_FILL_AREA ( #3047 ) ;
#3987 = VERTEX_POINT ( 'NONE', #289 ) ;
#3988 = CARTESIAN_POINT ( 'NONE',  ( -3.419577531000002057, 8.690993581333335882, -3.500000000000001332 ) ) ;
#3989 = ORIENTED_EDGE ( 'NONE', *, *, #908, .F. ) ;
#3990 = ORIENTED_EDGE ( 'NONE', *, *, #1799, .F. ) ;
#3991 = B_SPLINE_SURFACE_WITH_KNOTS ( 'NONE', 1, 1, ( 
 ( #2155, #3836 ),
 ( #2173, #334 ) ),
 .UNSPECIFIED., .F., .F., .F.,
 ( 2, 2 ),
 ( 2, 2 ),
 ( 0.000000000000000000, 1.000000000000000000 ),
 ( 0.000000000000000000, 1.000000000000000000 ),
 .UNSPECIFIED. ) ;
#3992 = CARTESIAN_POINT ( 'NONE',  ( 4.500000000000000000, 4.000000000000000000, -9.500000001749999257 ) ) ;
#3993 = CARTESIAN_POINT ( 'NONE',  ( -1.447360780311150119, -2.481903027443725041, -14.15189193987129990 ) ) ;
#3994 = CARTESIAN_POINT ( 'NONE',  ( 1.000000000000000888, 6.399999999589794264, -3.000000000000000000 ) ) ;
#3995 = CARTESIAN_POINT ( 'NONE',  ( 1.649999999999999911, 0.2334459459999999875, -13.70000000000000107 ) ) ;
#3996 = EDGE_LOOP ( 'NONE', ( #1160, #2241, #2541, #2645, #1847, #2674, #3459, #547, #1862 ) ) ;
#3997 = EDGE_CURVE ( 'NONE', #654, #3734, #3741, .T. ) ;
#3998 = EDGE_CURVE ( 'NONE', #2542, #2332, #4067, .T. ) ;
#3999 = CARTESIAN_POINT ( 'NONE',  ( 0.8445912687299961252, 5.300047619901997464, -9.199999999999999289 ) ) ;
#4000 = CARTESIAN_POINT ( 'NONE',  ( -2.415863602846887837, 7.224050982403000809, -13.70000000000000107 ) ) ;
#4001 = CARTESIAN_POINT ( 'NONE',  ( -0.8054563515859646250, 7.775000000165203318, -9.199999999999999289 ) ) ;
#4002 = CARTESIAN_POINT ( 'NONE',  ( 1.450000000050205795, 4.846576362344830358, -13.70000000000000107 ) ) ;
#4003 = CARTESIAN_POINT ( 'NONE',  ( 2.449999999999999734, 5.299999999999999822, -13.70000000000000107 ) ) ;
#4004 = B_SPLINE_CURVE_WITH_KNOTS ( 'NONE', 1,
 ( #4089, #3447 ),
 .UNSPECIFIED., .F., .F.,
 ( 2, 2 ),
 ( 0.000000000000000000, 1.000000000000000000 ),
 .UNSPECIFIED. ) ;
#4005 = ORIENTED_EDGE ( 'NONE', *, *, #534, .F. ) ;
#4006 = CARTESIAN_POINT ( 'NONE',  ( 4.249999999965814901, 10.39999999930000030, 0.000000000000000000 ) ) ;
#4007 = MECHANICAL_DESIGN_GEOMETRIC_PRESENTATION_REPRESENTATION (  '', ( #3013 ), #1275 ) ;
#4008 = ORIENTED_EDGE ( 'NONE', *, *, #2488, .T. ) ;
#4009 = CARTESIAN_POINT ( 'NONE',  ( -1.375000000750931983, 6.399999999917690197, -10.00000000000000000 ) ) ;
#4010 = CARTESIAN_POINT ( 'NONE',  ( -4.100000000082042462, 10.80000000000000071, -0.2500000000000000000 ) ) ;
#4011 = EDGE_CURVE ( 'NONE', #207, #961, #1870, .T. ) ;
#4012 = EDGE_LOOP ( 'NONE', ( #613, #2743, #4034, #807, #2476, #4005 ) ) ;
#4013 = B_SPLINE_SURFACE_WITH_KNOTS ( 'NONE', 1, 1, ( 
 ( #3039, #1439 ),
 ( #2372, #3386 ) ),
 .UNSPECIFIED., .F., .F., .F.,
 ( 2, 2 ),
 ( 2, 2 ),
 ( 0.000000000000000000, 1.000000000000000000 ),
 ( 0.000000000000000000, 1.000000000000000000 ),
 .UNSPECIFIED. ) ;
#4014 = FILL_AREA_STYLE_COLOUR ( '', #3832 ) ;
#4015 = CARTESIAN_POINT ( 'NONE',  ( 4.099999999999998757, 0.1035533909999999530, 0.000000000000000000 ) ) ;
#4016 = PRESENTATION_LAYER_ASSIGNMENT (  '', '', ( #3424 ) ) ;
#4017 = CARTESIAN_POINT ( 'NONE',  ( -3.950000000000000178, 3.833445945399999832, -14.50000000000000000 ) ) ;
#4018 = CARTESIAN_POINT ( 'NONE',  ( -0.6212648889999999868, 5.778735111000000479, -2.000000000000000000 ) ) ;
#4019 = VERTEX_POINT ( 'NONE', #2315 ) ;
#4020 = B_SPLINE_SURFACE_WITH_KNOTS ( 'NONE', 1, 1, ( 
 ( #4139, #1901 ),
 ( #3177, #1281 ) ),
 .UNSPECIFIED., .F., .F., .F.,
 ( 2, 2 ),
 ( 2, 2 ),
 ( 0.000000000000000000, 1.000000000000000000 ),
 ( 0.000000000000000000, 1.000000000000000000 ),
 .UNSPECIFIED. ) ;
#4021 = CARTESIAN_POINT ( 'NONE',  ( 2.371354574999999354, 9.775108589333335374, -3.499999999999999556 ) ) ;
#4022 = VERTEX_POINT ( 'NONE', #2268 ) ;
#4023 = MECHANICAL_DESIGN_GEOMETRIC_PRESENTATION_REPRESENTATION (  '', ( #1638 ), #2299 ) ;
#4024 = FILL_AREA_STYLE ('',( #1804 ) ) ;
#4025 = CARTESIAN_POINT ( 'NONE',  ( 2.550000000091665164, 5.400000000000000355, -13.61000000030563939 ) ) ;
#4026 = ORIENTED_EDGE ( 'NONE', *, *, #3997, .F. ) ;
#4027 = CARTESIAN_POINT ( 'NONE',  ( 1.250000000000000000, -0.1499999999999999944, -7.550000000000000711 ) ) ;
#4028 = CARTESIAN_POINT ( 'NONE',  ( -1.375000002252799503, 6.580567570773332875, -9.999999999999998224 ) ) ;
#4029 = CARTESIAN_POINT ( 'NONE',  ( 4.500000000000000888, 10.40000000000000036, -0.2499999999487244051 ) ) ;
#4030 = STYLED_ITEM ( 'NONE', ( #1264 ), #3542 ) ;
#4031 = CARTESIAN_POINT ( 'NONE',  ( -2.293622336123026795, 9.683958500511002043, -13.70000000000000284 ) ) ;
#4032 = FACE_OUTER_BOUND ( 'NONE', #913, .T. ) ;
#4033 = FACE_OUTER_BOUND ( 'NONE', #1838, .T. ) ;
#4034 = ORIENTED_EDGE ( 'NONE', *, *, #1381, .F. ) ;
#4035 = SURFACE_STYLE_USAGE ( .BOTH. , #3103 ) ;
#4036 = CARTESIAN_POINT ( 'NONE',  ( -1.449999999999999956, -2.426384470839232588, -14.16982150558723141 ) ) ;
#4037 = SURFACE_SIDE_STYLE ('',( #820 ) ) ;
#4038 = CARTESIAN_POINT ( 'NONE',  ( 3.200000000000000178, 6.399999999425324049, 0.000000000000000000 ) ) ;
#4039 = VERTEX_POINT ( 'NONE', #678 ) ;
#4040 = CARTESIAN_POINT ( 'NONE',  ( -4.396446608999997174, 0.2263455969999998707, 0.000000000000000000 ) ) ;
#4041 = EDGE_LOOP ( 'NONE', ( #4145, #4152, #1940, #2821, #80, #3358, #3355, #1135, #752, #2382 ) ) ;
#4042 = CARTESIAN_POINT ( 'NONE',  ( -1.449999999999999956, -0.1569835848825495150, -13.70000000000000107 ) ) ;
#4043 = ORIENTED_EDGE ( 'NONE', *, *, #1163, .T. ) ;
#4044 = EDGE_CURVE ( 'NONE', #870, #654, #996, .T. ) ;
#4045 = B_SPLINE_CURVE_WITH_KNOTS ( 'NONE', 1,
 ( #277, #255 ),
 .UNSPECIFIED., .F., .F.,
 ( 2, 2 ),
 ( 0.000000000000000000, 1.000000000000000000 ),
 .UNSPECIFIED. ) ;
#4046 = SURFACE_STYLE_USAGE ( .BOTH. , #1832 ) ;
#4047 =( NAMED_UNIT ( * ) PLANE_ANGLE_UNIT ( ) SI_UNIT ( $, .RADIAN. ) );
#4048 = CARTESIAN_POINT ( 'NONE',  ( 0.8601000500000000049, 6.399999999823590358, -2.206587955999999906 ) ) ;
#4049 = CARTESIAN_POINT ( 'NONE',  ( 2.907616423236478287, 9.148644297516099755, -13.69999999999999929 ) ) ;
#4050 = CARTESIAN_POINT ( 'NONE',  ( -1.250000000000000222, -2.063731034671845155, -7.109145533015201579 ) ) ;
#4051 = CARTESIAN_POINT ( 'NONE',  ( 1.375000000750931983, 6.399999999623981140, -10.00000000000000000 ) ) ;
#4052 = EDGE_LOOP ( 'NONE', ( #3981, #1197 ) ) ;
#4053 =( BOUNDED_SURFACE ( )  B_SPLINE_SURFACE ( 3, 3, ( 
 ( #635, #4060, #3750, #1268 ),
 ( #2222, #1910, #244, #2156 ),
 ( #2134, #888, #1544, #1882 ),
 ( #1590, #3733, #1221, #3141 ) ),
 .UNSPECIFIED., .F., .F., .T. ) 
 B_SPLINE_SURFACE_WITH_KNOTS ( ( 4, 4 ),
 ( 4, 4 ),
 ( 0.000000000000000000, 1.000000000000000000 ),
 ( 0.000000000000000000, 1.000000000000000000 ),
 .UNSPECIFIED. ) 
 GEOMETRIC_REPRESENTATION_ITEM ( )  RATIONAL_B_SPLINE_SURFACE ( (
 ( 1.000000000000000000, 0.8047378541243649375, 0.8047378541243649375, 1.000000000000000000),
 ( 0.8047378541243649375, 0.6476030138606879705, 0.6476030138606879705, 0.8047378541243649375),
 ( 0.8047378541243649375, 0.6476030138606879705, 0.6476030138606879705, 0.8047378541243649375),
 ( 1.000000000000000000, 0.8047378541243649375, 0.8047378541243649375, 1.000000000000000000) ) ) 
 REPRESENTATION_ITEM ( '' )  SURFACE ( )  );
#4054 = CARTESIAN_POINT ( 'NONE',  ( 2.459999999999999964, -0.1569835839999999816, -14.09999999999999964 ) ) ;
#4055 = CARTESIAN_POINT ( 'NONE',  ( -1.449999999999999734, -2.614563275182346658, -14.52925285281405188 ) ) ;
#4056 = CARTESIAN_POINT ( 'NONE',  ( 1.874516600054608961, 9.600000000384470766, 0.000000000000000000 ) ) ;
#4057 = ORIENTED_EDGE ( 'NONE', *, *, #3998, .T. ) ;
#4058 = CARTESIAN_POINT ( 'NONE',  ( 4.099999999999998757, 10.69644660899999877, 0.000000000000000000 ) ) ;
#4059 = VERTEX_POINT ( 'NONE', #333 ) ;
#4060 = CARTESIAN_POINT ( 'NONE',  ( -4.500000000000002665, 10.63431457500000299, -0.2500000000000003331 ) ) ;
#4061 = VERTEX_POINT ( 'NONE', #3807 ) ;
#4062 = CARTESIAN_POINT ( 'NONE',  ( 4.249999999999998224, 10.48786796599999960, 0.000000000000000000 ) ) ;
#4063 =( LENGTH_UNIT ( ) NAMED_UNIT ( * ) SI_UNIT ( .MILLI., .METRE. ) );
#4064 = CARTESIAN_POINT ( 'NONE',  ( 1.350000000000000089, 6.400000000000000355, -14.09999999999999964 ) ) ;
#4065 = VERTEX_POINT ( 'NONE', #1001 ) ;
#4066 = CARTESIAN_POINT ( 'NONE',  ( -4.187867966000001552, 10.54999999999999716, 0.000000000000000000 ) ) ;
#4067 = B_SPLINE_CURVE_WITH_KNOTS ( 'NONE', 1,
 ( #3711, #1685 ),
 .UNSPECIFIED., .F., .F.,
 ( 2, 2 ),
 ( -1.000000000000000000, 0.000000000000000000 ),
 .UNSPECIFIED. ) ;
#4068 = CARTESIAN_POINT ( 'NONE',  ( 1.250000000000000000, -1.979086840863834906, -7.109145532928790701 ) ) ;
#4069 = CARTESIAN_POINT ( 'NONE',  ( 3.803283115000000159, 7.500000000000000000, -13.70000000000000107 ) ) ;
#4070 = CARTESIAN_POINT ( 'NONE',  ( -1.450000000087345864, -2.531051023933740041, -14.55536518085374098 ) ) ;
#4071 = CARTESIAN_POINT ( 'NONE',  ( 3.803283113855995268, 7.500000000413399981, -13.70000000000000107 ) ) ;
#4072 = CARTESIAN_POINT ( 'NONE',  ( 1.450000000087345864, -2.531051023851849546, -14.55536518088251974 ) ) ;
#4073 = CARTESIAN_POINT ( 'NONE',  ( 4.099999999999997868, 0.000000000000000000, -0.1035533909999999669 ) ) ;
#4074 = B_SPLINE_CURVE_WITH_KNOTS ( 'NONE', 1,
 ( #2569, #3143 ),
 .UNSPECIFIED., .F., .F.,
 ( 2, 2 ),
 ( -1.000000000000000000, 0.000000000000000000 ),
 .UNSPECIFIED. ) ;
#4075 = ORIENTED_EDGE ( 'NONE', *, *, #3155, .F. ) ;
#4076 =( NAMED_UNIT ( * ) SI_UNIT ( $, .STERADIAN. ) SOLID_ANGLE_UNIT ( ) );
#4077 = CARTESIAN_POINT ( 'NONE',  ( 1.449999999955115859, -0.1569835848586045024, -14.09999999989426200 ) ) ;
#4078 = EDGE_LOOP ( 'NONE', ( #1244, #1612, #2926, #1196, #2462, #985, #3228, #3112 ) ) ;
#4079 = SURFACE_STYLE_USAGE ( .BOTH. , #609 ) ;
#4080 = EDGE_CURVE ( 'NONE', #2537, #604, #1784, .T. ) ;
#4081 =( BOUNDED_CURVE ( )  B_SPLINE_CURVE ( 3, ( #3591, #716, #2936, #2308 ),
 .UNSPECIFIED., .F., .F. ) 
 B_SPLINE_CURVE_WITH_KNOTS ( ( 4, 4 ),
 ( 0.000000000000000000, 1.570796326794895004 ),
 .UNSPECIFIED. ) 
 CURVE ( )  GEOMETRIC_REPRESENTATION_ITEM ( )  RATIONAL_B_SPLINE_CURVE ( ( 1.000000000000000000, 0.8047378541243649375, 0.8047378541243649375, 1.000000000000000000 ) ) 
 REPRESENTATION_ITEM ( '' )  );
#4082 = B_SPLINE_CURVE_WITH_KNOTS ( 'NONE', 1,
 ( #2608, #2924 ),
 .UNSPECIFIED., .F., .F.,
 ( 2, 2 ),
 ( 0.000000000000000000, 1.000000000000000000 ),
 .UNSPECIFIED. ) ;
#4083 = ORIENTED_EDGE ( 'NONE', *, *, #1119, .T. ) ;
#4084 = CARTESIAN_POINT ( 'NONE',  ( 1.339434578460000580, 6.759367032999333169, -9.200000000000001066 ) ) ;
#4085 = FILL_AREA_STYLE ('',( #1570 ) ) ;
#4086 = ORIENTED_EDGE ( 'NONE', *, *, #1094, .F. ) ;
#4087 = CARTESIAN_POINT ( 'NONE',  ( 3.950000000000000178, 0.2334459459999999875, -14.50000000000000000 ) ) ;
#4088 =( NAMED_UNIT ( * ) SI_UNIT ( $, .STERADIAN. ) SOLID_ANGLE_UNIT ( ) );
#4089 = CARTESIAN_POINT ( 'NONE',  ( 1.449999999955115859, -0.1569835848586045024, -14.09999999989426200 ) ) ;
#4090 = SURFACE_SIDE_STYLE ('',( #3173 ) ) ;
#4091 =( GEOMETRIC_REPRESENTATION_CONTEXT ( 3 ) GLOBAL_UNCERTAINTY_ASSIGNED_CONTEXT ( ( #3600 ) ) GLOBAL_UNIT_ASSIGNED_CONTEXT ( ( #3915, #998, #1971 ) ) REPRESENTATION_CONTEXT ( 'NONE', 'WORKASPACE' ) );
#4092 = EDGE_CURVE ( 'NONE', #608, #1744, #577, .T. ) ;
#4093 = CARTESIAN_POINT ( 'NONE',  ( 2.949999999999999734, 7.400000000000000355, -13.61000000032266044 ) ) ;
#4094 = CARTESIAN_POINT ( 'NONE',  ( 1.649999999999999911, 3.833445946396565329, -13.70000000000000107 ) ) ;
#4095 = FACE_OUTER_BOUND ( 'NONE', #2225, .T. ) ;
#4096 = PRESENTATION_STYLE_ASSIGNMENT (( #564 ) ) ;
#4097 = MECHANICAL_DESIGN_GEOMETRIC_PRESENTATION_REPRESENTATION (  '', ( #1386 ), #559 ) ;
#4098 = VERTEX_POINT ( 'NONE', #3270 ) ;
#4099 = EDGE_CURVE ( 'NONE', #2523, #892, #2123, .T. ) ;
#4100 = CARTESIAN_POINT ( 'NONE',  ( -1.649999998784889899, 3.833445944444800357, -13.70000000000000107 ) ) ;
#4101 = ORIENTED_EDGE ( 'NONE', *, *, #3263, .F. ) ;
#4102 =( LENGTH_UNIT ( ) NAMED_UNIT ( * ) SI_UNIT ( .MILLI., .METRE. ) );
#4103 = EDGE_LOOP ( 'NONE', ( #2096, #1676, #1624, #984, #1670, #2816, #1507, #1787 ) ) ;
#4104 = CARTESIAN_POINT ( 'NONE',  ( 1.649999999999999911, 3.833445946396565329, -13.70000000000000107 ) ) ;
#4105 = EDGE_LOOP ( 'NONE', ( #1146, #294 ) ) ;
#4106 = CARTESIAN_POINT ( 'NONE',  ( -4.500000000000000000, 0.4000000002419725198, -12.00000000000000000 ) ) ;
#4107 = VERTEX_POINT ( 'NONE', #1608 ) ;
#4108 = EDGE_CURVE ( 'NONE', #702, #2195, #434, .T. ) ;
#4109 = CARTESIAN_POINT ( 'NONE',  ( -1.449999999999999956, -0.1569835839999999816, -13.70000000000000107 ) ) ;
#4110 = CARTESIAN_POINT ( 'NONE',  ( 1.050000000000000933, 8.499999999999998224, -14.40000000000001457 ) ) ;
#4111 =( BOUNDED_CURVE ( )  B_SPLINE_CURVE ( 3, ( #1989, #1379, #3850, #995 ),
 .UNSPECIFIED., .F., .T. ) 
 B_SPLINE_CURVE_WITH_KNOTS ( ( 4, 4 ),
 ( -3.141592653589795336, 0.000000000000000000 ),
 .UNSPECIFIED. ) 
 CURVE ( )  GEOMETRIC_REPRESENTATION_ITEM ( )  RATIONAL_B_SPLINE_CURVE ( ( 1.000000000000000000, 0.3333333335299309419, 0.3333333335299309419, 1.000000000000000000 ) ) 
 REPRESENTATION_ITEM ( '' )  );
#4112 = VERTEX_POINT ( 'NONE', #1951 ) ;
#4113 = SURFACE_STYLE_FILL_AREA ( #1920 ) ;
#4114 = CARTESIAN_POINT ( 'NONE',  ( -3.950000000000000178, 6.433445946185130104, -13.70000000000000107 ) ) ;
#4115 = FACE_OUTER_BOUND ( 'NONE', #3509, .T. ) ;
#4116 = CARTESIAN_POINT ( 'NONE',  ( 1.450000000087345864, -2.531051023851849546, -14.55536518088251974 ) ) ;
#4117 = CARTESIAN_POINT ( 'NONE',  ( 1.449999999999999956, -1.967911962528825054, -14.16770113286352029 ) ) ;
#4118 =( NAMED_UNIT ( * ) PLANE_ANGLE_UNIT ( ) SI_UNIT ( $, .RADIAN. ) );
#4119 = CARTESIAN_POINT ( 'NONE',  ( -1.450000000983870052, 4.846576361501269581, -13.70000000000000107 ) ) ;
#4120 = ORIENTED_EDGE ( 'NONE', *, *, #1992, .T. ) ;
#4121 = EDGE_CURVE ( 'NONE', #1299, #2627, #1895, .T. ) ;
#4122 = FILL_AREA_STYLE_COLOUR ( '', #2829 ) ;
#4123 = ORIENTED_EDGE ( 'NONE', *, *, #2911, .F. ) ;
#4124 = ADVANCED_FACE ( 'NONE', ( #3251 ), #1123, .T. ) ;
#4125 = ORIENTED_EDGE ( 'NONE', *, *, #1075, .F. ) ;
#4126 = PRESENTATION_STYLE_ASSIGNMENT (( #2861 ) ) ;
#4127 = ORIENTED_EDGE ( 'NONE', *, *, #2178, .T. ) ;
#4128 = UNCERTAINTY_MEASURE_WITH_UNIT (LENGTH_MEASURE( 1.000000000000000082E-05 ), #1133, 'distance_accuracy_value', 'NONE');
#4129 = CARTESIAN_POINT ( 'NONE',  ( 0.3593670329993319812, 7.739434574749333606, -9.200000000000001066 ) ) ;
#4130 = ORIENTED_EDGE ( 'NONE', *, *, #1171, .T. ) ;
#4131 = CARTESIAN_POINT ( 'NONE',  ( 3.950000000000000178, 0.2334459459999999875, -12.00000000000000000 ) ) ;
#4132 = ORIENTED_EDGE ( 'NONE', *, *, #3922, .F. ) ;
#4133 = CARTESIAN_POINT ( 'NONE',  ( -1.449999999999999956, -2.108885666710653251, -14.20771368645335109 ) ) ;
#4134 = FILL_AREA_STYLE_COLOUR ( '', #939 ) ;
#4135 = EDGE_CURVE ( 'NONE', #207, #1527, #1349, .T. ) ;
#4136 = CARTESIAN_POINT ( 'NONE',  ( 1.330746276000000838, 10.18253246493000397, -12.00000000000000355 ) ) ;
#4137 = CARTESIAN_POINT ( 'NONE',  ( -1.449999999999999734, -2.486670906973039052, -14.42912298523519965 ) ) ;
#4138 = CARTESIAN_POINT ( 'NONE',  ( 1.249999999889618074, -2.504526319857659722, -6.985058561868120464 ) ) ;
#4139 = CARTESIAN_POINT ( 'NONE',  ( -1.449999999999999956, 4.846576362000000415, -14.60539999999999949 ) ) ;
#4140 = COLOUR_RGB ( '',0.7490196078431372584, 0.7490196078431372584, 0.7490196078431372584 ) ;
#4141 = ORIENTED_EDGE ( 'NONE', *, *, #2724, .T. ) ;
#4142 = CARTESIAN_POINT ( 'NONE',  ( -4.500000000000000000, 0.4000000000000000222, -0.2500000000000000000 ) ) ;
#4143 =( NAMED_UNIT ( * ) PLANE_ANGLE_UNIT ( ) SI_UNIT ( $, .RADIAN. ) );
#4144 = SURFACE_STYLE_USAGE ( .BOTH. , #3782 ) ;
#4145 = ORIENTED_EDGE ( 'NONE', *, *, #3609, .F. ) ;
#4146 = CARTESIAN_POINT ( 'NONE',  ( 1.291577287080973191, -5.047081570756055235, -13.67410736737482502 ) ) ;
#4147 = ORIENTED_EDGE ( 'NONE', *, *, #521, .T. ) ;
#4148 = B_SPLINE_CURVE_WITH_KNOTS ( 'NONE', 1,
 ( #1786, #187 ),
 .UNSPECIFIED., .F., .F.,
 ( 2, 2 ),
 ( 0.000000000000000000, 1.000000000000000000 ),
 .UNSPECIFIED. ) ;
#4149 = ORIENTED_EDGE ( 'NONE', *, *, #1661, .T. ) ;
#4150 = CARTESIAN_POINT ( 'NONE',  ( 0.6930124055726679666, 7.601234141770665254, -9.199999999999999289 ) ) ;
#4151 = ADVANCED_FACE ( 'NONE', ( #1023 ), #750, .T. ) ;
#4152 = ORIENTED_EDGE ( 'NONE', *, *, #4108, .F. ) ;
#4153 = B_SPLINE_CURVE_WITH_KNOTS ( 'NONE', 1,
 ( #1682, #2956 ),
 .UNSPECIFIED., .F., .F.,
 ( 2, 2 ),
 ( -1.000000000000000000, 0.000000000000000000 ),
 .UNSPECIFIED. ) ;
#4154 = CARTESIAN_POINT ( 'NONE',  ( -1.349999999999998979, 6.400000000000006573, -14.27573593100000870 ) ) ;
#4155 = STYLED_ITEM ( 'NONE', ( #1052 ), #775 ) ;
#4156 = SURFACE_STYLE_USAGE ( .BOTH. , #3486 ) ;
ENDSEC;
END-ISO-10303-21;
